Region,,,,Experiment,Marker 1,,,Total,,
name,acronym,id,hemisphere,section,count,strength,channel Ex: 561.000000nm Em: 620.000000nm,count,strength,channel Ex: 561.000000nm Em: 620.000000nm
Outside,,0,left,all,161587,348.73,1214.89,161587,348.73,1214.89
Outside,,0,right,all,154773,298.234,1010.01,154773,298.234,1010.01
root,root,997,left,all,5312151,162.243,894.171,5312151,162.243,894.171
root,root,997,right,all,4585588,159.902,782.755,4585588,159.902,782.755
Basic cell groups and regions,grey,8,left,all,4581065,164.68,897.27,4581065,164.68,897.27
Basic cell groups and regions,grey,8,right,all,3989328,161.516,783.981,3989328,161.516,783.981
Cerebrum,CH,567,left,all,2654144,173.809,857.72,2654144,173.809,857.72
Cerebrum,CH,567,right,all,2271404,166.873,723.778,2271404,166.873,723.778
Cerebral cortex,CTX,688,left,all,2090786,181.111,844.621,2090786,181.111,844.621
Cerebral cortex,CTX,688,right,all,1802334,173.379,706.746,1802334,173.379,706.746
Cortical plate,CTXpl,695,left,all,2006992,181.417,848.827,2006992,181.417,848.827
Cortical plate,CTXpl,695,right,all,1715875,173.985,711.776,1715875,173.985,711.776
Isocortex,Isocortex,315,left,all,1238863,174.857,843.986,1238863,174.857,843.986
Isocortex,Isocortex,315,right,all,915112,170.387,716.515,915112,170.387,716.515
Frontal pole/ cerebral cortex,FRP,184,left,all,11055,174.928,734.083,11055,174.928,734.083
Frontal pole/ cerebral cortex,FRP,184,right,all,9633,164.68,696.039,9633,164.68,696.039
Frontal pole/ layer 1,FRP1,68,left,all,2666,208.129,819.014,2666,208.129,819.014
Frontal pole/ layer 1,FRP1,68,right,all,2389,187.101,798.642,2389,187.101,798.642
Frontal pole/ layer 2/3,FRP2/3,667,left,all,2463,154.167,711.266,2463,154.167,711.266
Frontal pole/ layer 2/3,FRP2/3,667,right,all,2372,142.721,658.556,2372,142.721,658.556
Frontal pole/ layer 5,FRP5,526157192,left,all,4530,175.051,719.511,4530,175.051,719.511
Frontal pole/ layer 5,FRP5,526157192,right,all,3815,172.886,683.595,3815,172.886,683.595
Frontal pole/ layer 6a,FRP6a,526157196,left,all,1387,147.646,659.071,1387,147.646,659.071
Frontal pole/ layer 6a,FRP6a,526157196,right,all,1048,133.912,593.659,1048,133.912,593.659
Frontal pole/ layer 6b,FRP6b,526322264,left,all,9,163.619,714.889,9,163.619,714.889
Frontal pole/ layer 6b,FRP6b,526322264,right,all,9,105.328,535.778,9,105.328,535.778
Somatomotor areas,MO,500,left,all,274026,168.19,800.02,274026,168.19,800.02
Somatomotor areas,MO,500,right,all,201727,171.236,716.558,201727,171.236,716.558
Primary motor area,MOp,985,left,all,138632,170.628,852.544,138632,170.628,852.544
Primary motor area,MOp,985,right,all,88729,169.04,718.793,88729,169.04,718.793
Primary motor area/ Layer 1,MOp1,320,left,all,8994,237.847,973.213,8994,237.847,973.213
Primary motor area/ Layer 1,MOp1,320,right,all,7838,273.644,966.062,7838,273.644,966.062
Primary motor area/ Layer 2/3,MOp2/3,943,left,all,42551,154.375,812.081,42551,154.375,812.081
Primary motor area/ Layer 2/3,MOp2/3,943,right,all,26620,144.566,661.584,26620,144.566,661.584
Primary motor area/ Layer 5,MOp5,648,left,all,43749,191.174,880.164,43749,191.174,880.164
Primary motor area/ Layer 5,MOp5,648,right,all,28260,182.751,730.663,28260,182.751,730.663
Primary motor area/ Layer 6a,MOp6a,844,left,all,39672,154.943,835.719,39672,154.943,835.719
Primary motor area/ Layer 6a,MOp6a,844,right,all,24462,149.893,690.252,24462,149.893,690.252
Primary motor area/ Layer 6b,MOp6b,882,left,all,3666,118.911,878.607,3666,118.911,878.607
Primary motor area/ Layer 6b,MOp6b,882,right,all,1549,112.564,684.917,1549,112.564,684.917
Secondary motor area,MOs,993,left,all,135394,165.693,746.241,135394,165.693,746.241
Secondary motor area,MOs,993,right,all,112998,172.961,714.804,112998,172.961,714.804
Secondary motor area/ layer 1,MOs1,656,left,all,15757,219.023,914.784,15757,219.023,914.784
Secondary motor area/ layer 1,MOs1,656,right,all,16560,265.845,988.723,16560,265.845,988.723
Secondary motor area/ layer 2/3,MOs2/3,962,left,all,39946,143.291,699.097,39946,143.291,699.097
Secondary motor area/ layer 2/3,MOs2/3,962,right,all,30585,138.042,640.686,30585,138.042,640.686
Secondary motor area/ layer 5,MOs5,767,left,all,51009,176.984,743.818,51009,176.984,743.818
Secondary motor area/ layer 5,MOs5,767,right,all,44362,175.393,687.797,44362,175.393,687.797
Secondary motor area/ layer 6a,MOs6a,1021,left,all,27798,148.523,723.108,27798,148.523,723.108
Secondary motor area/ layer 6a,MOs6a,1021,right,all,20831,146.71,663.777,20831,146.71,663.777
Secondary motor area/ layer 6b,MOs6b,1085,left,all,884,115.858,739.531,884,115.858,739.531
Secondary motor area/ layer 6b,MOs6b,1085,right,all,660,125.594,702.412,660,125.594,702.412
Somatosensory areas,SS,453,left,all,416918,173.907,928.454,416918,173.907,928.454
Somatosensory areas,SS,453,right,all,242089,180.238,766.322,242089,180.238,766.322
Primary somatosensory area,SSp,322,left,all,302133,168.847,933.93,302133,168.847,933.93
Primary somatosensory area,SSp,322,right,all,159642,178.159,780.599,159642,178.159,780.599
Primary somatosensory area/ nose,SSp-n,353,left,all,39476,151.888,893.185,39476,151.888,893.185
Primary somatosensory area/ nose,SSp-n,353,right,all,23808,190.099,823.589,23808,190.099,823.589
Primary somatosensory area/ nose/ layer 1,SSp-n1,558,left,all,4892,229.956,993.377,4892,229.956,993.377
Primary somatosensory area/ nose/ layer 1,SSp-n1,558,right,all,4447,302.918,1068.24,4447,302.918,1068.24
Primary somatosensory area/ nose/ layer 2/3,SSp-n2/3,838,left,all,8226,131.291,876.914,8226,131.291,876.914
Primary somatosensory area/ nose/ layer 2/3,SSp-n2/3,838,right,all,4384,146.463,764.653,4384,146.463,764.653
Primary somatosensory area/ nose/ layer 4,SSp-n4,654,left,all,8247,141.6,958.46,8247,141.6,958.46
Primary somatosensory area/ nose/ layer 4,SSp-n4,654,right,all,3876,160.154,834.835,3876,160.154,834.835
Primary somatosensory area/ nose/ layer 5,SSp-n5,702,left,all,7607,171.749,939.385,7607,171.749,939.385
Primary somatosensory area/ nose/ layer 5,SSp-n5,702,right,all,4350,206.64,827.376,4350,206.64,827.376
Primary somatosensory area/ nose/ layer 6a,SSp-n6a,889,left,all,9177,126.406,775.01,9177,126.406,775.01
Primary somatosensory area/ nose/ layer 6a,SSp-n6a,889,right,all,6381,151.277,695.793,6381,151.277,695.793
Primary somatosensory area/ nose/ layer 6b,SSp-n6b,929,left,all,1327,118.07,771.439,1327,118.07,771.439
Primary somatosensory area/ nose/ layer 6b,SSp-n6b,929,right,all,370,139.894,623.154,370,139.894,623.154
Primary somatosensory area/ barrel field,SSp-bfd,329,left,all,76558,162.707,948.471,76558,162.707,948.471
Primary somatosensory area/ barrel field,SSp-bfd,329,right,all,33825,172.457,747.418,33825,172.457,747.418
Primary somatosensory area/ barrel field/ layer 1,SSp-bfd1,981,left,all,5505,257.443,1069.07,5505,257.443,1069.07
Primary somatosensory area/ barrel field/ layer 1,SSp-bfd1,981,right,all,2374,271.763,976.15,2374,271.763,976.15
Primary somatosensory area/ barrel field/ layer 2/3,SSp-bfd2/3,201,left,all,15495,171.546,963.807,15495,171.546,963.807
Primary somatosensory area/ barrel field/ layer 2/3,SSp-bfd2/3,201,right,all,6704,186.93,780.409,6704,186.93,780.409
Primary somatosensory area/ barrel field/ layer 4,SSp-bfd4,1047,left,all,18593,132.832,968.579,18593,132.832,968.579
Primary somatosensory area/ barrel field/ layer 4,SSp-bfd4,1047,right,all,7357,172.622,757.203,7357,172.622,757.203
Primary somatosensory area/ barrel field/ layer 5,SSp-bfd5,1070,left,all,16724,175.958,969.399,16724,175.958,969.399
Primary somatosensory area/ barrel field/ layer 5,SSp-bfd5,1070,right,all,7448,148.073,697.588,7448,148.073,697.588
Primary somatosensory area/ barrel field/ layer 6a,SSp-bfd6a,1038,left,all,17651,146.141,868.209,17651,146.141,868.209
Primary somatosensory area/ barrel field/ layer 6a,SSp-bfd6a,1038,right,all,8895,155.927,699.143,8895,155.927,699.143
Primary somatosensory area/ barrel field/ layer 6b,SSp-bfd6b,1062,left,all,2590,150.266,867.905,2590,150.266,867.905
Primary somatosensory area/ barrel field/ layer 6b,SSp-bfd6b,1062,right,all,1047,167.342,713.383,1047,167.342,713.383
Primary somatosensory area/ lower limb,SSp-ll,337,left,all,18868,178.911,820.591,18868,178.911,820.591
Primary somatosensory area/ lower limb,SSp-ll,337,right,all,15928,180.775,754.342,15928,180.775,754.342
Primary somatosensory area/ lower limb/ layer 1,SSp-ll1,1030,left,all,22,238.812,1154.09,22,238.812,1154.09
Primary somatosensory area/ lower limb/ layer 1,SSp-ll1,1030,right,all,76,307.865,1212.41,76,307.865,1212.41
Primary somatosensory area/ lower limb/ layer 2/3,SSp-ll2/3,113,left,all,3264,202.509,923.161,3264,202.509,923.161
Primary somatosensory area/ lower limb/ layer 2/3,SSp-ll2/3,113,right,all,2733,220.222,957.579,2733,220.222,957.579
Primary somatosensory area/ lower limb/ layer 4,SSp-ll4,1094,left,all,3070,140.77,757.141,3070,140.77,757.141
Primary somatosensory area/ lower limb/ layer 4,SSp-ll4,1094,right,all,1815,142.831,697.412,1815,142.831,697.412
Primary somatosensory area/ lower limb/ layer 5,SSp-ll5,1128,left,all,6243,176.836,813.819,6243,176.836,813.819
Primary somatosensory area/ lower limb/ layer 5,SSp-ll5,1128,right,all,4581,177.903,717.54,4581,177.903,717.54
Primary somatosensory area/ lower limb/ layer 6a,SSp-ll6a,478,left,all,5822,191.443,811.979,5822,191.443,811.979
Primary somatosensory area/ lower limb/ layer 6a,SSp-ll6a,478,right,all,6134,179.302,714.305,6134,179.302,714.305
Primary somatosensory area/ lower limb/ layer 6b,SSp-ll6b,510,left,all,447,131.369,697.72,447,131.369,697.72
Primary somatosensory area/ lower limb/ layer 6b,SSp-ll6b,510,right,all,589,135.957,630.818,589,135.957,630.818
Primary somatosensory area/ mouth,SSp-m,345,left,all,96296,180.53,985.719,96296,180.53,985.719
Primary somatosensory area/ mouth,SSp-m,345,right,all,45549,180.845,798.639,45549,180.845,798.639
Primary somatosensory area/ mouth/ layer 1,SSp-m1,878,left,all,10042,349.355,1234.5,10042,349.355,1234.5
Primary somatosensory area/ mouth/ layer 1,SSp-m1,878,right,all,6960,312.936,1037.93,6960,312.936,1037.93
Primary somatosensory area/ mouth/ layer 2/3,SSp-m2/3,657,left,all,21141,151.085,954.031,21141,151.085,954.031
Primary somatosensory area/ mouth/ layer 2/3,SSp-m2/3,657,right,all,9684,138.389,732.302,9684,138.389,732.302
Primary somatosensory area/ mouth/ layer 4,SSp-m4,950,left,all,16697,171.829,1041.77,16697,171.829,1041.77
Primary somatosensory area/ mouth/ layer 4,SSp-m4,950,right,all,6721,161.023,809.286,6721,161.023,809.286
Primary somatosensory area/ mouth/ layer 5,SSp-m5,974,left,all,20128,191.122,1015.18,20128,191.122,1015.18
Primary somatosensory area/ mouth/ layer 5,SSp-m5,974,right,all,9420,190.213,817.426,9420,190.213,817.426
Primary somatosensory area/ mouth/ layer 6a,SSp-m6a,1102,left,all,26208,139.88,860.404,26208,139.88,860.404
Primary somatosensory area/ mouth/ layer 6a,SSp-m6a,1102,right,all,11865,144.677,700.788,11865,144.677,700.788
Primary somatosensory area/ mouth/ layer 6b,SSp-m6b,2,left,all,2080,144.265,950.711,2080,144.265,950.711
Primary somatosensory area/ mouth/ layer 6b,SSp-m6b,2,right,all,899,142.932,675.608,899,142.932,675.608
Primary somatosensory area/ upper limb,SSp-ul,369,left,all,48303,165.532,920.336,48303,165.532,920.336
Primary somatosensory area/ upper limb,SSp-ul,369,right,all,27374,172.974,788.346,27374,172.974,788.346
Primary somatosensory area/ upper limb/ layer 1,SSp-ul1,450,left,all,3194,282.998,1161.4,3194,282.998,1161.4
Primary somatosensory area/ upper limb/ layer 1,SSp-ul1,450,right,all,2422,263.4,1024.8,2422,263.4,1024.8
Primary somatosensory area/ upper limb/ layer 2/3,SSp-ul2/3,854,left,all,11557,152.349,904.915,11557,152.349,904.915
Primary somatosensory area/ upper limb/ layer 2/3,SSp-ul2/3,854,right,all,6028,157.654,778.178,6028,157.654,778.178
Primary somatosensory area/ upper limb/ layer 4,SSp-ul4,577,left,all,8321,149.473,970.985,8321,149.473,970.985
Primary somatosensory area/ upper limb/ layer 4,SSp-ul4,577,right,all,3509,142.062,764.753,3509,142.062,764.753
Primary somatosensory area/ upper limb/ layer 5,SSp-ul5,625,left,all,11194,194.359,971.399,11194,194.359,971.399
Primary somatosensory area/ upper limb/ layer 5,SSp-ul5,625,right,all,6577,204.036,834.139,6577,204.036,834.139
Primary somatosensory area/ upper limb/ layer 6a,SSp-ul6a,945,left,all,12386,138.615,805.998,12386,138.615,805.998
Primary somatosensory area/ upper limb/ layer 6a,SSp-ul6a,945,right,all,8033,149.359,708.364,8033,149.359,708.364
Primary somatosensory area/ upper limb/ layer 6b,SSp-ul6b,1026,left,all,1651,117.983,818.231,1651,117.983,818.231
Primary somatosensory area/ upper limb/ layer 6b,SSp-ul6b,1026,right,all,805,132.26,679.903,805,132.26,679.903
Primary somatosensory area/ trunk,SSp-tr,361,left,all,8705,181.822,844.84,8705,181.822,844.84
Primary somatosensory area/ trunk,SSp-tr,361,right,all,5065,167.991,713.7,5065,167.991,713.7
Primary somatosensory area/ trunk/ layer 1,SSp-tr1,1006,left,all,0,0,0,0,0,0
Primary somatosensory area/ trunk/ layer 1,SSp-tr1,1006,right,all,0,0,0,0,0,0
Primary somatosensory area/ trunk/ layer 2/3,SSp-tr2/3,670,left,all,236,326.316,1268.13,236,326.316,1268.13
Primary somatosensory area/ trunk/ layer 2/3,SSp-tr2/3,670,right,all,40,238.158,920.5,40,238.158,920.5
Primary somatosensory area/ trunk/ layer 4,SSp-tr4,1086,left,all,1144,225.54,990.903,1144,225.54,990.903
Primary somatosensory area/ trunk/ layer 4,SSp-tr4,1086,right,all,1223,215.538,912.519,1223,215.538,912.519
Primary somatosensory area/ trunk/ layer 5,SSp-tr5,1111,left,all,3674,155.57,778.05,3674,155.57,778.05
Primary somatosensory area/ trunk/ layer 5,SSp-tr5,1111,right,all,1555,133.446,640.456,1555,133.446,640.456
Primary somatosensory area/ trunk/ layer 6a,SSp-tr6a,9,left,all,3165,177.557,823.583,3165,177.557,823.583
Primary somatosensory area/ trunk/ layer 6a,SSp-tr6a,9,right,all,1865,156.299,638.506,1865,156.299,638.506
Primary somatosensory area/ trunk/ layer 6b,SSp-tr6b,461,left,all,486,234.982,938.821,486,234.982,938.821
Primary somatosensory area/ trunk/ layer 6b,SSp-tr6b,461,right,all,382,206.13,720.775,382,206.13,720.775
Primary somatosensory area/ unassigned,SSp-un,182305689,left,all,13927,159.651,867.781,13927,159.651,867.781
Primary somatosensory area/ unassigned,SSp-un,182305689,right,all,8093,170.507,758.624,8093,170.507,758.624
Primary somatosensory area/ unassigned/ layer 1,SSp-un1,182305693,left,all,1215,256.251,1033.33,1215,256.251,1033.33
Primary somatosensory area/ unassigned/ layer 1,SSp-un1,182305693,right,all,836,261.264,1029.17,836,261.264,1029.17
Primary somatosensory area/ unassigned/ layer 2/3,SSp-un2/3,182305697,left,all,3414,146.587,854.477,3414,146.587,854.477
Primary somatosensory area/ unassigned/ layer 2/3,SSp-un2/3,182305697,right,all,1806,162.325,771.481,1806,162.325,771.481
Primary somatosensory area/ unassigned/ layer 4,SSp-un4,182305701,left,all,2410,140.456,897.739,2410,140.456,897.739
Primary somatosensory area/ unassigned/ layer 4,SSp-un4,182305701,right,all,966,142.902,725.677,966,142.902,725.677
Primary somatosensory area/ unassigned/ layer 5,SSp-un5,182305705,left,all,3300,170.492,896.315,3300,170.492,896.315
Primary somatosensory area/ unassigned/ layer 5,SSp-un5,182305705,right,all,1938,182.133,755.483,1938,182.133,755.483
Primary somatosensory area/ unassigned/ layer 6a,SSp-un6a,182305709,left,all,3217,144.487,784.424,3217,144.487,784.424
Primary somatosensory area/ unassigned/ layer 6a,SSp-un6a,182305709,right,all,2362,149.06,679.438,2362,149.06,679.438
Primary somatosensory area/ unassigned/ layer 6b,SSp-un6b,182305713,left,all,371,123.276,722.412,371,123.276,722.412
Primary somatosensory area/ unassigned/ layer 6b,SSp-un6b,182305713,right,all,185,136.419,626.481,185,136.419,626.481
Supplemental somatosensory area,SSs,378,left,all,114785,187.226,914.039,114785,187.226,914.039
Supplemental somatosensory area,SSs,378,right,all,82447,184.264,738.678,82447,184.264,738.678
Supplemental somatosensory area/ layer 1,SSs1,873,left,all,14389,395.003,1226.58,14389,395.003,1226.58
Supplemental somatosensory area/ layer 1,SSs1,873,right,all,11952,252.297,907.711,11952,252.297,907.711
Supplemental somatosensory area/ layer 2/3,SSs2/3,806,left,all,25190,138.959,841.968,25190,138.959,841.968
Supplemental somatosensory area/ layer 2/3,SSs2/3,806,right,all,18298,156.342,714.332,18298,156.342,714.332
Supplemental somatosensory area/ layer 4,SSs4,1035,left,all,16029,153.548,933.026,16029,153.548,933.026
Supplemental somatosensory area/ layer 4,SSs4,1035,right,all,10624,176.908,752.92,10624,176.908,752.92
Supplemental somatosensory area/ layer 5,SSs5,1090,left,all,28249,186.32,917.475,28249,186.32,917.475
Supplemental somatosensory area/ layer 5,SSs5,1090,right,all,19630,198.221,740.638,19630,198.221,740.638
Supplemental somatosensory area/ layer 6a,SSs6a,862,left,all,27171,145.96,806.515,27171,145.96,806.515
Supplemental somatosensory area/ layer 6a,SSs6a,862,right,all,19700,160.581,659.171,19700,160.581,659.171
Supplemental somatosensory area/ layer 6b,SSs6b,893,left,all,3757,163.997,871.051,3757,163.997,871.051
Supplemental somatosensory area/ layer 6b,SSs6b,893,right,all,2243,170.238,650.271,2243,170.238,650.271
Gustatory areas,GU,1057,left,all,22143,191.999,817.026,22143,191.999,817.026
Gustatory areas,GU,1057,right,all,21855,172.516,663.964,21855,172.516,663.964
Gustatory areas/ layer 1,GU1,36,left,all,2058,399.688,1260.78,2058,399.688,1260.78
Gustatory areas/ layer 1,GU1,36,right,all,1786,243.861,869.185,1786,243.861,869.185
Gustatory areas/ layer 2/3,GU2/3,180,left,all,3959,142.47,716.143,3959,142.47,716.143
Gustatory areas/ layer 2/3,GU2/3,180,right,all,4079,141.71,641.53,4079,141.71,641.53
Gustatory areas/ layer 4,GU4,148,left,all,1650,154.367,726.496,1650,154.367,726.496
Gustatory areas/ layer 4,GU4,148,right,all,1935,170.589,674.188,1935,170.589,674.188
Gustatory areas/ layer 5,GU5,187,left,all,7313,177.081,769.225,7313,177.081,769.225
Gustatory areas/ layer 5,GU5,187,right,all,7194,175.364,647.324,7194,175.364,647.324
Gustatory areas/ layer 6a,GU6a,638,left,all,6611,186.968,815.131,6611,186.968,815.131
Gustatory areas/ layer 6a,GU6a,638,right,all,6255,173.207,636.073,6255,173.207,636.073
Gustatory areas/ layer 6b,GU6b,662,left,all,552,143.252,812.714,552,143.252,812.714
Gustatory areas/ layer 6b,GU6b,662,right,all,606,134.796,662.932,606,134.796,662.932
Visceral area,VISC,677,left,all,26671,227.499,836.751,26671,227.499,836.751
Visceral area,VISC,677,right,all,26579,157.575,635.566,26579,157.575,635.566
Visceral area/ layer 1,VISC1,897,left,all,3361,594.264,1516.3,3361,594.264,1516.3
Visceral area/ layer 1,VISC1,897,right,all,3155,190.253,760.284,3155,190.253,760.284
Visceral area/ layer 2/3,VISC2/3,1106,left,all,4908,143.393,681.799,4908,143.393,681.799
Visceral area/ layer 2/3,VISC2/3,1106,right,all,5508,127.794,617.75,5508,127.794,617.75
Visceral area/ layer 4,VISC4,1010,left,all,1946,135.613,673.618,1946,135.613,673.618
Visceral area/ layer 4,VISC4,1010,right,all,2581,157.582,674.473,2581,157.582,674.473
Visceral area/ layer 5,VISC5,1058,left,all,8088,201.045,767.897,8088,201.045,767.897
Visceral area/ layer 5,VISC5,1058,right,all,8367,172.98,624.696,8367,172.98,624.696
Visceral area/ layer 6a,VISC6a,857,left,all,7631,173.177,751.265,7631,173.177,751.265
Visceral area/ layer 6a,VISC6a,857,right,all,6459,146.627,589.756,6459,146.627,589.756
Visceral area/ layer 6b,VISC6b,849,left,all,737,210.395,841.142,737,210.395,841.142
Visceral area/ layer 6b,VISC6b,849,right,all,509,162.943,618.02,509,162.943,618.02
Auditory areas,AUD,247,left,all,71346,174.269,876.37,71346,174.269,876.37
Auditory areas,AUD,247,right,all,36091,213.8,793.572,36091,213.8,793.572
Dorsal auditory area,AUDd,1011,left,all,15328,173.595,928.573,15328,173.595,928.573
Dorsal auditory area,AUDd,1011,right,all,7060,205.815,788.616,7060,205.815,788.616
Dorsal auditory area/ layer 1,AUDd1,527,left,all,2217,296.12,1134.38,2217,296.12,1134.38
Dorsal auditory area/ layer 1,AUDd1,527,right,all,717,366.628,1053.92,717,366.628,1053.92
Dorsal auditory area/ layer 2/3,AUDd2/3,600,left,all,3553,131.989,863.492,3553,131.989,863.492
Dorsal auditory area/ layer 2/3,AUDd2/3,600,right,all,1608,249.356,882.126,1608,249.356,882.126
Dorsal auditory area/ layer 4,AUDd4,678,left,all,1673,146.756,933.4,1673,146.756,933.4
Dorsal auditory area/ layer 4,AUDd4,678,right,all,807,173.654,742.159,807,173.654,742.159
Dorsal auditory area/ layer 5,AUDd5,252,left,all,4219,175.417,928.895,4219,175.417,928.895
Dorsal auditory area/ layer 5,AUDd5,252,right,all,2314,150.067,693.526,2314,150.067,693.526
Dorsal auditory area/ layer 6a,AUDd6a,156,left,all,2694,145.059,830.268,2694,145.059,830.268
Dorsal auditory area/ layer 6a,AUDd6a,156,right,all,1355,186.684,738.263,1355,186.684,738.263
Dorsal auditory area/ layer 6b,AUDd6b,243,left,all,972,163.59,959.802,972,163.59,959.802
Dorsal auditory area/ layer 6b,AUDd6b,243,right,all,259,188.682,731.359,259,188.682,731.359
Primary auditory area,AUDp,1002,left,all,28487,174.843,895.223,28487,174.843,895.223
Primary auditory area,AUDp,1002,right,all,13043,217.436,819.606,13043,217.436,819.606
Primary auditory area/ layer 1,AUDp1,735,left,all,4236,306.017,1123.74,4236,306.017,1123.74
Primary auditory area/ layer 1,AUDp1,735,right,all,172,441.574,1179.9,172,441.574,1179.9
Primary auditory area/ layer 2/3,AUDp2/3,251,left,all,5579,131.21,826.358,5579,131.21,826.358
Primary auditory area/ layer 2/3,AUDp2/3,251,right,all,3389,364.486,1103.12,3389,364.486,1103.12
Primary auditory area/ layer 4,AUDp4,816,left,all,3302,146.742,922.21,3302,146.742,922.21
Primary auditory area/ layer 4,AUDp4,816,right,all,1399,125.443,659.089,1399,125.443,659.089
Primary auditory area/ layer 5,AUDp5,847,left,all,9182,171.19,879.979,9182,171.19,879.979
Primary auditory area/ layer 5,AUDp5,847,right,all,5601,157.02,721.742,5601,157.02,721.742
Primary auditory area/ layer 6a,AUDp6a,954,left,all,4572,143.285,785.061,4572,143.285,785.061
Primary auditory area/ layer 6a,AUDp6a,954,right,all,2108,192.294,728.139,2108,192.294,728.139
Primary auditory area/ layer 6b,AUDp6b,1005,left,all,1616,149.092,877.124,1616,149.092,877.124
Primary auditory area/ layer 6b,AUDp6b,1005,right,all,374,172.492,666.428,374,172.492,666.428
Posterior auditory area,AUDpo,1027,left,all,5819,151.878,768.115,5819,151.878,768.115
Posterior auditory area,AUDpo,1027,right,all,3151,213.52,806.197,3151,213.52,806.197
Posterior auditory area/ layer 1,AUDpo1,696,left,all,945,215.755,917.873,945,215.755,917.873
Posterior auditory area/ layer 1,AUDpo1,696,right,all,0,0,0,0,0,0
Posterior auditory area/ layer 2/3,AUDpo2/3,643,left,all,1320,119.344,724.311,1320,119.344,724.311
Posterior auditory area/ layer 2/3,AUDpo2/3,643,right,all,275,416.251,1244.89,275,416.251,1244.89
Posterior auditory area/ layer 4,AUDpo4,759,left,all,599,131.752,753.551,599,131.752,753.551
Posterior auditory area/ layer 4,AUDpo4,759,right,all,737,304.619,1012.68,737,304.619,1012.68
Posterior auditory area/ layer 5,AUDpo5,791,left,all,1923,162.771,771.959,1923,162.771,771.959
Posterior auditory area/ layer 5,AUDpo5,791,right,all,1201,125.244,637.787,1201,125.244,637.787
Posterior auditory area/ layer 6a,AUDpo6a,249,left,all,844,128.053,695.092,844,128.053,695.092
Posterior auditory area/ layer 6a,AUDpo6a,249,right,all,775,190.629,724.893,775,190.629,724.893
Posterior auditory area/ layer 6b,AUDpo6b,456,left,all,188,118.887,657.798,188,118.887,657.798
Posterior auditory area/ layer 6b,AUDpo6b,456,right,all,163,218.859,759.908,163,218.859,759.908
Ventral auditory area,AUDv,1018,left,all,21712,179.993,843.794,21712,179.993,843.794
Ventral auditory area,AUDv,1018,right,all,12837,214.565,766.747,12837,214.565,766.747
Ventral auditory area/ layer 1,AUDv1,959,left,all,2613,421.432,1301.59,2613,421.432,1301.59
Ventral auditory area/ layer 1,AUDv1,959,right,all,1405,449.639,1133.99,1405,449.639,1133.99
Ventral auditory area/ layer 2/3,AUDv2/3,755,left,all,3506,127.926,734.405,3506,127.926,734.405
Ventral auditory area/ layer 2/3,AUDv2/3,755,right,all,2852,268.292,879.971,2852,268.292,879.971
Ventral auditory area/ layer 4,AUDv4,990,left,all,2355,135.828,804.312,2355,135.828,804.312
Ventral auditory area/ layer 4,AUDv4,990,right,all,1407,122.484,637.577,1407,122.484,637.577
Ventral auditory area/ layer 5,AUDv5,1023,left,all,7864,162.217,800.559,7864,162.217,800.559
Ventral auditory area/ layer 5,AUDv5,1023,right,all,4698,167.049,692.476,4698,167.049,692.476
Ventral auditory area/ layer 6a,AUDv6a,520,left,all,4128,139.063,760.647,4128,139.063,760.647
Ventral auditory area/ layer 6a,AUDv6a,520,right,all,2081,162.553,645.683,2081,162.553,645.683
Ventral auditory area/ layer 6b,AUDv6b,598,left,all,1246,151.44,814.517,1246,151.44,814.517
Ventral auditory area/ layer 6b,AUDv6b,598,right,all,394,157.49,623.909,394,157.49,623.909
Visual areas,VIS,669,left,all,69397,177.313,851.308,69397,177.313,851.308
Visual areas,VIS,669,right,all,39464,187.453,756.782,39464,187.453,756.782
Anterolateral visual area,VISal,402,left,all,7043,172.145,866.32,7043,172.145,866.32
Anterolateral visual area,VISal,402,right,all,3029,203.174,847.48,3029,203.174,847.48
Anterolateral visual area/ layer 1,VISal1,1074,left,all,413,289.585,1123.53,413,289.585,1123.53
Anterolateral visual area/ layer 1,VISal1,1074,right,all,0,0,0,0,0,0
Anterolateral visual area/ layer 2/3,VISal2/3,905,left,all,1776,192.611,916.128,1776,192.611,916.128
Anterolateral visual area/ layer 2/3,VISal2/3,905,right,all,0,0,0,0,0,0
Anterolateral visual area/ layer 4,VISal4,1114,left,all,1039,125.041,798.239,1039,125.041,798.239
Anterolateral visual area/ layer 4,VISal4,1114,right,all,504,314.859,1107.39,504,314.859,1107.39
Anterolateral visual area/ layer 5,VISal5,233,left,all,2236,163.628,844.16,2236,163.628,844.16
Anterolateral visual area/ layer 5,VISal5,233,right,all,1547,196.698,841.13,1547,196.698,841.13
Anterolateral visual area/ layer 6a,VISal6a,601,left,all,1293,168.132,832.653,1293,168.132,832.653
Anterolateral visual area/ layer 6a,VISal6a,601,right,all,782,149.223,713.399,782,149.223,713.399
Anterolateral visual area/ layer 6b,VISal6b,649,left,all,286,131.31,758.392,286,131.31,758.392
Anterolateral visual area/ layer 6b,VISal6b,649,right,all,196,182.344,764.204,196,182.344,764.204
Anteromedial visual area,VISam,394,left,all,2487,179.894,892.975,2487,179.894,892.975
Anteromedial visual area,VISam,394,right,all,1878,185.567,810.878,1878,185.567,810.878
Anteromedial visual area/ layer 1,VISam1,281,left,all,0,0,0,0,0,0
Anteromedial visual area/ layer 1,VISam1,281,right,all,0,0,0,0,0,0
Anteromedial visual area/ layer 2/3,VISam2/3,1066,left,all,0,0,0,0,0,0
Anteromedial visual area/ layer 2/3,VISam2/3,1066,right,all,0,0,0,0,0,0
Anteromedial visual area/ layer 4,VISam4,401,left,all,0,0,0,0,0,0
Anteromedial visual area/ layer 4,VISam4,401,right,all,0,0,0,0,0,0
Anteromedial visual area/ layer 5,VISam5,433,left,all,548,290.832,1213.98,548,290.832,1213.98
Anteromedial visual area/ layer 5,VISam5,433,right,all,783,259.419,1037.32,783,259.419,1037.32
Anteromedial visual area/ layer 6a,VISam6a,1046,left,all,1541,151.409,809.763,1541,151.409,809.763
Anteromedial visual area/ layer 6a,VISam6a,1046,right,all,926,136.565,657.797,926,136.565,657.797
Anteromedial visual area/ layer 6b,VISam6b,441,left,all,398,137.438,773.173,398,137.438,773.173
Anteromedial visual area/ layer 6b,VISam6b,441,right,all,169,111.894,600.533,169,111.894,600.533
Lateral visual area,VISl,409,left,all,8920,168.976,811.407,8920,168.976,811.407
Lateral visual area,VISl,409,right,all,4738,181.77,754.281,4738,181.77,754.281
Lateral visual area/ layer 1,VISl1,421,left,all,587,313.085,1128.58,587,313.085,1128.58
Lateral visual area/ layer 1,VISl1,421,right,all,0,0,0,0,0,0
Lateral visual area/ layer 2/3,VISl2/3,973,left,all,2189,203.159,891.587,2189,203.159,891.587
Lateral visual area/ layer 2/3,VISl2/3,973,right,all,0,0,0,0,0,0
Lateral visual area/ layer 4,VISl4,573,left,all,1198,135.532,732.461,1198,135.532,732.461
Lateral visual area/ layer 4,VISl4,573,right,all,968,249.611,944.757,968,249.611,944.757
Lateral visual area/ layer 5,VISl5,613,left,all,2625,141.237,764.619,2625,141.237,764.619
Lateral visual area/ layer 5,VISl5,613,right,all,1875,181.531,766.511,1875,181.531,766.511
Lateral visual area/ layer 6a,VISl6a,74,left,all,1984,153.284,761.005,1984,153.284,761.005
Lateral visual area/ layer 6a,VISl6a,74,right,all,1503,142.818,635.273,1503,142.818,635.273
Lateral visual area/ layer 6b,VISl6b,121,left,all,337,123.256,679.947,337,123.256,679.947
Lateral visual area/ layer 6b,VISl6b,121,right,all,392,164.743,681.717,392,164.743,681.717
Primary visual area,VISp,385,left,all,24998,182.036,882.517,24998,182.036,882.517
Primary visual area,VISp,385,right,all,15596,186.734,785.371,15596,186.734,785.371
Primary visual area/ layer 1,VISp1,593,left,all,0,0,0,0,0,0
Primary visual area/ layer 1,VISp1,593,right,all,0,0,0,0,0,0
Primary visual area/ layer 2/3,VISp2/3,821,left,all,766,329.01,1184.52,766,329.01,1184.52
Primary visual area/ layer 2/3,VISp2/3,821,right,all,0,0,0,0,0,0
Primary visual area/ layer 4,VISp4,721,left,all,3124,246.888,1026.81,3124,246.888,1026.81
Primary visual area/ layer 4,VISp4,721,right,all,114,252.292,892.921,114,252.292,892.921
Primary visual area/ layer 5,VISp5,778,left,all,9589,191.832,919.751,9589,191.832,919.751
Primary visual area/ layer 5,VISp5,778,right,all,7157,226.679,915.926,7157,226.679,915.926
Primary visual area/ layer 6a,VISp6a,33,left,all,9925,146.113,793.059,9925,146.113,793.059
Primary visual area/ layer 6a,VISp6a,33,right,all,7006,151.727,674.238,7006,151.727,674.238
Primary visual area/ layer 6b,VISp6b,305,left,all,1594,149.043,787.61,1594,149.043,787.61
Primary visual area/ layer 6b,VISp6b,305,right,all,1319,150.264,657.972,1319,150.264,657.972
Posterolateral visual area,VISpl,425,left,all,7912,181.038,896.592,7912,181.038,896.592
Posterolateral visual area,VISpl,425,right,all,3700,189.039,701.652,3700,189.039,701.652
Posterolateral visual area/ layer 1,VISpl1,750,left,all,1583,288.853,1131.18,1583,288.853,1131.18
Posterolateral visual area/ layer 1,VISpl1,750,right,all,450,213.984,789.924,450,213.984,789.924
Posterolateral visual area/ layer 2/3,VISpl2/3,269,left,all,2015,190.642,907.893,2015,190.642,907.893
Posterolateral visual area/ layer 2/3,VISpl2/3,269,right,all,601,229.528,814.19,601,229.528,814.19
Posterolateral visual area/ layer 4,VISpl4,869,left,all,333,114.313,746.069,333,114.313,746.069
Posterolateral visual area/ layer 4,VISpl4,869,right,all,176,264.284,849.71,176,264.284,849.71
Posterolateral visual area/ layer 5,VISpl5,902,left,all,2590,134.913,818.718,2590,134.913,818.718
Posterolateral visual area/ layer 5,VISpl5,902,right,all,1645,186.638,689.567,1645,186.638,689.567
Posterolateral visual area/ layer 6a,VISpl6a,377,left,all,1323,146.371,797.945,1323,146.371,797.945
Posterolateral visual area/ layer 6a,VISpl6a,377,right,all,742,132.138,565.042,742,132.138,565.042
Posterolateral visual area/ layer 6b,VISpl6b,393,left,all,68,144.574,723.176,68,144.574,723.176
Posterolateral visual area/ layer 6b,VISpl6b,393,right,all,86,158.432,560.14,86,158.432,560.14
posteromedial visual area,VISpm,533,left,all,1877,193.086,887.273,1877,193.086,887.273
posteromedial visual area,VISpm,533,right,all,2327,169.736,769.367,2327,169.736,769.367
posteromedial visual area/ layer 1,VISpm1,805,left,all,0,0,0,0,0,0
posteromedial visual area/ layer 1,VISpm1,805,right,all,0,0,0,0,0,0
posteromedial visual area/ layer 2/3,VISpm2/3,41,left,all,0,0,0,0,0,0
posteromedial visual area/ layer 2/3,VISpm2/3,41,right,all,0,0,0,0,0,0
posteromedial visual area/ layer 4,VISpm4,501,left,all,0,0,0,0,0,0
posteromedial visual area/ layer 4,VISpm4,501,right,all,0,0,0,0,0,0
posteromedial visual area/ layer 5,VISpm5,565,left,all,288,296.062,1183.52,288,296.062,1183.52
posteromedial visual area/ layer 5,VISpm5,565,right,all,387,239.044,1033.86,387,239.044,1033.86
posteromedial visual area/ layer 6a,VISpm6a,257,left,all,1227,188.841,861.002,1227,188.841,861.002
posteromedial visual area/ layer 6a,VISpm6a,257,right,all,1504,161.242,735.242,1504,161.242,735.242
posteromedial visual area/ layer 6b,VISpm6b,469,left,all,362,125.545,740.624,362,125.545,740.624
posteromedial visual area/ layer 6b,VISpm6b,469,right,all,436,137.517,652.314,436,137.517,652.314
Laterointermediate area,VISli,312782574,left,all,4060,170.628,783.016,4060,170.628,783.016
Laterointermediate area,VISli,312782574,right,all,2365,193.234,735.773,2365,193.234,735.773
Laterointermediate area/ layer 1,VISli1,312782578,left,all,724,325.441,1134.51,724,325.441,1134.51
Laterointermediate area/ layer 1,VISli1,312782578,right,all,0,0,0,0,0,0
Laterointermediate area/ layer 2/3,VISli2/3,312782582,left,all,793,127.004,692.066,793,127.004,692.066
Laterointermediate area/ layer 2/3,VISli2/3,312782582,right,all,0,0,0,0,0,0
Laterointermediate area/ layer 4,VISli4,312782586,left,all,360,123.228,715.219,360,123.228,715.219
Laterointermediate area/ layer 4,VISli4,312782586,right,all,704,298.754,990.668,704,298.754,990.668
Laterointermediate area/ layer 5,VISli5,312782590,left,all,1457,151.813,737.559,1457,151.813,737.559
Laterointermediate area/ layer 5,VISli5,312782590,right,all,657,126.447,597.734,657,126.447,597.734
Laterointermediate area/ layer 6a,VISli6a,312782594,left,all,589,129.074,662.66,589,129.074,662.66
Laterointermediate area/ layer 6a,VISli6a,312782594,right,all,810,156.761,639.295,810,156.761,639.295
Laterointermediate area/ layer 6b,VISli6b,312782598,left,all,137,108.299,630.971,137,108.299,630.971
Laterointermediate area/ layer 6b,VISli6b,312782598,right,all,194,188.774,681.103,194,188.774,681.103
Postrhinal area,VISpor,312782628,left,all,12100,173.54,786.67,12100,173.54,786.67
Postrhinal area,VISpor,312782628,right,all,5831,190.152,656.295,5831,190.152,656.295
Postrhinal area/ layer 1,VISpor1,312782632,left,all,2554,327.765,1145.45,2554,327.765,1145.45
Postrhinal area/ layer 1,VISpor1,312782632,right,all,96,302.919,883.604,96,302.919,883.604
Postrhinal area/ layer 2/3,VISpor2/3,312782636,left,all,3090,119.259,683.918,3090,119.259,683.918
Postrhinal area/ layer 2/3,VISpor2/3,312782636,right,all,1542,282.542,851.824,1542,282.542,851.824
Postrhinal area/ layer 4,VISpor4,312782640,left,all,427,116.098,696.513,427,116.098,696.513
Postrhinal area/ layer 4,VISpor4,312782640,right,all,648,248.515,852.383,648,248.515,852.383
Postrhinal area/ layer 5,VISpor5,312782644,left,all,4069,146.484,715.436,4069,146.484,715.436
Postrhinal area/ layer 5,VISpor5,312782644,right,all,1505,123.057,503.621,1505,123.057,503.621
Postrhinal area/ layer 6a,VISpor6a,312782648,left,all,1587,127.586,649.511,1587,127.586,649.511
Postrhinal area/ layer 6a,VISpor6a,312782648,right,all,1733,143.331,546.241,1733,143.331,546.241
Postrhinal area/ layer 6b,VISpor6b,312782652,left,all,373,123.634,645.088,373,123.634,645.088
Postrhinal area/ layer 6b,VISpor6b,312782652,right,all,307,160.859,558.922,307,160.859,558.922
Anterior cingulate area,ACA,31,left,all,60914,152.969,770.985,60914,152.969,770.985
Anterior cingulate area,ACA,31,right,all,60353,144.354,740.73,60353,144.354,740.73
Anterior cingulate area/ dorsal part,ACAd,39,left,all,33761,150.114,735.954,33761,150.114,735.954
Anterior cingulate area/ dorsal part,ACAd,39,right,all,32486,151.33,714.117,32486,151.33,714.117
Anterior cingulate area/ dorsal part/ layer 1,ACAd1,935,left,all,4113,158.133,662.877,4113,158.133,662.877
Anterior cingulate area/ dorsal part/ layer 1,ACAd1,935,right,all,3167,171.802,696.139,3167,171.802,696.139
Anterior cingulate area/ dorsal part/ layer 2/3,ACAd2/3,211,left,all,6010,133.657,724.52,6010,133.657,724.52
Anterior cingulate area/ dorsal part/ layer 2/3,ACAd2/3,211,right,all,7717,138.52,704.976,7717,138.52,704.976
Anterior cingulate area/ dorsal part/ layer 5,ACAd5,1015,left,all,14979,161.388,758.855,14979,161.388,758.855
Anterior cingulate area/ dorsal part/ layer 5,ACAd5,1015,right,all,13059,160.037,733.665,13059,160.037,733.665
Anterior cingulate area/ dorsal part/ layer 6a,ACAd6a,919,left,all,8313,138.555,737.021,8313,138.555,737.021
Anterior cingulate area/ dorsal part/ layer 6a,ACAd6a,919,right,all,8220,142.601,698.658,8220,142.601,698.658
Anterior cingulate area/ dorsal part/ layer 6b,ACAd6b,927,left,all,346,130.309,786.197,346,130.309,786.197
Anterior cingulate area/ dorsal part/ layer 6b,ACAd6b,927,right,all,323,126.817,711.892,323,126.817,711.892
Anterior cingulate area/ ventral part,ACAv,48,left,all,27153,156.518,814.541,27153,156.518,814.541
Anterior cingulate area/ ventral part,ACAv,48,right,all,27867,136.222,771.754,27867,136.222,771.754
Anterior cingulate area/ ventral part/ layer 1,ACAv1,588,left,all,3135,318.962,908.556,3135,318.962,908.556
Anterior cingulate area/ ventral part/ layer 1,ACAv1,588,right,all,3272,146.211,700.431,3272,146.211,700.431
Anterior cingulate area/ ventral part/ layer 2/3,ACAv2/3,296,left,all,4082,126.157,775.273,4082,126.157,775.273
Anterior cingulate area/ ventral part/ layer 2/3,ACAv2/3,296,right,all,6511,126.374,771.81,6511,126.374,771.81
Anterior cingulate area/ ventral part/ layer 5,ACAv5,772,left,all,13763,137.453,807.299,13763,137.453,807.299
Anterior cingulate area/ ventral part/ layer 5,ACAv5,772,right,all,11970,141.565,795.536,11970,141.565,795.536
Anterior cingulate area/ ventral part/ 6a,ACAv6a,810,left,all,5051,137.996,800.854,5051,137.996,800.854
Anterior cingulate area/ ventral part/ 6a,ACAv6a,810,right,all,5044,131.344,756.501,5044,131.344,756.501
Anterior cingulate area/ ventral part/ 6b,ACAv6b,819,left,all,1122,130.326,845.173,1122,130.326,845.173
Anterior cingulate area/ ventral part/ 6b,ACAv6b,819,right,all,1070,128.815,795.359,1070,128.815,795.359
Prelimbic area,PL,972,left,all,20742,143.02,645.772,20742,143.02,645.772
Prelimbic area,PL,972,right,all,20083,129.023,622.853,20083,129.023,622.853
Prelimbic area/ layer 1,PL1,171,left,all,3896,172.862,633.874,3896,172.862,633.874
Prelimbic area/ layer 1,PL1,171,right,all,2430,169.572,705.165,2430,169.572,705.165
Prelimbic area/ layer 2/3,PL2/3,304,left,all,2197,117.308,605.094,2197,117.308,605.094
Prelimbic area/ layer 2/3,PL2/3,304,right,all,3927,116.395,603.67,3927,116.395,603.67
Prelimbic area/ layer 5,PL5,363,left,all,8752,137.775,638.868,8752,137.775,638.868
Prelimbic area/ layer 5,PL5,363,right,all,9041,129.916,618.844,9041,129.916,618.844
Prelimbic area/ layer 6a,PL6a,84,left,all,5739,140.481,676.892,5739,140.481,676.892
Prelimbic area/ layer 6a,PL6a,84,right,all,4490,117.259,601.801,4490,117.259,601.801
Prelimbic area/ layer 6b,PL6b,132,left,all,158,147.405,756.816,158,147.405,756.816
Prelimbic area/ layer 6b,PL6b,132,right,all,195,107.558,654.046,195,107.558,654.046
Infralimbic area,ILA,44,left,all,5561,138.629,690.539,5561,138.629,690.539
Infralimbic area,ILA,44,right,all,5913,116.261,642.044,5913,116.261,642.044
Infralimbic area/ layer 1,ILA1,707,left,all,665,192.628,746.173,665,192.628,746.173
Infralimbic area/ layer 1,ILA1,707,right,all,427,112.936,603.511,427,112.936,603.511
Infralimbic area/ layer 2/3,ILA2/3,556,left,all,397,135.657,644.874,397,135.657,644.874
Infralimbic area/ layer 2/3,ILA2/3,556,right,all,821,111.763,621.037,821,111.763,621.037
Infralimbic area/ layer 5,ILA5,827,left,all,2041,115.317,637.256,2041,115.317,637.256
Infralimbic area/ layer 5,ILA5,827,right,all,2777,117.241,647.613,2777,117.241,647.613
Infralimbic area/ layer 6a,ILA6a,1054,left,all,2261,142.405,723.015,2261,142.405,723.015
Infralimbic area/ layer 6a,ILA6a,1054,right,all,1845,117.665,652.724,1845,117.665,652.724
Infralimbic area/ layer 6b,ILA6b,1081,left,all,197,160.509,774.076,197,160.509,774.076
Infralimbic area/ layer 6b,ILA6b,1081,right,all,43,111.517,607.93,43,111.517,607.93
Orbital area,ORB,714,left,all,55997,147.9,693.391,55997,147.9,693.391
Orbital area,ORB,714,right,all,48225,130.354,654.797,48225,130.354,654.797
Orbital area/ lateral part,ORBl,723,left,all,28222,156.412,736.487,28222,156.412,736.487
Orbital area/ lateral part,ORBl,723,right,all,21274,133.581,660.207,21274,133.581,660.207
Orbital area/ lateral part/ layer 1,ORBl1,448,left,all,2840,142.955,637.504,2840,142.955,637.504
Orbital area/ lateral part/ layer 1,ORBl1,448,right,all,1807,173.524,709.675,1807,173.524,709.675
Orbital area/ lateral part/ layer 2/3,ORBl2/3,412,left,all,4749,146.181,683.74,4749,146.181,683.74
Orbital area/ lateral part/ layer 2/3,ORBl2/3,412,right,all,4640,130.542,672.603,4640,130.542,672.603
Orbital area/ lateral part/ layer 5,ORBl5,630,left,all,13542,162.167,767.335,13542,162.167,767.335
Orbital area/ lateral part/ layer 5,ORBl5,630,right,all,10491,136.783,669.882,10491,136.783,669.882
Orbital area/ lateral part/ layer 6a,ORBl6a,440,left,all,6458,159.775,752.242,6458,159.775,752.242
Orbital area/ lateral part/ layer 6a,ORBl6a,440,right,all,3990,113.95,602.405,3990,113.95,602.405
Orbital area/ lateral part/ layer 6b,ORBl6b,488,left,all,633,136.128,755.629,633,136.128,755.629
Orbital area/ lateral part/ layer 6b,ORBl6b,488,right,all,346,94.9865,608.818,346,94.9865,608.818
Orbital area/ medial part,ORBm,731,left,all,10682,133.774,614.829,10682,133.774,614.829
Orbital area/ medial part,ORBm,731,right,all,11458,125.469,643.737,11458,125.469,643.737
Orbital area/ medial part/ layer 1,ORBm1,484,left,all,2807,158.174,599.803,2807,158.174,599.803
Orbital area/ medial part/ layer 1,ORBm1,484,right,all,2356,123.745,625.4,2356,123.745,625.4
Orbital area/ medial part/ layer 2/3,ORBm2/3,582,left,all,2254,114.436,587.084,2254,114.436,587.084
Orbital area/ medial part/ layer 2/3,ORBm2/3,582,right,all,3172,122.567,655.066,3172,122.567,655.066
Orbital area/ medial part/ layer 5,ORBm5,620,left,all,3732,127.857,626.178,3732,127.857,626.178
Orbital area/ medial part/ layer 5,ORBm5,620,right,all,4535,132.969,663.814,4535,132.969,663.814
Orbital area/ medial part/ layer 6a,ORBm6a,910,left,all,1869,131.869,646.919,1869,131.869,646.919
Orbital area/ medial part/ layer 6a,ORBm6a,910,right,all,1381,110.602,583.797,1381,110.602,583.797
Orbital area/ medial part/ layer 6b,ORBm6b,527696977,left,all,20,170.616,733.85,20,170.616,733.85
Orbital area/ medial part/ layer 6b,ORBm6b,527696977,right,all,14,110.48,571.857,14,110.48,571.857
Orbital area/ ventrolateral part,ORBvl,746,left,all,17093,142.674,671.331,17093,142.674,671.331
Orbital area/ ventrolateral part,ORBvl,746,right,all,15493,129.537,655.548,15493,129.537,655.548
Orbital area/ ventrolateral part/ layer 1,ORBvl1,969,left,all,2362,129.043,609.803,2362,129.043,609.803
Orbital area/ ventrolateral part/ layer 1,ORBvl1,969,right,all,2527,124.336,646.486,2527,124.336,646.486
Orbital area/ ventrolateral part/ layer 2/3,ORBvl2/3,288,left,all,4440,138.418,652.02,4440,138.418,652.02
Orbital area/ ventrolateral part/ layer 2/3,ORBvl2/3,288,right,all,4551,128.445,664.779,4551,128.445,664.779
Orbital area/ ventrolateral part/ layer 5,ORBvl5,1125,left,all,7104,149.802,692.968,7104,149.802,692.968
Orbital area/ ventrolateral part/ layer 5,ORBvl5,1125,right,all,6553,137.73,669.749,6553,137.73,669.749
Orbital area/ ventrolateral part/ layer 6a,ORBvl6a,608,left,all,3091,142.783,693.812,3091,142.783,693.812
Orbital area/ ventrolateral part/ layer 6a,ORBvl6a,608,right,all,1807,110.907,595.889,1807,110.907,595.889
Orbital area/ ventrolateral part/ layer 6b,ORBvl6b,680,left,all,96,143.933,753.375,96,143.933,753.375
Orbital area/ ventrolateral part/ layer 6b,ORBvl6b,680,right,all,55,94.7943,576.091,55,94.7943,576.091
Agranular insular area,AI,95,left,all,84782,222.291,844.58,84782,222.291,844.58
Agranular insular area,AI,95,right,all,76697,160.08,610.599,76697,160.08,610.599
Agranular insular area/ dorsal part,AId,104,left,all,44091,201.746,820.567,44091,201.746,820.567
Agranular insular area/ dorsal part,AId,104,right,all,31086,156.811,613.654,31086,156.811,613.654
Agranular insular area/ dorsal part/ layer 1,AId1,996,left,all,4734,408.129,1304.57,4734,408.129,1304.57
Agranular insular area/ dorsal part/ layer 1,AId1,996,right,all,3174,264.353,884.39,3174,264.353,884.39
Agranular insular area/ dorsal part/ layer 2/3,AId2/3,328,left,all,8968,150.945,714.592,8968,150.945,714.592
Agranular insular area/ dorsal part/ layer 2/3,AId2/3,328,right,all,8103,130.861,571.356,8103,130.861,571.356
Agranular insular area/ dorsal part/ layer 5,AId5,1101,left,all,18437,187.72,761.302,18437,187.72,761.302
Agranular insular area/ dorsal part/ layer 5,AId5,1101,right,all,14114,159.891,594.448,14114,159.891,594.448
Agranular insular area/ dorsal part/ layer 6a,AId6a,783,left,all,11256,181.335,796.802,11256,181.335,796.802
Agranular insular area/ dorsal part/ layer 6a,AId6a,783,right,all,5231,127.772,565.913,5231,127.772,565.913
Agranular insular area/ dorsal part/ layer 6b,AId6b,831,left,all,696,154.239,848.283,696,154.239,848.283
Agranular insular area/ dorsal part/ layer 6b,AId6b,831,right,all,464,108.024,622.769,464,108.024,622.769
Agranular insular area/ posterior part,AIp,111,left,all,24821,263.409,878.132,24821,263.409,878.132
Agranular insular area/ posterior part,AIp,111,right,all,33596,158.56,590.508,33596,158.56,590.508
Agranular insular area/ posterior part/ layer 1,AIp1,120,left,all,3808,645.807,1731.45,3808,645.807,1731.45
Agranular insular area/ posterior part/ layer 1,AIp1,120,right,all,3784,218.435,807.476,3784,218.435,807.476
Agranular insular area/ posterior part/ layer 2/3,AIp2/3,163,left,all,8449,181.46,700.207,8449,181.46,700.207
Agranular insular area/ posterior part/ layer 2/3,AIp2/3,163,right,all,11054,136.047,543.86,11054,136.047,543.86
Agranular insular area/ posterior part/ layer 5,AIp5,344,left,all,7106,218.652,738.67,7106,218.652,738.67
Agranular insular area/ posterior part/ layer 5,AIp5,344,right,all,12028,164.548,576.708,12028,164.548,576.708
Agranular insular area/ posterior part/ layer 6a,AIp6a,314,left,all,5123,181.362,734.062,5123,181.362,734.062
Agranular insular area/ posterior part/ layer 6a,AIp6a,314,right,all,6604,151.875,569.64,6604,151.875,569.64
Agranular insular area/ posterior part/ layer 6b,AIp6b,355,left,all,335,187.528,827.158,335,187.528,827.158
Agranular insular area/ posterior part/ layer 6b,AIp6b,355,right,all,126,114.086,578.262,126,114.086,578.262
Agranular insular area/ ventral part,AIv,119,left,all,15870,215.063,858.82,15870,215.063,858.82
Agranular insular area/ ventral part,AIv,119,right,all,12015,172.791,658.869,12015,172.791,658.869
Agranular insular area/ ventral part/ layer 1,AIv1,704,left,all,2389,392.264,1289.11,2389,392.264,1289.11
Agranular insular area/ ventral part/ layer 1,AIv1,704,right,all,2180,348.217,1012.36,2180,348.217,1012.36
Agranular insular area/ ventral part/ layer 2/3,AIv2/3,694,left,all,4866,185.098,784.57,4866,185.098,784.57
Agranular insular area/ ventral part/ layer 2/3,AIv2/3,694,right,all,3505,134.807,568.1,3505,134.807,568.1
Agranular insular area/ ventral part/ layer 5,AIv5,800,left,all,6656,181.426,771.489,6656,181.426,771.489
Agranular insular area/ ventral part/ layer 5,AIv5,800,right,all,5047,136.045,585.536,5047,136.045,585.536
Agranular insular area/ ventral part/ layer 6a,AIv6a,675,left,all,1925,187.72,815.356,1925,187.72,815.356
Agranular insular area/ ventral part/ layer 6a,AIv6a,675,right,all,1259,123.25,594.809,1259,123.25,594.809
Agranular insular area/ ventral part/ layer 6b,AIv6b,699,left,all,34,185.594,808.5,34,185.594,808.5
Agranular insular area/ ventral part/ layer 6b,AIv6b,699,right,all,24,111.644,587.958,24,111.644,587.958
Retrosplenial area,RSP,254,left,all,47158,171.826,827.512,47158,171.826,827.512
Retrosplenial area,RSP,254,right,all,54677,172.297,781.661,54677,172.297,781.661
Retrosplenial area/ lateral agranular part,RSPagl,894,left,all,4775,169.712,825.157,4775,169.712,825.157
Retrosplenial area/ lateral agranular part,RSPagl,894,right,all,4557,176.044,755.425,4557,176.044,755.425
Retrosplenial area/ lateral agranular part/ layer 1,RSPagl1,671,left,all,167,305.493,1078.8,167,305.493,1078.8
Retrosplenial area/ lateral agranular part/ layer 1,RSPagl1,671,right,all,165,261.042,878.745,165,261.042,878.745
Retrosplenial area/ lateral agranular part/ layer 2/3,RSPagl2/3,965,left,all,379,251.02,1013.52,379,251.02,1013.52
Retrosplenial area/ lateral agranular part/ layer 2/3,RSPagl2/3,965,right,all,288,250.253,881.191,288,250.253,881.191
Retrosplenial area/ lateral agranular part/ layer 5,RSPagl5,774,left,all,717,184.201,882.258,717,184.201,882.258
Retrosplenial area/ lateral agranular part/ layer 5,RSPagl5,774,right,all,1271,176.029,805.578,1271,176.029,805.578
Retrosplenial area/ lateral agranular part/ layer 6a,RSPagl6a,906,left,all,3063,152.356,777.294,3063,152.356,777.294
Retrosplenial area/ lateral agranular part/ layer 6a,RSPagl6a,906,right,all,2476,162.606,714.119,2476,162.606,714.119
Retrosplenial area/ lateral agranular part/ layer 6b,RSPagl6b,279,left,all,449,145.833,807.151,449,145.833,807.151
Retrosplenial area/ lateral agranular part/ layer 6b,RSPagl6b,279,right,all,357,170.147,704.888,357,170.147,704.888
Retrosplenial area/ dorsal part,RSPd,879,left,all,7775,153.847,795.512,7775,153.847,795.512
Retrosplenial area/ dorsal part,RSPd,879,right,all,7496,159.818,743.098,7496,159.818,743.098
Retrosplenial area/ dorsal part/ layer 1,RSPd1,442,left,all,1001,153.107,808.182,1001,153.107,808.182
Retrosplenial area/ dorsal part/ layer 1,RSPd1,442,right,all,758,163.688,671.661,758,163.688,671.661
Retrosplenial area/ dorsal part/ layer 2/3,RSPd2/3,434,left,all,864,151.57,789.253,864,151.57,789.253
Retrosplenial area/ dorsal part/ layer 2/3,RSPd2/3,434,right,all,647,175.145,712.065,647,175.145,712.065
Retrosplenial area/ dorsal part/ layer 4,RSPd4,545,left,all,0,0,0,0,0,0
Retrosplenial area/ dorsal part/ layer 4,RSPd4,545,right,all,0,0,0,0,0,0
Retrosplenial area/ dorsal part/ layer 5,RSPd5,610,left,all,1685,152.147,773.526,1685,152.147,773.526
Retrosplenial area/ dorsal part/ layer 5,RSPd5,610,right,all,1956,159.905,745.619,1956,159.905,745.619
Retrosplenial area/ dorsal part/ layer 6a,RSPd6a,274,left,all,3850,154.694,797.012,3850,154.694,797.012
Retrosplenial area/ dorsal part/ layer 6a,RSPd6a,274,right,all,3818,157.275,761.414,3818,157.275,761.414
Retrosplenial area/ dorsal part/ layer 6b,RSPd6b,330,left,all,375,160.014,859.493,375,160.014,859.493
Retrosplenial area/ dorsal part/ layer 6b,RSPd6b,330,right,all,317,149.374,741.11,317,149.374,741.11
Retrosplenial area/ ventral part,RSPv,886,left,all,34608,176.157,835.026,34608,176.157,835.026
Retrosplenial area/ ventral part,RSPv,886,right,all,42624,174.091,791.248,42624,174.091,791.248
Retrosplenial area/ ventral part/ layer 1,RSPv1,542,left,all,6468,265.29,879.352,6468,265.29,879.352
Retrosplenial area/ ventral part/ layer 1,RSPv1,542,right,all,7778,172.681,744.734,7778,172.681,744.734
Retrosplenial area/ ventral part/ layer 2/3,RSPv2/3,430,left,all,6104,146.411,791.116,6104,146.411,791.116
Retrosplenial area/ ventral part/ layer 2/3,RSPv2/3,430,right,all,8026,170.416,800.382,8026,170.416,800.382
Retrosplenial area/ ventral part/ layer 5,RSPv5,687,left,all,14514,158.666,840.573,14514,158.666,840.573
Retrosplenial area/ ventral part/ layer 5,RSPv5,687,right,all,18944,180.565,814.274,18944,180.565,814.274
Retrosplenial area/ ventral part/ layer 6a,RSPv6a,590,left,all,6886,156.491,821.32,6886,156.491,821.32
Retrosplenial area/ ventral part/ layer 6a,RSPv6a,590,right,all,7299,163.388,771.009,7299,163.388,771.009
Retrosplenial area/ ventral part/ layer 6b,RSPv6b,622,left,all,636,167.225,827.481,636,167.225,827.481
Retrosplenial area/ ventral part/ layer 6b,RSPv6b,622,right,all,577,167.042,791.262,577,167.042,791.262
Posterior parietal association areas,PTLp,22,left,all,15291,186.228,957.362,15291,186.228,957.362
Posterior parietal association areas,PTLp,22,right,all,7184,190.523,817.91,7184,190.523,817.91
Anterior area,VISa,312782546,left,all,7206,179.483,906.553,7206,179.483,906.553
Anterior area,VISa,312782546,right,all,3700,184.456,796.571,3700,184.456,796.571
Anterior area/ layer 1,VISa1,312782550,left,all,0,0,0,0,0,0
Anterior area/ layer 1,VISa1,312782550,right,all,0,0,0,0,0,0
Anterior area/ layer 2/3,VISa2/3,312782554,left,all,0,0,0,0,0,0
Anterior area/ layer 2/3,VISa2/3,312782554,right,all,0,0,0,0,0,0
Anterior area/ layer 4,VISa4,312782558,left,all,385,344.768,1375.96,385,344.768,1375.96
Anterior area/ layer 4,VISa4,312782558,right,all,118,245.623,935.059,118,245.623,935.059
Anterior area/ layer 5,VISa5,312782562,left,all,3192,210.082,994.748,3192,210.082,994.748
Anterior area/ layer 5,VISa5,312782562,right,all,2182,223.612,921.857,2182,223.612,921.857
Anterior area/ layer 6a,VISa6a,312782566,left,all,3089,132.167,773.472,3089,132.167,773.472
Anterior area/ layer 6a,VISa6a,312782566,right,all,1151,116.126,584.923,1151,116.126,584.923
Anterior area/ layer 6b,VISa6b,312782570,left,all,540,151.435,811.819,540,151.435,811.819
Anterior area/ layer 6b,VISa6b,312782570,right,all,249,128.206,611.39,249,128.206,611.39
Rostrolateral visual area,VISrl,417,left,all,8085,192.239,1002.65,8085,192.239,1002.65
Rostrolateral visual area,VISrl,417,right,all,3484,196.966,840.572,3484,196.966,840.572
Rostrolateral area/ layer 1,VISrl1,312782604,left,all,0,0,0,0,0,0
Rostrolateral area/ layer 1,VISrl1,312782604,right,all,0,0,0,0,0,0
Rostrolateral area/ layer 2/3,VISrl2/3,312782608,left,all,479,299.124,1254.8,479,299.124,1254.8
Rostrolateral area/ layer 2/3,VISrl2/3,312782608,right,all,0,0,0,0,0,0
Rostrolateral area/ layer 4,VISrl4,312782612,left,all,1780,258.867,1185.14,1780,258.867,1185.14
Rostrolateral area/ layer 4,VISrl4,312782612,right,all,278,296.846,1072.65,278,296.846,1072.65
Rostrolateral area/ layer 5,VISrl5,312782616,left,all,3245,148.35,905.273,3245,148.35,905.273
Rostrolateral area/ layer 5,VISrl5,312782616,right,all,1957,220.487,897.577,1957,220.487,897.577
Rostrolateral area/ layer 6a,VISrl6a,312782620,left,all,2196,178.707,951.553,2196,178.707,951.553
Rostrolateral area/ layer 6a,VISrl6a,312782620,right,all,1014,135.844,695.912,1014,135.844,695.912
Rostrolateral area/ layer 6b,VISrl6b,312782624,left,all,385,198.317,957.364,385,198.317,957.364
Rostrolateral area/ layer 6b,VISrl6b,312782624,right,all,235,146.659,715.502,235,146.659,715.502
Temporal association areas,TEa,541,left,all,30360,160.662,719.377,30360,160.662,719.377
Temporal association areas,TEa,541,right,all,25915,202.076,691.621,25915,202.076,691.621
Temporal association areas/ layer 1,TEa1,97,left,all,3132,336.242,1082.65,3132,336.242,1082.65
Temporal association areas/ layer 1,TEa1,97,right,all,2362,405.342,1068.04,2362,405.342,1068.04
Temporal association areas/ layer 2/3,TEa2/3,1127,left,all,5940,125.22,631.024,5940,125.22,631.024
Temporal association areas/ layer 2/3,TEa2/3,1127,right,all,4917,225.115,782.645,4917,225.115,782.645
Temporal association areas/ layer 4,TEa4,234,left,all,2367,126.239,656.841,2367,126.239,656.841
Temporal association areas/ layer 4,TEa4,234,right,all,2583,172.718,687.659,2583,172.718,687.659
Temporal association areas/ layer 5,TEa5,289,left,all,10902,150.732,678.378,10902,150.732,678.378
Temporal association areas/ layer 5,TEa5,289,right,all,9191,172.978,614.602,9191,172.978,614.602
Temporal association areas/ layer 6a,TEa6a,729,left,all,6347,143.698,709.268,6347,143.698,709.268
Temporal association areas/ layer 6a,TEa6a,729,right,all,5787,165.334,600.482,5787,165.334,600.482
Temporal association areas/ layer 6b,TEa6b,786,left,all,1672,135.548,747.003,1672,135.548,747.003
Temporal association areas/ layer 6b,TEa6b,786,right,all,1075,167.202,606.853,1075,167.202,606.853
Perirhinal area,PERI,922,left,all,7443,221.442,751.465,7443,221.442,751.465
Perirhinal area,PERI,922,right,all,13592,166.156,584.218,13592,166.156,584.218
Perirhinal area/ layer 1,PERI1,540,left,all,1759,417.937,1140.27,1759,417.937,1140.27
Perirhinal area/ layer 1,PERI1,540,right,all,2305,236.799,763.519,2305,236.799,763.519
Perirhinal area/ layer 2/3,PERI2/3,888,left,all,2998,151.995,607.295,2998,151.995,607.295
Perirhinal area/ layer 2/3,PERI2/3,888,right,all,4859,158.483,539.059,4859,158.483,539.059
Perirhinal area/ layer 5,PERI5,692,left,all,1836,185.447,663.946,1836,185.447,663.946
Perirhinal area/ layer 5,PERI5,692,right,all,4213,154.174,554.638,4213,154.174,554.638
Perirhinal area/ layer 6a,PERI6a,335,left,all,708,139.545,633.119,708,139.545,633.119
Perirhinal area/ layer 6a,PERI6a,335,right,all,1815,133.421,546.614,1815,133.421,546.614
Perirhinal area/ layer 6b,PERI6b,368,left,all,142,127.334,700.676,142,127.334,700.676
Perirhinal area/ layer 6b,PERI6b,368,right,all,400,127.019,581.745,400,127.019,581.745
Ectorhinal area,ECT,895,left,all,19059,177.327,703.744,19059,177.327,703.744
Ectorhinal area,ECT,895,right,all,25035,169.699,603.612,25035,169.699,603.612
Ectorhinal area/Layer 1,ECT1,836,left,all,1670,378.485,1058.09,1670,378.485,1058.09
Ectorhinal area/Layer 1,ECT1,836,right,all,2031,254.341,826.063,2031,254.341,826.063
Ectorhinal area/Layer 2/3,ECT2/3,427,left,all,3835,136.586,601.686,3835,136.586,601.686
Ectorhinal area/Layer 2/3,ECT2/3,427,right,all,5569,161.646,580.688,5569,161.646,580.688
Ectorhinal area/Layer 5,ECT5,988,left,all,6835,176.646,675.911,6835,176.646,675.911
Ectorhinal area/Layer 5,ECT5,988,right,all,8802,179.212,586.153,8802,179.212,586.153
Ectorhinal area/Layer 6a,ECT6a,977,left,all,5902,154.222,701.95,5902,154.222,701.95
Ectorhinal area/Layer 6a,ECT6a,977,right,all,7184,148.716,582.015,7184,148.716,582.015
Ectorhinal area/Layer 6b,ECT6b,1045,left,all,817,130.001,704.307,817,130.001,704.307
Ectorhinal area/Layer 6b,ECT6b,1045,right,all,1449,128.252,593.046,1449,128.252,593.046
Olfactory areas,OLF,698,left,all,346949,219.736,880.436,346949,219.736,880.436
Olfactory areas,OLF,698,right,all,359135,198.817,751.322,359135,198.817,751.322
Main olfactory bulb,MOB,507,left,all,105522,247.479,997.061,105522,247.479,997.061
Main olfactory bulb,MOB,507,right,all,93938,246.476,970.466,93938,246.476,970.466
Accessory olfactory bulb,AOB,151,left,all,6194,148.254,642.325,6194,148.254,642.325
Accessory olfactory bulb,AOB,151,right,all,4158,149.802,619.142,4158,149.802,619.142
Accessory olfactory bulb/ glomerular layer,AOBgl,188,left,all,1649,160.778,616.787,1649,160.778,616.787
Accessory olfactory bulb/ glomerular layer,AOBgl,188,right,all,953,179.234,668.863,953,179.234,668.863
Accessory olfactory bulb/ granular layer,AOBgr,196,left,all,1826,142.052,677.665,1826,142.052,677.665
Accessory olfactory bulb/ granular layer,AOBgr,196,right,all,1340,137.909,626.172,1340,137.909,626.172
Accessory olfactory bulb/ mitral layer,AOBmi,204,left,all,2719,144.823,634.08,2719,144.823,634.08
Accessory olfactory bulb/ mitral layer,AOBmi,204,right,all,1865,143.307,588.684,1865,143.307,588.684
Anterior olfactory nucleus,AON,159,left,all,42784,148.005,667.93,42784,148.005,667.93
Anterior olfactory nucleus,AON,159,right,all,40699,130.625,644.433,40699,130.625,644.433
Taenia tecta,TT,589,left,all,8919,144.743,702.672,8919,144.743,702.672
Taenia tecta,TT,589,right,all,10109,135.161,698.479,10109,135.161,698.479
Taenia tecta/ dorsal part,TTd,597,left,all,5764,141.067,691.148,5764,141.067,691.148
Taenia tecta/ dorsal part,TTd,597,right,all,6353,128.673,674.054,6353,128.673,674.054
Taenia tecta/ ventral part,TTv,605,left,all,3155,151.46,723.727,3155,151.46,723.727
Taenia tecta/ ventral part,TTv,605,right,all,3756,146.134,739.791,3756,146.134,739.791
Dorsal peduncular area,DP,814,left,all,4175,141.116,735.404,4175,141.116,735.404
Dorsal peduncular area,DP,814,right,all,4694,124.893,700.147,4694,124.893,700.147
Piriform area,PIR,961,left,all,119101,249.092,920.169,119101,249.092,920.169
Piriform area,PIR,961,right,all,126507,213.951,705.235,126507,213.951,705.235
Nucleus of the lateral olfactory tract,NLOT,619,left,all,1837,131.143,743.61,1837,131.143,743.61
Nucleus of the lateral olfactory tract,NLOT,619,right,all,1776,110.411,577.757,1776,110.411,577.757
Nucleus of the lateral olfactory tract/ molecular layer,NLOT1,260,left,all,92,110.005,781.717,92,110.005,781.717
Nucleus of the lateral olfactory tract/ molecular layer,NLOT1,260,right,all,177,108.569,575.638,177,108.569,575.638
Nucleus of the lateral olfactory tract/ pyramidal layer,NLOT2,268,left,all,998,127.518,756.229,998,127.518,756.229
Nucleus of the lateral olfactory tract/ pyramidal layer,NLOT2,268,right,all,1275,109.35,580.038,1275,109.35,580.038
Nucleus of the lateral olfactory tract/ layer 3,NLOT3,1139,left,all,747,138.59,722.058,747,138.59,722.058
Nucleus of the lateral olfactory tract/ layer 3,NLOT3,1139,right,all,324,115.595,569.941,324,115.595,569.941
Cortical amygdalar area,COA,631,left,all,17642,158.519,760.287,17642,158.519,760.287
Cortical amygdalar area,COA,631,right,all,27679,134.609,554.127,27679,134.609,554.127
Cortical amygdalar area/ anterior part,COAa,639,left,all,3135,131.102,798.49,3135,131.102,798.49
Cortical amygdalar area/ anterior part,COAa,639,right,all,2935,129.058,548.716,2935,129.058,548.716
Cortical amygdalar area/ posterior part,COAp,647,left,all,14507,164.443,752.032,14507,164.443,752.032
Cortical amygdalar area/ posterior part,COAp,647,right,all,24744,135.267,554.769,24744,135.267,554.769
Cortical amygdalar area/ posterior part/ lateral zone,COApl,655,left,all,7282,163.632,770.653,7282,163.632,770.653
Cortical amygdalar area/ posterior part/ lateral zone,COApl,655,right,all,10932,138.907,556.84,10932,138.907,556.84
Cortical amygdalar area/ posterior part/ medial zone,COApm,663,left,all,7225,165.261,733.264,7225,165.261,733.264
Cortical amygdalar area/ posterior part/ medial zone,COApm,663,right,all,13812,132.386,553.129,13812,132.386,553.129
Piriform-amygdalar area,PAA,788,left,all,4781,219.045,1001.29,4781,219.045,1001.29
Piriform-amygdalar area,PAA,788,right,all,4226,208.928,793.123,4226,208.928,793.123
Postpiriform transition area,TR,566,left,all,12271,238.849,852.211,12271,238.849,852.211
Postpiriform transition area,TR,566,right,all,23774,199.224,643.721,23774,199.224,643.721
Hippocampal formation,HPF,1089,left,all,421180,169.147,837.029,421180,169.147,837.029
Hippocampal formation,HPF,1089,right,all,441628,161.247,669.797,441628,161.247,669.797
Hippocampal region,HIP,1080,left,all,190757,141.997,839.516,190757,141.997,839.516
Hippocampal region,HIP,1080,right,all,223360,150.206,721.259,223360,150.206,721.259
Ammon's horn,CA,375,left,all,149489,142.386,847.442,149489,142.386,847.442
Ammon's horn,CA,375,right,all,186854,150.645,723.872,186854,150.645,723.872
Field CA1,CA1,382,left,all,98530,132.631,821.873,98530,132.631,821.873
Field CA1,CA1,382,right,all,121752,143.173,693.031,121752,143.173,693.031
Field CA2,CA2,423,left,all,3678,164.651,917.571,3678,164.651,917.571
Field CA2,CA2,423,right,all,5458,162.822,780.666,5458,162.822,780.666
Field CA3,CA3,463,left,all,47281,160.981,895.271,47281,160.981,895.271
Field CA3,CA3,463,right,all,59644,164.781,781.629,59644,164.781,781.629
Dentate gyrus,DG,726,left,all,39273,139.363,811.298,39273,139.363,811.298
Dentate gyrus,DG,726,right,all,34941,148.323,704.697,34941,148.323,704.697
Dentate gyrus/ molecular layer,DG-mo,10703,left,all,25987,141.778,791.978,25987,141.778,791.978
Dentate gyrus/ molecular layer,DG-mo,10703,right,all,22698,145.984,696.242,22698,145.984,696.242
Dentate gyrus/ polymorph layer,DG-po,10704,left,all,4162,133.751,830.811,4162,133.751,830.811
Dentate gyrus/ polymorph layer,DG-po,10704,right,all,4669,158.24,714.537,4669,158.24,714.537
Dentate gyrus/ granule cell layer,DG-sg,632,left,all,9124,135.044,857.423,9124,135.044,857.423
Dentate gyrus/ granule cell layer,DG-sg,632,right,all,7574,149.221,723.969,7574,149.221,723.969
Fasciola cinerea,FC,982,left,all,405,147.794,822.59,405,147.794,822.59
Fasciola cinerea,FC,982,right,all,308,153.05,684.247,308,153.05,684.247
Induseum griseum,IG,19,left,all,1590,169.089,795.649,1590,169.089,795.649
Induseum griseum,IG,19,right,all,1257,136.593,802.369,1257,136.593,802.369
Retrohippocampal region,RHP,822,left,all,225631,193.188,837.306,225631,193.188,837.306
Retrohippocampal region,RHP,822,right,all,214667,173.126,617.433,214667,173.126,617.433
Entorhinal area,ENT,909,left,all,133325,231.144,868.457,133325,231.144,868.457
Entorhinal area,ENT,909,right,all,142791,191.291,614.001,142791,191.291,614.001
Entorhinal area/ lateral part,ENTl,918,left,all,67672,238.407,795.574,67672,238.407,795.574
Entorhinal area/ lateral part,ENTl,918,right,all,92061,200.192,601.368,92061,200.192,601.368
Entorhinal area/ lateral part/ layer 1,ENTl1,1121,left,all,9423,460.062,1287.47,9423,460.062,1287.47
Entorhinal area/ lateral part/ layer 1,ENTl1,1121,right,all,8247,350.779,927.734,8247,350.779,927.734
Entorhinal area/ lateral part/ layer 2,ENTl2,20,left,all,17937,242.319,767.086,17937,242.319,767.086
Entorhinal area/ lateral part/ layer 2,ENTl2,20,right,all,22518,222.002,610.104,22518,222.002,610.104
Entorhinal area/ lateral part/ layer 3,ENTl3,52,left,all,13514,214.186,720.391,13514,214.186,720.391
Entorhinal area/ lateral part/ layer 3,ENTl3,52,right,all,20163,195.821,568.328,20163,195.821,568.328
Entorhinal area/ lateral part/ layer 5,ENTl5,139,left,all,15124,187.491,683.018,15124,187.491,683.018
Entorhinal area/ lateral part/ layer 5,ENTl5,139,right,all,26561,163.532,542.836,26561,163.532,542.836
Entorhinal area/ lateral part/ layer 6a,ENTl6a,28,left,all,11674,147.48,675.151,11674,147.48,675.151
Entorhinal area/ lateral part/ layer 6a,ENTl6a,28,right,all,14572,154.138,555.57,14572,154.138,555.57
Entorhinal area/ medial part/ dorsal zone,ENTm,926,left,all,65653,223.659,943.582,65653,223.659,943.582
Entorhinal area/ medial part/ dorsal zone,ENTm,926,right,all,50730,175.136,636.925,50730,175.136,636.925
Entorhinal area/ medial part/ dorsal zone/ layer 1,ENTm1,526,left,all,12564,404.934,1413.11,12564,404.934,1413.11
Entorhinal area/ medial part/ dorsal zone/ layer 1,ENTm1,526,right,all,7964,235.199,792.236,7964,235.199,792.236
Entorhinal area/ medial part/ dorsal zone/ layer 2,ENTm2,543,left,all,17659,220.436,939.828,17659,220.436,939.828
Entorhinal area/ medial part/ dorsal zone/ layer 2,ENTm2,543,right,all,14889,190.526,679.909,14889,190.526,679.909
Entorhinal area/ medial part/ dorsal zone/ layer 3,ENTm3,664,left,all,14110,183.378,835.338,14110,183.378,835.338
Entorhinal area/ medial part/ dorsal zone/ layer 3,ENTm3,664,right,all,11027,161.324,602.389,11027,161.324,602.389
Entorhinal area/ medial part/ dorsal zone/ layer 5,ENTm5,727,left,all,12815,155.6,760.479,12815,155.6,760.479
Entorhinal area/ medial part/ dorsal zone/ layer 5,ENTm5,727,right,all,10768,146.761,558.006,10768,146.761,558.006
Entorhinal area/ medial part/ dorsal zone/ layer 6,ENTm6,743,left,all,8505,131.937,713.242,8505,131.937,713.242
Entorhinal area/ medial part/ dorsal zone/ layer 6,ENTm6,743,right,all,6082,134.092,530.667,6082,134.092,530.667
Parasubiculum,PAR,843,left,all,15764,192.539,955.28,15764,192.539,955.28
Parasubiculum,PAR,843,right,all,10929,151.284,661.008,10929,151.284,661.008
Postsubiculum,POST,1037,left,all,11813,113.411,664.625,11813,113.411,664.625
Postsubiculum,POST,1037,right,all,8879,132.994,583.246,8879,132.994,583.246
Presubiculum,PRE,1084,left,all,12466,127.73,790.242,12466,127.73,790.242
Presubiculum,PRE,1084,right,all,7145,127.895,621.511,7145,127.895,621.511
Subiculum,SUB,502,left,all,29616,126.015,787.295,29616,126.015,787.295
Subiculum,SUB,502,right,all,20891,135.303,637.443,20891,135.303,637.443
Prosubiculum,ProS,484682470,left,all,15316,138.038,778.337,15316,138.038,778.337
Prosubiculum,ProS,484682470,right,all,16150,140.282,627.386,16150,140.282,627.386
Hippocampo-amygdalar transition area,HATA,589508447,left,all,3100,126.332,660.658,3100,126.332,660.658
Hippocampo-amygdalar transition area,HATA,589508447,right,all,4415,118.713,588.104,4415,118.713,588.104
Area prostriata,APr,484682508,left,all,4231,133.96,729.9,4231,133.96,729.9
Area prostriata,APr,484682508,right,all,3467,140.067,571.009,3467,140.067,571.009
Cortical subplate,CTXsp,703,left,all,83794,173.773,743.883,83794,173.773,743.883
Cortical subplate,CTXsp,703,right,all,86459,161.343,606.922,86459,161.343,606.922
Claustrum,CLA,583,left,all,7493,191.652,802.632,7493,191.652,802.632
Claustrum,CLA,583,right,all,6231,152.239,621.996,6231,152.239,621.996
Endopiriform nucleus,EP,942,left,all,26860,189.176,748.735,26860,189.176,748.735
Endopiriform nucleus,EP,942,right,all,28332,164.869,586.49,28332,164.869,586.49
Endopiriform nucleus/ dorsal part,EPd,952,left,all,19818,190.862,764.76,19818,190.862,764.76
Endopiriform nucleus/ dorsal part,EPd,952,right,all,20318,158.318,592.319,20318,158.318,592.319
Endopiriform nucleus/ ventral part,EPv,966,left,all,7042,184.433,703.637,7042,184.433,703.637
Endopiriform nucleus/ ventral part,EPv,966,right,all,8014,181.479,571.713,8014,181.479,571.713
Lateral amygdalar nucleus,LA,131,left,all,6643,139.68,718.528,6643,139.68,718.528
Lateral amygdalar nucleus,LA,131,right,all,4852,124.237,588.325,4852,124.237,588.325
Basolateral amygdalar nucleus,BLA,295,left,all,19191,191.866,807.243,19191,191.866,807.243
Basolateral amygdalar nucleus,BLA,295,right,all,14707,170.477,617.428,14707,170.477,617.428
Basolateral amygdalar nucleus/ anterior part,BLAa,303,left,all,8505,210.025,863.338,8505,210.025,863.338
Basolateral amygdalar nucleus/ anterior part,BLAa,303,right,all,4776,141.924,594.313,4776,141.924,594.313
Basolateral amygdalar nucleus/ posterior part,BLAp,311,left,all,7538,178.982,786.354,7538,178.982,786.354
Basolateral amygdalar nucleus/ posterior part,BLAp,311,right,all,7396,180.506,637.548,7396,180.506,637.548
Basolateral amygdalar nucleus/ ventral part,BLAv,451,left,all,3148,173.659,705.709,3148,173.659,705.709
Basolateral amygdalar nucleus/ ventral part,BLAv,451,right,all,2535,195.01,602.278,2535,195.01,602.278
Basomedial amygdalar nucleus,BMA,319,left,all,12873,146.242,666.098,12873,146.242,666.098
Basomedial amygdalar nucleus,BMA,319,right,all,12833,160.106,590.474,12833,160.106,590.474
Basomedial amygdalar nucleus/ anterior part,BMAa,327,left,all,6428,145.452,655.86,6428,145.452,655.86
Basomedial amygdalar nucleus/ anterior part,BMAa,327,right,all,3862,134.607,528.647,3862,134.607,528.647
Basomedial amygdalar nucleus/ posterior part,BMAp,334,left,all,6445,147.029,676.31,6445,147.029,676.31
Basomedial amygdalar nucleus/ posterior part,BMAp,334,right,all,8971,171.083,617.09,8971,171.083,617.09
Posterior amygdalar nucleus,PA,780,left,all,7515,134.34,676.706,7515,134.34,676.706
Posterior amygdalar nucleus,PA,780,right,all,16013,160.584,646.637,16013,160.584,646.637
Cerebral nuclei,CNU,623,left,all,563358,146.71,906.334,563358,146.71,906.334
Cerebral nuclei,CNU,623,right,all,469070,141.877,789.22,469070,141.877,789.22
Striatum,STR,477,left,all,470380,146.21,905.508,470380,146.21,905.508
Striatum,STR,477,right,all,386428,140.936,788.534,386428,140.936,788.534
Striatum dorsal region,STRd,485,left,all,339267,145.228,939.275,339267,145.228,939.275
Striatum dorsal region,STRd,485,right,all,285854,141.962,810.835,285854,141.962,810.835
Caudoputamen,CP,672,left,all,339267,145.228,939.275,339267,145.228,939.275
Caudoputamen,CP,672,right,all,285854,141.962,810.835,285854,141.962,810.835
Striatum ventral region,STRv,493,left,all,40527,159.59,893.254,40527,159.59,893.254
Striatum ventral region,STRv,493,right,all,33082,161.056,819.734,33082,161.056,819.734
Nucleus accumbens,ACB,56,left,all,29611,128.108,816.781,29611,128.108,816.781
Nucleus accumbens,ACB,56,right,all,18857,119.357,725.747,18857,119.357,725.747
Fundus of striatum,FS,998,left,all,3848,176.852,786.608,3848,176.852,786.608
Fundus of striatum,FS,998,right,all,3401,172.707,667.956,3401,172.707,667.956
Olfactory tubercle,OT,754,left,all,7068,282.086,1271.69,7068,282.086,1271.69
Olfactory tubercle,OT,754,right,all,10824,230.041,1031.16,10824,230.041,1031.16
Lateral septal complex,LSX,275,left,all,26362,116.731,795.606,26362,116.731,795.606
Lateral septal complex,LSX,275,right,all,20433,110.251,713.727,20433,110.251,713.727
Lateral septal nucleus,LS,242,left,all,19433,119.48,783.865,19433,119.48,783.865
Lateral septal nucleus,LS,242,right,all,15332,111.876,696.845,15332,111.876,696.845
Lateral septal nucleus/ caudal (caudodorsal) part,LSc,250,left,all,2940,112.614,623.15,2940,112.614,623.15
Lateral septal nucleus/ caudal (caudodorsal) part,LSc,250,right,all,2479,114.879,547.276,2479,114.879,547.276
Lateral septal nucleus/ rostral (rostroventral) part,LSr,258,left,all,12805,122.051,813.659,12805,122.051,813.659
Lateral septal nucleus/ rostral (rostroventral) part,LSr,258,right,all,9969,111.502,725.128,9969,111.502,725.128
Lateral septal nucleus/ ventral part,LSv,266,left,all,3688,116.03,808.539,3688,116.03,808.539
Lateral septal nucleus/ ventral part,LSv,266,right,all,2884,110.588,727.646,2884,110.588,727.646
Septofimbrial nucleus,SF,310,left,all,6575,107.951,830.093,6575,107.951,830.093
Septofimbrial nucleus,SF,310,right,all,4752,104.737,764.381,4752,104.737,764.381
Septohippocampal nucleus,SH,333,left,all,354,128.879,799.573,354,128.879,799.573
Septohippocampal nucleus,SH,333,right,all,349,113.926,765.676,349,113.926,765.676
Striatum-like amygdalar nuclei,sAMY,278,left,all,39091,156.551,764.538,39091,156.551,764.538
Striatum-like amygdalar nuclei,sAMY,278,right,all,25636,130.95,610.104,25636,130.95,610.104
Anterior amygdalar area,AAA,23,left,all,3730,156.009,740.393,3730,156.009,740.393
Anterior amygdalar area,AAA,23,right,all,3893,153.761,655.102,3893,153.761,655.102
Bed nucleus of the accessory olfactory tract,BA,292,left,all,219,133.036,946.863,219,133.036,946.863
Bed nucleus of the accessory olfactory tract,BA,292,right,all,89,105.46,552.348,89,105.46,552.348
Central amygdalar nucleus,CEA,536,left,all,14269,171.58,801.838,14269,171.58,801.838
Central amygdalar nucleus,CEA,536,right,all,7995,131.66,613.035,7995,131.66,613.035
Central amygdalar nucleus/ capsular part,CEAc,544,left,all,3091,154.767,761.529,3091,154.767,761.529
Central amygdalar nucleus/ capsular part,CEAc,544,right,all,1539,116.799,563.096,1539,116.799,563.096
Central amygdalar nucleus/ lateral part,CEAl,551,left,all,3418,160.782,800.763,3418,160.782,800.763
Central amygdalar nucleus/ lateral part,CEAl,551,right,all,1503,123.471,602.263,1503,123.471,602.263
Central amygdalar nucleus/ medial part,CEAm,559,left,all,7760,183.033,818.368,7760,183.033,818.368
Central amygdalar nucleus/ medial part,CEAm,559,right,all,4953,138.763,631.822,4953,138.763,631.822
Intercalated amygdalar nucleus,IA,1105,left,all,1266,150.807,671.406,1266,150.807,671.406
Intercalated amygdalar nucleus,IA,1105,right,all,720,137.079,556.971,720,137.079,556.971
Medial amygdalar nucleus,MEA,403,left,all,19607,146.351,745.962,19607,146.351,745.962
Medial amygdalar nucleus,MEA,403,right,all,12939,123.482,598.108,12939,123.482,598.108
Pallidum,PAL,803,left,all,92978,149.241,910.512,92978,149.241,910.512
Pallidum,PAL,803,right,all,82642,146.275,792.429,82642,146.275,792.429
Pallidum/ dorsal region,PALd,818,left,all,30007,139.095,990.626,30007,139.095,990.626
Pallidum/ dorsal region,PALd,818,right,all,18721,129.919,790.771,18721,129.919,790.771
Globus pallidus/ external segment,GPe,1022,left,all,22726,143.929,979.391,22726,143.929,979.391
Globus pallidus/ external segment,GPe,1022,right,all,15275,135.535,790.251,15275,135.535,790.251
Globus pallidus/ internal segment,GPi,1031,left,all,7281,124.004,1025.69,7281,124.004,1025.69
Globus pallidus/ internal segment,GPi,1031,right,all,3446,105.024,793.075,3446,105.024,793.075
Pallidum/ ventral region,PALv,835,left,all,26194,172.899,876.486,26194,172.899,876.486
Pallidum/ ventral region,PALv,835,right,all,25005,177.219,793.32,25005,177.219,793.32
Substantia innominata,SI,342,left,all,22763,171.268,870.832,22763,171.268,870.832
Substantia innominata,SI,342,right,all,21002,172.832,781.525,21002,172.832,781.525
Magnocellular nucleus,MA,298,left,all,3431,183.721,913.995,3431,183.721,913.995
Magnocellular nucleus,MA,298,right,all,4003,200.236,855.205,4003,200.236,855.205
Pallidum/ medial region,PALm,826,left,all,15755,145.683,922.254,15755,145.683,922.254
Pallidum/ medial region,PALm,826,right,all,18343,141.878,848.565,18343,141.878,848.565
Medial septal complex,MSC,904,left,all,10524,166.815,960.768,10524,166.815,960.768
Medial septal complex,MSC,904,right,all,13875,154.806,866.49,13875,154.806,866.49
Medial septal nucleus,MS,564,left,all,5206,175.52,1111.34,5206,175.52,1111.34
Medial septal nucleus,MS,564,right,all,4979,148.376,971.075,4979,148.376,971.075
Diagonal band nucleus,NDB,596,left,all,5318,158.294,813.366,5318,158.294,813.366
Diagonal band nucleus,NDB,596,right,all,8896,158.404,807.954,8896,158.404,807.954
Triangular nucleus of septum,TRS,581,left,all,5231,103.169,844.771,5231,103.169,844.771
Triangular nucleus of septum,TRS,581,right,all,4468,101.733,792.901,4468,101.733,792.901
Pallidum/ caudal region,PALc,809,left,all,11657,136.141,794.233,11657,136.141,794.233
Pallidum/ caudal region,PALc,809,right,all,12685,130.637,735.593,12685,130.637,735.593
Bed nuclei of the stria terminalis,BST,351,left,all,11595,136.273,794.198,11595,136.273,794.198
Bed nuclei of the stria terminalis,BST,351,right,all,12568,130.699,734.92,12568,130.699,734.92
Bed nucleus of the anterior commissure,BAC,287,left,all,62,111.417,800.79,62,111.417,800.79
Bed nucleus of the anterior commissure,BAC,287,right,all,117,124.029,807.803,117,124.029,807.803
Brain stem,BS,343,left,all,1349171,148.489,1000.02,1349171,148.489,1000.02
Brain stem,BS,343,right,all,1195775,151.763,907.652,1195775,151.763,907.652
Interbrain,IB,1129,left,all,444975,146.582,1076.32,444975,146.582,1076.32
Interbrain,IB,1129,right,all,357604,140.323,940.574,357604,140.323,940.574
Thalamus,TH,549,left,all,311654,152.397,1128.98,311654,152.397,1128.98
Thalamus,TH,549,right,all,235890,145.043,979.645,235890,145.043,979.645
Thalamus/ sensory-motor cortex related,DORsm,864,left,all,113640,165.621,1250.67,113640,165.621,1250.67
Thalamus/ sensory-motor cortex related,DORsm,864,right,all,84282,153.327,1044.6,84282,153.327,1044.6
Ventral group of the dorsal thalamus,VENT,637,left,all,82787,169.892,1283.02,82787,169.892,1283.02
Ventral group of the dorsal thalamus,VENT,637,right,all,60359,152.932,1063.76,60359,152.932,1063.76
Ventral anterior-lateral complex of the thalamus,VAL,629,left,all,11298,142.631,1081.6,11298,142.631,1081.6
Ventral anterior-lateral complex of the thalamus,VAL,629,right,all,8007,142.147,938.559,8007,142.147,938.559
Ventral medial nucleus of the thalamus,VM,685,left,all,12331,141.212,1093.86,12331,141.212,1093.86
Ventral medial nucleus of the thalamus,VM,685,right,all,8748,149.374,1002.75,8748,149.374,1002.75
Ventral posterior complex of the thalamus,VP,709,left,all,52383,184.387,1382.64,52383,184.387,1382.64
Ventral posterior complex of the thalamus,VP,709,right,all,37780,156.264,1105.09,37780,156.264,1105.09
Ventral posterolateral nucleus of the thalamus,VPL,718,left,all,18766,161.051,1321.38,18766,161.051,1321.38
Ventral posterolateral nucleus of the thalamus,VPL,718,right,all,12545,138.187,1051.58,12545,138.187,1051.58
Ventral posterolateral nucleus of the thalamus/ parvicellular part,VPLpc,725,left,all,1418,214.132,1386.71,1418,214.132,1386.71
Ventral posterolateral nucleus of the thalamus/ parvicellular part,VPLpc,725,right,all,1043,202.871,1208.42,1043,202.871,1208.42
Ventral posteromedial nucleus of the thalamus,VPM,733,left,all,29491,199.552,1444.95,29491,199.552,1444.95
Ventral posteromedial nucleus of the thalamus,VPM,733,right,all,21592,162.39,1135.12,21592,162.39,1135.12
Ventral posteromedial nucleus of the thalamus/ parvicellular part,VPMpc,741,left,all,2708,165.384,1126.47,2708,165.384,1126.47
Ventral posteromedial nucleus of the thalamus/ parvicellular part,VPMpc,741,right,all,2600,173.91,1072.54,2600,173.91,1072.54
Posterior triangular thalamic nucleus,PoT,563807435,left,all,6775,155.478,1192.89,6775,155.478,1192.89
Posterior triangular thalamic nucleus,PoT,563807435,right,all,5824,151.497,1059.42,5824,151.497,1059.42
Subparafascicular nucleus,SPF,406,left,all,4718,147.592,1141.99,4718,147.592,1141.99
Subparafascicular nucleus,SPF,406,right,all,4535,150.285,1059.9,4535,150.285,1059.9
Subparafascicular nucleus/ magnocellular part,SPFm,414,left,all,1160,133.159,974.355,1160,133.159,974.355
Subparafascicular nucleus/ magnocellular part,SPFm,414,right,all,1105,129.835,964.482,1105,129.835,964.482
Subparafascicular nucleus/ parvicellular part,SPFp,422,left,all,3558,152.298,1196.64,3558,152.298,1196.64
Subparafascicular nucleus/ parvicellular part,SPFp,422,right,all,3430,156.873,1090.64,3430,156.873,1090.64
Subparafascicular area,SPA,609,left,all,1669,169.159,949.827,1669,169.159,949.827
Subparafascicular area,SPA,609,right,all,2416,161.466,954.654,2416,161.466,954.654
Peripeduncular nucleus,PP,1044,left,all,835,130.88,957.564,835,130.88,957.564
Peripeduncular nucleus,PP,1044,right,all,999,151.681,939.758,999,151.681,939.758
Geniculate group/ dorsal thalamus,GENd,1008,left,all,23631,155.236,1190.67,23631,155.236,1190.67
Geniculate group/ dorsal thalamus,GENd,1008,right,all,15973,154.551,987.997,15973,154.551,987.997
Medial geniculate complex,MG,475,left,all,11931,145.505,1134.79,11931,145.505,1134.79
Medial geniculate complex,MG,475,right,all,9499,148.178,1013.16,9499,148.178,1013.16
Medial geniculate complex/ dorsal part,MGd,1072,left,all,2086,159.493,979.581,2086,159.493,979.581
Medial geniculate complex/ dorsal part,MGd,1072,right,all,1467,156.675,871.932,1467,156.675,871.932
Medial geniculate complex/ ventral part,MGv,1079,left,all,4828,136.712,1127.56,4828,136.712,1127.56
Medial geniculate complex/ ventral part,MGv,1079,right,all,3985,152.333,1007.65,3985,152.333,1007.65
Medial geniculate complex/ medial part,MGm,1088,left,all,5017,148.151,1206.29,5017,148.151,1206.29
Medial geniculate complex/ medial part,MGm,1088,right,all,4047,141.008,1069.78,4047,141.008,1069.78
Dorsal part of the lateral geniculate complex,LGd,170,left,all,11700,165.158,1247.64,11700,165.158,1247.64
Dorsal part of the lateral geniculate complex,LGd,170,right,all,6474,163.902,951.076,6474,163.902,951.076
Dorsal part of the lateral geniculate complex/ shell,LGd-sh,496345664,left,all,2684,163.591,1110.9,2684,163.591,1110.9
Dorsal part of the lateral geniculate complex/ shell,LGd-sh,496345664,right,all,1403,160.84,847.338,1403,160.84,847.338
Dorsal part of the lateral geniculate complex/ core,LGd-co,496345668,left,all,7477,164.051,1296.01,7477,164.051,1296.01
Dorsal part of the lateral geniculate complex/ core,LGd-co,496345668,right,all,4253,161.792,980.706,4253,161.792,980.706
Dorsal part of the lateral geniculate complex/ ipsilateral zone,LGd-ip,496345672,left,all,1539,173.269,1251.12,1539,173.269,1251.12
Dorsal part of the lateral geniculate complex/ ipsilateral zone,LGd-ip,496345672,right,all,818,180.124,974.952,818,180.124,974.952
Thalamus/ polymodal association cortex related,DORpm,856,left,all,182594,144.929,1051.67,182594,144.929,1051.67
Thalamus/ polymodal association cortex related,DORpm,856,right,all,138462,140.286,936.966,138462,140.286,936.966
Lateral group of the dorsal thalamus,LAT,138,left,all,44829,155.484,1148.6,44829,155.484,1148.6
Lateral group of the dorsal thalamus,LAT,138,right,all,33264,148.016,987.753,33264,148.016,987.753
Lateral posterior nucleus of the thalamus,LP,218,left,all,13923,154.3,1085.52,13923,154.3,1085.52
Lateral posterior nucleus of the thalamus,LP,218,right,all,9759,150.499,907.137,9759,150.499,907.137
Posterior complex of the thalamus,PO,1020,left,all,18746,161.887,1213.06,18746,161.887,1213.06
Posterior complex of the thalamus,PO,1020,right,all,14597,148.376,1048.3,14597,148.376,1048.3
Posterior limiting nucleus of the thalamus,POL,1029,left,all,4468,139.62,1159.27,4468,139.62,1159.27
Posterior limiting nucleus of the thalamus,POL,1029,right,all,2839,152.711,934.775,2839,152.711,934.775
Suprageniculate nucleus,SGN,325,left,all,2750,158.542,932.144,2750,158.542,932.144
Suprageniculate nucleus,SGN,325,right,all,1858,150.441,918.885,1858,150.441,918.885
Ethmoid nucleus of the thalamus,Eth,560581551,left,all,4942,147.17,1192.62,4942,147.17,1192.62
Ethmoid nucleus of the thalamus,Eth,560581551,right,all,4211,136.775,1030.8,4211,136.775,1030.8
Anterior group of the dorsal thalamus,ATN,239,left,all,25348,131.963,969.849,25348,131.963,969.849
Anterior group of the dorsal thalamus,ATN,239,right,all,17885,126.936,850.256,17885,126.936,850.256
Anteroventral nucleus of thalamus,AV,255,left,all,6348,132.458,975.506,6348,132.458,975.506
Anteroventral nucleus of thalamus,AV,255,right,all,4941,123.17,870.114,4941,123.17,870.114
Anteromedial nucleus,AM,127,left,all,4305,115.354,855.965,4305,115.354,855.965
Anteromedial nucleus,AM,127,right,all,3878,114.161,798.477,3878,114.161,798.477
Anteromedial nucleus/ dorsal part,AMd,1096,left,all,2245,110.702,850.95,2245,110.702,850.95
Anteromedial nucleus/ dorsal part,AMd,1096,right,all,2218,114.247,815.465,2218,114.247,815.465
Anteromedial nucleus/ ventral part,AMv,1104,left,all,2060,120.425,861.431,2060,120.425,861.431
Anteromedial nucleus/ ventral part,AMv,1104,right,all,1660,114.047,775.777,1660,114.047,775.777
Anterodorsal nucleus,AD,64,left,all,2269,135.401,942.993,2269,135.401,942.993
Anterodorsal nucleus,AD,64,right,all,1717,166.504,1007.99,1717,166.504,1007.99
Interanteromedial nucleus of the thalamus,IAM,1120,left,all,209,115.696,741.297,209,115.696,741.297
Interanteromedial nucleus of the thalamus,IAM,1120,right,all,220,104.763,726.791,220,104.763,726.791
Interanterodorsal nucleus of the thalamus,IAD,1113,left,all,1126,122.735,872.844,1126,122.735,872.844
Interanterodorsal nucleus of the thalamus,IAD,1113,right,all,985,131.869,889.47,985,131.869,889.47
Lateral dorsal nucleus of thalamus,LD,155,left,all,11091,138.666,1030.47,11091,138.666,1030.47
Lateral dorsal nucleus of thalamus,LD,155,right,all,6144,126.972,821.022,6144,126.972,821.022
Medial group of the dorsal thalamus,MED,444,left,all,24517,140.624,986.356,24517,140.624,986.356
Medial group of the dorsal thalamus,MED,444,right,all,22704,141.076,959.179,22704,141.076,959.179
Intermediodorsal nucleus of the thalamus,IMD,59,left,all,2235,165.565,923.82,2235,165.565,923.82
Intermediodorsal nucleus of the thalamus,IMD,59,right,all,2496,172.312,936.179,2496,172.312,936.179
Mediodorsal nucleus of thalamus,MD,362,left,all,17343,137.772,1013.52,17343,137.772,1013.52
Mediodorsal nucleus of thalamus,MD,362,right,all,15922,138.313,982.944,15922,138.313,982.944
Submedial nucleus of the thalamus,SMT,366,left,all,3394,142.855,964.229,3394,142.855,964.229
Submedial nucleus of the thalamus,SMT,366,right,all,3031,133.448,922.32,3031,133.448,922.32
Perireunensis nucleus,PR,1077,left,all,1545,131.666,820.473,1545,131.666,820.473
Perireunensis nucleus,PR,1077,right,all,1255,132.427,792.45,1255,132.427,792.45
Midline group of the dorsal thalamus,MTN,571,left,all,10905,135.095,788.041,10905,135.095,788.041
Midline group of the dorsal thalamus,MTN,571,right,all,12385,136.304,809.969,12385,136.304,809.969
Paraventricular nucleus of the thalamus,PVT,149,left,all,3395,137.986,764.91,3395,137.986,764.91
Paraventricular nucleus of the thalamus,PVT,149,right,all,5813,142.583,828.717,5813,142.583,828.717
Parataenial nucleus,PT,15,left,all,2055,141.734,801.419,2055,141.734,801.419
Parataenial nucleus,PT,15,right,all,1981,131.515,821.886,1981,131.515,821.886
Nucleus of reuniens,RE,181,left,all,4302,130.122,789.163,4302,130.122,789.163
Nucleus of reuniens,RE,181,right,all,3473,128.91,773.774,3473,128.91,773.774
Xiphoid thalamic nucleus,Xi,560581559,left,all,1153,133.299,828.117,1153,133.299,828.117
Xiphoid thalamic nucleus,Xi,560581559,right,all,1118,135.118,803.812,1118,135.118,803.812
Intralaminar nuclei of the dorsal thalamus,ILM,51,left,all,22867,142.035,1076.27,22867,142.035,1076.27
Intralaminar nuclei of the dorsal thalamus,ILM,51,right,all,19711,150.015,1011.72,19711,150.015,1011.72
Rhomboid nucleus,RH,189,left,all,1148,152.258,952.948,1148,152.258,952.948
Rhomboid nucleus,RH,189,right,all,1017,144.179,949.782,1017,144.179,949.782
Central medial nucleus of the thalamus,CM,599,left,all,2572,147.18,939.902,2572,147.18,939.902
Central medial nucleus of the thalamus,CM,599,right,all,2534,138.383,929.724,2534,138.383,929.724
Paracentral nucleus,PCN,907,left,all,3217,129.221,1040.28,3217,129.221,1040.28
Paracentral nucleus,PCN,907,right,all,2745,129.152,1000.15,2745,129.152,1000.15
Central lateral nucleus of the thalamus,CL,575,left,all,5072,144.497,1076.88,5072,144.497,1076.88
Central lateral nucleus of the thalamus,CL,575,right,all,3230,153.269,969.834,3230,153.269,969.834
Parafascicular nucleus,PF,930,left,all,7729,147.97,1153.01,7729,147.97,1153.01
Parafascicular nucleus,PF,930,right,all,7295,159.803,1069.35,7295,159.803,1069.35
Posterior intralaminar thalamic nucleus,PIL,560581563,left,all,3129,128.58,1080.1,3129,128.58,1080.1
Posterior intralaminar thalamic nucleus,PIL,560581563,right,all,2890,153.742,1017.77,2890,153.742,1017.77
Reticular nucleus of the thalamus,RT,262,left,all,26353,138.416,1082.67,26353,138.416,1082.67
Reticular nucleus of the thalamus,RT,262,right,all,13102,119.048,838.862,13102,119.048,838.862
Geniculate group/ ventral thalamus,GENv,1014,left,all,14276,163.331,1262.24,14276,163.331,1262.24
Geniculate group/ ventral thalamus,GENv,1014,right,all,9966,155.534,1030.97,9966,155.534,1030.97
Intergeniculate leaflet of the lateral geniculate complex,IGL,27,left,all,1695,157.972,1310.62,1695,157.972,1310.62
Intergeniculate leaflet of the lateral geniculate complex,IGL,27,right,all,874,150.165,1066.84,874,150.165,1066.84
Intermediate geniculate nucleus,IntG,563807439,left,all,503,148.139,1252.7,503,148.139,1252.7
Intermediate geniculate nucleus,IntG,563807439,right,all,426,151.425,1125.46,426,151.425,1125.46
Ventral part of the lateral geniculate complex,LGv,178,left,all,11111,165.679,1258.91,11111,165.679,1258.91
Ventral part of the lateral geniculate complex,LGv,178,right,all,7934,158.632,1025.18,7934,158.632,1025.18
Subgeniculate nucleus,SubG,321,left,all,967,153.646,1220.63,967,153.646,1220.63
Subgeniculate nucleus,SubG,321,right,all,732,130.754,995.904,732,130.754,995.904
Epithalamus,EPI,958,left,all,13499,148.142,890.189,13499,148.142,890.189
Epithalamus,EPI,958,right,all,9445,134.732,916.318,9445,134.732,916.318
Medial habenula,MH,483,left,all,5324,151.905,728.813,5324,151.905,728.813
Medial habenula,MH,483,right,all,3759,134.641,863.627,3759,134.641,863.627
Lateral habenula,LH,186,left,all,8175,145.692,995.286,8175,145.692,995.286
Lateral habenula,LH,186,right,all,5686,134.792,951.152,5686,134.792,951.152
Hypothalamus,HY,1097,left,all,133321,132.987,953.224,133321,132.987,953.224
Hypothalamus,HY,1097,right,all,121714,131.176,864.852,121714,131.176,864.852
Periventricular zone,PVZ,157,left,all,2623,114.383,685.302,2623,114.383,685.302
Periventricular zone,PVZ,157,right,all,3465,126.682,769.523,3465,126.682,769.523
Supraoptic nucleus,SO,390,left,all,91,102.924,568.33,91,102.924,568.33
Supraoptic nucleus,SO,390,right,all,165,122.413,618.23,165,122.413,618.23
Accessory supraoptic group,ASO,332,left,all,23,103.783,647.522,23,103.783,647.522
Accessory supraoptic group,ASO,332,right,all,33,115.189,643.606,33,115.189,643.606
Paraventricular hypothalamic nucleus,PVH,38,left,all,943,103.918,632.533,943,103.918,632.533
Paraventricular hypothalamic nucleus,PVH,38,right,all,994,109.538,673.284,994,109.538,673.284
Periventricular hypothalamic nucleus/ anterior part,PVa,30,left,all,166,101.446,583.91,166,101.446,583.91
Periventricular hypothalamic nucleus/ anterior part,PVa,30,right,all,180,101.718,621.983,180,101.718,621.983
Periventricular hypothalamic nucleus/ intermediate part,PVi,118,left,all,601,133.153,662.616,601,133.153,662.616
Periventricular hypothalamic nucleus/ intermediate part,PVi,118,right,all,660,115.916,702.292,660,115.916,702.292
Arcuate hypothalamic nucleus,ARH,223,left,all,799,116.913,800.121,799,116.913,800.121
Arcuate hypothalamic nucleus,ARH,223,right,all,1433,147.425,906.096,1433,147.425,906.096
Periventricular region,PVR,141,left,all,13970,133.408,748.389,13970,133.408,748.389
Periventricular region,PVR,141,right,all,14990,135.169,760.383,14990,135.169,760.383
Anterodorsal preoptic nucleus,ADP,72,left,all,807,127.528,807.007,807,127.528,807.007
Anterodorsal preoptic nucleus,ADP,72,right,all,566,123.219,791.412,566,123.219,791.412
Anteroventral preoptic nucleus,AVP,263,left,all,941,124.019,677.511,941,124.019,677.511
Anteroventral preoptic nucleus,AVP,263,right,all,838,129.872,739.549,838,129.872,739.549
Anteroventral periventricular nucleus,AVPV,272,left,all,1009,120.377,647.312,1009,120.377,647.312
Anteroventral periventricular nucleus,AVPV,272,right,all,1235,122.536,696.433,1235,122.536,696.433
Dorsomedial nucleus of the hypothalamus,DMH,830,left,all,2052,127.657,721.016,2052,127.657,721.016
Dorsomedial nucleus of the hypothalamus,DMH,830,right,all,2398,130.335,709.511,2398,130.335,709.511
Median preoptic nucleus,MEPO,452,left,all,522,125.326,782.318,522,125.326,782.318
Median preoptic nucleus,MEPO,452,right,all,447,122.726,796.291,447,122.726,796.291
Medial preoptic area,MPO,523,left,all,5244,136.946,731.175,5244,136.946,731.175
Medial preoptic area,MPO,523,right,all,5279,139.912,751.93,5279,139.912,751.93
Vascular organ of the lamina terminalis,OV,763,left,all,39,101.33,622.641,39,101.33,622.641
Vascular organ of the lamina terminalis,OV,763,right,all,33,107.691,643.758,33,107.691,643.758
Posterodorsal preoptic nucleus,PD,914,left,all,134,150.149,750.672,134,150.149,750.672
Posterodorsal preoptic nucleus,PD,914,right,all,155,164.503,784.452,155,164.503,784.452
Parastrial nucleus,PS,1109,left,all,829,142.924,884.076,829,142.924,884.076
Parastrial nucleus,PS,1109,right,all,1008,140.697,843.586,1008,140.697,843.586
Periventricular hypothalamic nucleus/ posterior part,PVp,126,left,all,657,231.505,1137.26,657,231.505,1137.26
Periventricular hypothalamic nucleus/ posterior part,PVp,126,right,all,887,203.987,1038.3,887,203.987,1038.3
Periventricular hypothalamic nucleus/ preoptic part,PVpo,133,left,all,747,103.7,681.325,747,103.7,681.325
Periventricular hypothalamic nucleus/ preoptic part,PVpo,133,right,all,796,106.923,712.373,796,106.923,712.373
Subparaventricular zone,SBPV,347,left,all,404,98.2275,593.463,404,98.2275,593.463
Subparaventricular zone,SBPV,347,right,all,371,103.426,606.898,371,103.426,606.898
Suprachiasmatic nucleus,SCH,286,left,all,119,118.184,613.05,119,118.184,613.05
Suprachiasmatic nucleus,SCH,286,right,all,136,123.376,690,136,123.376,690
Subfornical organ,SFO,338,left,all,151,96.0263,820.974,151,96.0263,820.974
Subfornical organ,SFO,338,right,all,231,112.668,924.299,231,112.668,924.299
Ventromedial preoptic nucleus,VMPO,576073699,left,all,192,108.517,713.031,192,108.517,713.031
Ventromedial preoptic nucleus,VMPO,576073699,right,all,354,129.61,744.695,354,129.61,744.695
Ventrolateral preoptic nucleus,VLPO,689,left,all,123,129.418,840.699,123,129.418,840.699
Ventrolateral preoptic nucleus,VLPO,689,right,all,256,102.714,649.426,256,102.714,649.426
Hypothalamic medial zone,MEZ,467,left,all,26902,125.286,787.255,26902,125.286,787.255
Hypothalamic medial zone,MEZ,467,right,all,28859,128.823,778.765,28859,128.823,778.765
Anterior hypothalamic nucleus,AHN,88,left,all,3787,115.557,644.544,3787,115.557,644.544
Anterior hypothalamic nucleus,AHN,88,right,all,3748,122.134,629.069,3748,122.134,629.069
Mammillary body,MBO,331,left,all,6873,129.516,852.155,6873,129.516,852.155
Mammillary body,MBO,331,right,all,7175,133.598,804.449,7175,133.598,804.449
Lateral mammillary nucleus,LM,210,left,all,604,116.612,804.919,604,116.612,804.919
Lateral mammillary nucleus,LM,210,right,all,847,127.747,768.594,847,127.747,768.594
Medial mammillary nucleus,MM,491,left,all,2870,123.471,880.163,2870,123.471,880.163
Medial mammillary nucleus,MM,491,right,all,2726,129.958,840.199,2726,129.958,840.199
Medial mammillary nucleus/ median part,MMme,732,left,all,301,137.016,850.94,301,137.016,850.94
Medial mammillary nucleus/ median part,MMme,732,right,all,277,134.859,866.043,277,134.859,866.043
Medial mammillary nucleus/ lateral part,MMl,606826647,left,all,1277,116.424,876.769,1277,116.424,876.769
Medial mammillary nucleus/ lateral part,MMl,606826647,right,all,1040,128.697,783.674,1040,128.697,783.674
Medial mammillary nucleus/ medial part,MMm,606826651,left,all,490,127.119,915.498,490,127.119,915.498
Medial mammillary nucleus/ medial part,MMm,606826651,right,all,562,132.917,898.698,562,132.917,898.698
Medial mammillary nucleus/ posterior part,MMp,606826655,left,all,232,120.639,779.384,232,120.639,779.384
Medial mammillary nucleus/ posterior part,MMp,606826655,right,all,191,119.69,803.702,191,119.69,803.702
Medial mammillary nucleus/ dorsal part,MMd,606826659,left,all,570,130.123,913.842,570,130.123,913.842
Medial mammillary nucleus/ dorsal part,MMd,606826659,right,all,656,130.342,879.41,656,130.342,879.41
Supramammillary nucleus,SUM,525,left,all,2424,140.264,886.257,2424,140.264,886.257
Supramammillary nucleus,SUM,525,right,all,2319,140.56,843.109,2319,140.56,843.109
Tuberomammillary nucleus,TM,557,left,all,975,128.584,714.191,975,128.584,714.191
Tuberomammillary nucleus,TM,557,right,all,1283,132.61,682.281,1283,132.61,682.281
Tuberomammillary nucleus/ dorsal part,TMd,1126,left,all,118,118.329,636.653,118,118.329,636.653
Tuberomammillary nucleus/ dorsal part,TMd,1126,right,all,78,132.793,636.885,78,132.793,636.885
Tuberomammillary nucleus/ ventral part,TMv,1,left,all,857,129.996,724.867,857,129.996,724.867
Tuberomammillary nucleus/ ventral part,TMv,1,right,all,1205,132.598,685.219,1205,132.598,685.219
Medial preoptic nucleus,MPN,515,left,all,3254,123.817,670.013,3254,123.817,670.013
Medial preoptic nucleus,MPN,515,right,all,3521,131.088,687.586,3521,131.088,687.586
Dorsal premammillary nucleus,PMd,980,left,all,554,131.65,808.116,554,131.65,808.116
Dorsal premammillary nucleus,PMd,980,right,all,604,150.249,820.311,604,150.249,820.311
Ventral premammillary nucleus,PMv,1004,left,all,1102,108.82,626.127,1102,108.82,626.127
Ventral premammillary nucleus,PMv,1004,right,all,1624,112.924,642.109,1624,112.924,642.109
Paraventricular hypothalamic nucleus/ descending division,PVHd,63,left,all,1164,132.809,802.98,1164,132.809,802.98
Paraventricular hypothalamic nucleus/ descending division,PVHd,63,right,all,926,130.928,742.16,926,130.928,742.16
Ventromedial hypothalamic nucleus,VMH,693,left,all,2615,120.619,685.598,2615,120.619,685.598
Ventromedial hypothalamic nucleus,VMH,693,right,all,3108,124.887,648.058,3108,124.887,648.058
Posterior hypothalamic nucleus,PH,946,left,all,7553,129.338,905.012,7553,129.338,905.012
Posterior hypothalamic nucleus,PH,946,right,all,8153,129.559,942.483,8153,129.559,942.483
Hypothalamic lateral zone,LZ,290,left,all,68990,136.801,1102.5,68990,136.801,1102.5
Hypothalamic lateral zone,LZ,290,right,all,55316,130.678,963.749,55316,130.678,963.749
Lateral hypothalamic area,LHA,194,left,all,18056,140.416,848.769,18056,140.416,848.769
Lateral hypothalamic area,LHA,194,right,all,12205,131.177,753.606,12205,131.177,753.606
Lateral preoptic area,LPO,226,left,all,5223,145.596,806.356,5223,145.596,806.356
Lateral preoptic area,LPO,226,right,all,6316,142.599,775.72,6316,142.599,775.72
Preparasubthalamic nucleus,PST,356,left,all,141,163.258,961.837,141,163.258,961.837
Preparasubthalamic nucleus,PST,356,right,all,86,151.545,819.442,86,151.545,819.442
Parasubthalamic nucleus,PSTN,364,left,all,1790,128.714,935.414,1790,128.714,935.414
Parasubthalamic nucleus,PSTN,364,right,all,1669,133.898,883.475,1669,133.898,883.475
Perifornical nucleus,PeF,576073704,left,all,1944,127.858,767.479,1944,127.858,767.479
Perifornical nucleus,PeF,576073704,right,all,1422,120.449,702.287,1422,120.449,702.287
Retrochiasmatic area,RCH,173,left,all,333,105.452,682.33,333,105.452,682.33
Retrochiasmatic area,RCH,173,right,all,312,94.8314,574.013,312,94.8314,574.013
Subthalamic nucleus,STN,470,left,all,4286,153.664,1415.87,4286,153.664,1415.87
Subthalamic nucleus,STN,470,right,all,3014,132.548,1172.19,3014,132.548,1172.19
Tuberal nucleus,TU,614,left,all,3263,134.738,762.3,3263,134.738,762.3
Tuberal nucleus,TU,614,right,all,3115,149.868,771.123,3115,149.868,771.123
Zona incerta,ZI,797,left,all,33954,132.731,1308.82,33954,132.731,1308.82
Zona incerta,ZI,797,right,all,27177,125.96,1124.33,27177,125.96,1124.33
Fields of Forel,FF,804,left,all,5228,123.784,1336.94,5228,123.784,1336.94
Fields of Forel,FF,804,right,all,4240,129.986,1201.74,4240,129.986,1201.74
Median eminence,ME,10671,left,all,15,109.752,1048.8,15,109.752,1048.8
Median eminence,ME,10671,right,all,165,262.458,1473.81,165,262.458,1473.81
Midbrain,MB,313,left,all,425625,133.486,985.146,425625,133.486,985.146
Midbrain,MB,313,right,all,376888,136.967,898.495,376888,136.967,898.495
Midbrain/ sensory related,MBsen,339,left,all,54354,142.978,963.249,54354,142.978,963.249
Midbrain/ sensory related,MBsen,339,right,all,44869,138.659,793.081,44869,138.659,793.081
Superior colliculus/ sensory related,SCs,302,left,all,12879,161.336,781.905,12879,161.336,781.905
Superior colliculus/ sensory related,SCs,302,right,all,14281,146.208,671.329,14281,146.208,671.329
Superior colliculus/ optic layer,SCop,851,left,all,4817,192.028,847.404,4817,192.028,847.404
Superior colliculus/ optic layer,SCop,851,right,all,4805,143.523,665.333,4805,143.523,665.333
Superior colliculus/ superficial gray layer,SCsg,842,left,all,6399,143.979,740.021,6399,143.979,740.021
Superior colliculus/ superficial gray layer,SCsg,842,right,all,7744,146.54,671.347,7744,146.54,671.347
Superior colliculus/ zonal layer,SCzo,834,left,all,1663,139.219,753.345,1663,139.219,753.345
Superior colliculus/ zonal layer,SCzo,834,right,all,1732,152.175,687.88,1732,152.175,687.88
Inferior colliculus,IC,4,left,all,38132,137.97,1024.61,38132,137.97,1024.61
Inferior colliculus,IC,4,right,all,27822,135.914,868.674,27822,135.914,868.674
Inferior colliculus/ central nucleus,ICc,811,left,all,15499,132.871,1128.8,15499,132.871,1128.8
Inferior colliculus/ central nucleus,ICc,811,right,all,12230,132.402,1027.44,12230,132.402,1027.44
Inferior colliculus/ dorsal nucleus,ICd,820,left,all,4801,141.876,778.347,4801,141.876,778.347
Inferior colliculus/ dorsal nucleus,ICd,820,right,all,4405,145.319,744.275,4405,145.319,744.275
Inferior colliculus/ external nucleus,ICe,828,left,all,17832,141.349,1000.35,17832,141.349,1000.35
Inferior colliculus/ external nucleus,ICe,828,right,all,11187,136.049,744.091,11187,136.049,744.091
Nucleus of the brachium of the inferior colliculus,NB,580,left,all,653,118.052,780.599,653,118.052,780.599
Nucleus of the brachium of the inferior colliculus,NB,580,right,all,1131,141.376,496.102,1131,141.376,496.102
Nucleus sagulum,SAG,271,left,all,1547,132.063,1034.77,1547,132.063,1034.77
Nucleus sagulum,SAG,271,right,all,704,125.852,815.682,704,125.852,815.682
Parabigeminal nucleus,PBG,874,left,all,915,120.197,952.664,915,120.197,952.664
Parabigeminal nucleus,PBG,874,right,all,715,94.4198,709.594,715,94.4198,709.594
Midbrain trigeminal nucleus,MEV,460,left,all,187,192.8,1079.29,187,192.8,1079.29
Midbrain trigeminal nucleus,MEV,460,right,all,162,178.95,896.401,162,178.95,896.401
Subcommissural organ,SCO,599626923,left,all,41,124.938,778.537,41,124.938,778.537
Subcommissural organ,SCO,599626923,right,all,54,131.793,766.259,54,131.793,766.259
Midbrain/ motor related,MBmot,323,left,all,250231,130.612,984.187,250231,130.612,984.187
Midbrain/ motor related,MBmot,323,right,all,231362,137.341,907.558,231362,137.341,907.558
Substantia nigra/ reticular part,SNr,381,left,all,13673,152.019,915.121,13673,152.019,915.121
Substantia nigra/ reticular part,SNr,381,right,all,18439,168.974,877.39,18439,168.974,877.39
Ventral tegmental area,VTA,749,left,all,5357,130.028,1010.99,5357,130.028,1010.99
Ventral tegmental area,VTA,749,right,all,5642,149.396,990.308,5642,149.396,990.308
Paranigral nucleus,PN,607344830,left,all,174,120.997,863.362,174,120.997,863.362
Paranigral nucleus,PN,607344830,right,all,182,117.526,827.022,182,117.526,827.022
Midbrain reticular nucleus/ retrorubral area,RR,246,left,all,1585,116.159,871.772,1585,116.159,871.772
Midbrain reticular nucleus/ retrorubral area,RR,246,right,all,934,129.257,815.751,934,129.257,815.751
Midbrain reticular nucleus,MRN,128,left,all,77753,123.372,1037.14,77753,123.372,1037.14
Midbrain reticular nucleus,MRN,128,right,all,62487,135.629,983.565,62487,135.629,983.565
Superior colliculus/ motor related,SCm,294,left,all,40472,129.513,802.65,40472,129.513,802.65
Superior colliculus/ motor related,SCm,294,right,all,39258,132.12,710.389,39258,132.12,710.389
Superior colliculus/ motor related/ deep gray layer,SCdg,26,left,all,8750,126.537,807.453,8750,126.537,807.453
Superior colliculus/ motor related/ deep gray layer,SCdg,26,right,all,7905,127.198,744.305,7905,127.198,744.305
Superior colliculus/ motor related/ deep white layer,SCdw,42,left,all,2417,128.458,801.004,2417,128.458,801.004
Superior colliculus/ motor related/ deep white layer,SCdw,42,right,all,2669,129.791,758.286,2669,129.791,758.286
Superior colliculus/ motor related/ intermediate white layer,SCiw,17,left,all,13927,123.537,855.827,13927,123.537,855.827
Superior colliculus/ motor related/ intermediate white layer,SCiw,17,right,all,13090,127.461,740.229,13090,127.461,740.229
Superior colliculus/ motor related/ intermediate gray layer,SCig,10,left,all,15378,136.784,752.017,15378,136.784,752.017
Superior colliculus/ motor related/ intermediate gray layer,SCig,10,right,all,15594,138.924,659.95,15594,138.924,659.95
Periaqueductal gray,PAG,795,left,all,44744,132.372,838.878,44744,132.372,838.878
Periaqueductal gray,PAG,795,right,all,52036,132.096,817.042,52036,132.096,817.042
Precommissural nucleus,PRC,50,left,all,1772,145.347,970.932,1772,145.347,970.932
Precommissural nucleus,PRC,50,right,all,2120,153.183,885.366,2120,153.183,885.366
Interstitial nucleus of Cajal,INC,67,left,all,911,133.879,1038.51,911,133.879,1038.51
Interstitial nucleus of Cajal,INC,67,right,all,1348,148.541,1192.33,1348,148.541,1192.33
Nucleus of Darkschewitsch,ND,587,left,all,487,139.87,868.062,487,139.87,868.062
Nucleus of Darkschewitsch,ND,587,right,all,1144,134.02,982.065,1144,134.02,982.065
Supraoculomotor periaqueductal gray,Su3,614454277,left,all,152,135.916,699.125,152,135.916,699.125
Supraoculomotor periaqueductal gray,Su3,614454277,right,all,285,125.545,711.435,285,125.545,711.435
Pretectal region,PRT,1100,left,all,38189,134.774,1117.37,38189,134.774,1117.37
Pretectal region,PRT,1100,right,all,29747,131.818,1006.65,29747,131.818,1006.65
Anterior pretectal nucleus,APN,215,left,all,27383,130.266,1173.74,27383,130.266,1173.74
Anterior pretectal nucleus,APN,215,right,all,20127,124.053,1046.08,20127,124.053,1046.08
Medial pretectal area,MPT,531,left,all,499,145.684,887.517,499,145.684,887.517
Medial pretectal area,MPT,531,right,all,687,171.12,886.512,687,171.12,886.512
Nucleus of the optic tract,NOT,628,left,all,3121,146.131,963.455,3121,146.131,963.455
Nucleus of the optic tract,NOT,628,right,all,1983,141.701,864.26,1983,141.701,864.26
Nucleus of the posterior commissure,NPC,634,left,all,3404,145.25,992.307,3404,145.25,992.307
Nucleus of the posterior commissure,NPC,634,right,all,3766,149.266,957.38,3766,149.266,957.38
Olivary pretectal nucleus,OP,706,left,all,737,163.874,1002.52,737,163.874,1002.52
Olivary pretectal nucleus,OP,706,right,all,478,155.15,890.948,478,155.15,890.948
Posterior pretectal nucleus,PPT,1061,left,all,1973,144.955,889.46,1973,144.955,889.46
Posterior pretectal nucleus,PPT,1061,right,all,1699,147.099,865.498,1699,147.099,865.498
Retroparafascicular nucleus,RPF,549009203,left,all,1072,139.781,1128,1072,139.781,1128
Retroparafascicular nucleus,RPF,549009203,right,all,1007,138.639,1058.24,1007,138.639,1058.24
Cuneiform nucleus,CUN,616,left,all,14949,137.681,1279.78,14949,137.681,1279.78
Cuneiform nucleus,CUN,616,right,all,10981,128.039,1193.2,10981,128.039,1193.2
Red nucleus,RN,214,left,all,9917,128.699,1118.53,9917,128.699,1118.53
Red nucleus,RN,214,right,all,8459,163.539,1091.95,8459,163.539,1091.95
Oculomotor nucleus,III,35,left,all,127,122.713,745.732,127,122.713,745.732
Oculomotor nucleus,III,35,right,all,253,127.872,817.771,253,127.872,817.771
Medial accesory oculomotor nucleus,MA3,549009211,left,all,203,157.818,1035.92,203,157.818,1035.92
Medial accesory oculomotor nucleus,MA3,549009211,right,all,353,133.289,1302.27,353,133.289,1302.27
Edinger-Westphal nucleus,EW,975,left,all,307,111.587,830.212,307,111.587,830.212
Edinger-Westphal nucleus,EW,975,right,all,286,143.737,1087.91,286,143.737,1087.91
Trochlear nucleus,IV,115,left,all,58,176.545,856.655,58,176.545,856.655
Trochlear nucleus,IV,115,right,all,101,154.423,888.505,101,154.423,888.505
Paratrochlear nucleus,Pa4,606826663,left,all,246,162.136,850.057,246,162.136,850.057
Paratrochlear nucleus,Pa4,606826663,right,all,189,151.247,884.37,189,151.247,884.37
Ventral tegmental nucleus,VTN,757,left,all,627,157.515,1116.04,627,157.515,1116.04
Ventral tegmental nucleus,VTN,757,right,all,553,138.896,1048.91,553,138.896,1048.91
Anterior tegmental nucleus,AT,231,left,all,670,106.202,1002.1,670,106.202,1002.1
Anterior tegmental nucleus,AT,231,right,all,576,118.953,981.889,576,118.953,981.889
Lateral terminal nucleus of the accessory optic tract,LT,66,left,all,271,149.316,989.14,271,149.316,989.14
Lateral terminal nucleus of the accessory optic tract,LT,66,right,all,312,135.156,868.442,312,135.156,868.442
Dorsal terminal nucleus of the accessory optic tract,DT,75,left,all,186,170.603,606.29,186,170.603,606.29
Dorsal terminal nucleus of the accessory optic tract,DT,75,right,all,56,125.807,587.946,56,125.807,587.946
Medial terminal nucleus of the accessory optic tract,MT,58,left,all,723,124.819,951.515,723,124.819,951.515
Medial terminal nucleus of the accessory optic tract,MT,58,right,all,518,133.85,896.239,518,133.85,896.239
Midbrain/ behavioral state related,MBsta,348,left,all,28284,136.196,977.36,28284,136.196,977.36
Midbrain/ behavioral state related,MBsta,348,right,all,22332,138.356,898.055,22332,138.356,898.055
Substantia nigra/ compact part,SNc,374,left,all,2371,132.684,936.476,2371,132.684,936.476
Substantia nigra/ compact part,SNc,374,right,all,2813,144.515,905.531,2813,144.515,905.531
Pedunculopontine nucleus,PPN,1052,left,all,17358,131.313,992.975,17358,131.313,992.975
Pedunculopontine nucleus,PPN,1052,right,all,12173,132.059,862.903,12173,132.059,862.903
Midbrain raphe nuclei,RAmb,165,left,all,8555,147.076,957.009,8555,147.076,957.009
Midbrain raphe nuclei,RAmb,165,right,all,7346,146.432,953.443,7346,146.432,953.443
Interfascicular nucleus raphe,IF,12,left,all,844,139.462,951.871,844,139.462,951.871
Interfascicular nucleus raphe,IF,12,right,all,629,133.409,922.955,629,133.409,922.955
Interpeduncular nucleus,IPN,100,left,all,4043,125.619,999.594,4043,125.619,999.594
Interpeduncular nucleus,IPN,100,right,all,3449,129.175,949.122,3449,129.175,949.122
Interpeduncular nucleus/ rostral,IPR,607344834,left,all,1252,125.382,1068.5,1252,125.382,1068.5
Interpeduncular nucleus/ rostral,IPR,607344834,right,all,1027,133.97,1042.96,1027,133.97,1042.96
Interpeduncular nucleus/ caudal,IPC,607344838,left,all,753,112.411,989.728,753,112.411,989.728
Interpeduncular nucleus/ caudal,IPC,607344838,right,all,805,116.996,991.978,805,116.996,991.978
Interpeduncular nucleus/ apical,IPA,607344842,left,all,277,155.919,896.83,277,155.919,896.83
Interpeduncular nucleus/ apical,IPA,607344842,right,all,137,146.05,839.248,137,146.05,839.248
Interpeduncular nucleus/ lateral,IPL,607344846,left,all,574,119.693,940.31,574,119.693,940.31
Interpeduncular nucleus/ lateral,IPL,607344846,right,all,527,127.727,808.645,527,127.727,808.645
Interpeduncular nucleus/ intermediate,IPI,607344850,left,all,461,115.876,1057.85,461,115.876,1057.85
Interpeduncular nucleus/ intermediate,IPI,607344850,right,all,359,138.409,957.813,359,138.409,957.813
Interpeduncular nucleus/ dorsomedial,IPDM,607344854,left,all,83,189.341,889.976,83,189.341,889.976
Interpeduncular nucleus/ dorsomedial,IPDM,607344854,right,all,115,144.198,847.252,115,144.198,847.252
Interpeduncular nucleus/ dorsolateral,IPDL,607344858,left,all,334,120.65,939.928,334,120.65,939.928
Interpeduncular nucleus/ dorsolateral,IPDL,607344858,right,all,246,126.394,836.407,246,126.394,836.407
Interpeduncular nucleus/ rostrolateral,IPRL,607344862,left,all,217,150.955,970.811,217,150.955,970.811
Interpeduncular nucleus/ rostrolateral,IPRL,607344862,right,all,134,121.008,962.806,134,121.008,962.806
Rostral linear nucleus raphe,RL,197,left,all,1094,142.083,1009.24,1094,142.083,1009.24
Rostral linear nucleus raphe,RL,197,right,all,731,134.407,1077.92,731,134.407,1077.92
Central linear nucleus raphe,CLI,591,left,all,778,151.268,951.228,778,151.268,951.228
Central linear nucleus raphe,CLI,591,right,all,781,135.29,1065.95,781,135.29,1065.95
Dorsal nucleus raphe,DR,872,left,all,1796,200.18,834.249,1796,200.18,834.249
Dorsal nucleus raphe,DR,872,right,all,1756,194.953,870.992,1756,194.953,870.992
Hindbrain,HB,1065,left,all,478571,163.606,942.318,478571,163.606,942.318
Hindbrain,HB,1065,right,all,461283,172.722,889.611,461283,172.722,889.611
Pons,P,771,left,all,192794,165.294,1056.96,192794,165.294,1056.96
Pons,P,771,right,all,176404,172.036,955.615,176404,172.036,955.615
Pons/ sensory related,P-sen,1132,left,all,51371,172.025,1055.3,51371,172.025,1055.3
Pons/ sensory related,P-sen,1132,right,all,44737,173.771,882.01,44737,173.771,882.01
Nucleus of the lateral lemniscus,NLL,612,left,all,10839,153.591,1063.43,10839,153.591,1063.43
Nucleus of the lateral lemniscus,NLL,612,right,all,7573,127.341,852.431,7573,127.341,852.431
Principal sensory nucleus of the trigeminal,PSV,7,left,all,12882,202.616,1158.77,12882,202.616,1158.77
Principal sensory nucleus of the trigeminal,PSV,7,right,all,11357,220.835,916.716,11357,220.835,916.716
Parabrachial nucleus,PB,867,left,all,20016,160.557,994.136,20016,160.557,994.136
Parabrachial nucleus,PB,867,right,all,19175,159.139,847.585,19175,159.139,847.585
Koelliker-Fuse subnucleus,KF,123,left,all,2254,163.927,977.581,2254,163.927,977.581
Koelliker-Fuse subnucleus,KF,123,right,all,2753,172.755,844.144,2753,172.755,844.144
Superior olivary complex,SOC,398,left,all,7634,176.647,1029.57,7634,176.647,1029.57
Superior olivary complex,SOC,398,right,all,6632,188.497,955.884,6632,188.497,955.884
Superior olivary complex/ periolivary region,POR,122,left,all,2803,173.927,1015.2,2803,173.927,1015.2
Superior olivary complex/ periolivary region,POR,122,right,all,2652,210.558,978.604,2652,210.558,978.604
Superior olivary complex/ medial part,SOCm,105,left,all,1808,170.301,1034.47,1808,170.301,1034.47
Superior olivary complex/ medial part,SOCm,105,right,all,1937,162.685,979.166,1937,162.685,979.166
Superior olivary complex/ lateral part,SOCl,114,left,all,3023,182.964,1039.96,3023,182.964,1039.96
Superior olivary complex/ lateral part,SOCl,114,right,all,2043,184.334,904.317,2043,184.334,904.317
Pons/ motor related,P-mot,987,left,all,63000,161.14,1061.32,63000,161.14,1061.32
Pons/ motor related,P-mot,987,right,all,60306,172.431,981.191,60306,172.431,981.191
Barrington's nucleus,B,280,left,all,140,146.013,1030.87,140,146.013,1030.87
Barrington's nucleus,B,280,right,all,309,161.256,936.298,309,161.256,936.298
Dorsal tegmental nucleus,DTN,880,left,all,1199,150.447,992.261,1199,150.447,992.261
Dorsal tegmental nucleus,DTN,880,right,all,933,165.565,944.338,933,165.565,944.338
Posterodorsal tegmental nucleus,PDTg,599626927,left,all,322,157.762,957.04,322,157.762,957.04
Posterodorsal tegmental nucleus,PDTg,599626927,right,all,331,148.931,948.405,331,148.931,948.405
Pontine central gray,PCG,898,left,all,8759,158.327,1063.17,8759,158.327,1063.17
Pontine central gray,PCG,898,right,all,8346,173.152,1013.55,8346,173.152,1013.55
Pontine gray,PG,931,left,all,9217,132.254,783.359,9217,132.254,783.359
Pontine gray,PG,931,right,all,8630,124.496,725.433,8630,124.496,725.433
Pontine reticular nucleus/ caudal part,PRNc,1093,left,all,22359,175.566,1125.9,22359,175.566,1125.9
Pontine reticular nucleus/ caudal part,PRNc,1093,right,all,21986,187.436,1032.8,21986,187.436,1032.8
Supragenual nucleus,SG,318,left,all,113,117.983,747.637,113,117.983,747.637
Supragenual nucleus,SG,318,right,all,146,125.634,815.747,146,125.634,815.747
Supratrigeminal nucleus,SUT,534,left,all,4168,142.633,1085.26,4168,142.633,1085.26
Supratrigeminal nucleus,SUT,534,right,all,4033,153.332,928.056,4033,153.332,928.056
Tegmental reticular nucleus,TRN,574,left,all,6476,162.759,987.669,6476,162.759,987.669
Tegmental reticular nucleus,TRN,574,right,all,4991,157.627,906.341,4991,157.627,906.341
Motor nucleus of trigeminal,V,621,left,all,4764,179.262,1276.61,4764,179.262,1276.61
Motor nucleus of trigeminal,V,621,right,all,4999,198.194,1116.54,4999,198.194,1116.54
Peritrigeminal zone,P5,549009215,left,all,3961,150.081,1187.58,3961,150.081,1187.58
Peritrigeminal zone,P5,549009215,right,all,3982,188.286,1128.96,3982,188.286,1128.96
Accessory trigeminal nucleus,Acs5,549009219,left,all,102,136.502,1175.75,102,136.502,1175.75
Accessory trigeminal nucleus,Acs5,549009219,right,all,184,213.324,1206.86,184,213.324,1206.86
Parvicellular motor 5 nucleus,PC5,549009223,left,all,799,195.585,1071.43,799,195.585,1071.43
Parvicellular motor 5 nucleus,PC5,549009223,right,all,761,180.995,1039.43,761,180.995,1039.43
Intertrigeminal nucleus,I5,549009227,left,all,621,142.335,1205.44,621,142.335,1205.44
Intertrigeminal nucleus,I5,549009227,right,all,675,242.314,1162.81,675,242.314,1162.81
Pons/ behavioral state related,P-sat,1117,left,all,41028,146.302,1059.76,41028,146.302,1059.76
Pons/ behavioral state related,P-sat,1117,right,all,34649,153.864,986.503,34649,153.864,986.503
Superior central nucleus raphe,CS,679,left,all,6772,149.82,1076.89,6772,149.82,1076.89
Superior central nucleus raphe,CS,679,right,all,6876,138.186,1040.4,6876,138.186,1040.4
Locus ceruleus,LC,147,left,all,237,180.459,1087.41,237,180.459,1087.41
Locus ceruleus,LC,147,right,all,271,146.766,1013.15,271,146.766,1013.15
Laterodorsal tegmental nucleus,LDT,162,left,all,2558,154.445,906.101,2558,154.445,906.101
Laterodorsal tegmental nucleus,LDT,162,right,all,1836,157.403,832.033,1836,157.403,832.033
Nucleus incertus,NI,604,left,all,1268,168.468,1164.3,1268,168.468,1164.3
Nucleus incertus,NI,604,right,all,1248,168.068,1168.79,1248,168.068,1168.79
Pontine reticular nucleus,PRNr,146,left,all,27995,136.717,1062.53,27995,136.717,1062.53
Pontine reticular nucleus,PRNr,146,right,all,21130,145.649,948.298,21130,145.649,948.298
Nucleus raphe pontis,RPO,238,left,all,1266,220.701,1141.86,1266,220.701,1141.86
Nucleus raphe pontis,RPO,238,right,all,1605,150.815,1174.78,1605,150.815,1174.78
Subceruleus nucleus,SLC,350,left,all,466,319.357,1113.74,466,319.357,1113.74
Subceruleus nucleus,SLC,350,right,all,614,438.536,1286.22,614,438.536,1286.22
Sublaterodorsal nucleus,SLD,358,left,all,466,173.472,911.751,466,173.472,911.751
Sublaterodorsal nucleus,SLD,358,right,all,1069,237.3,985.925,1069,237.3,985.925
Medulla,MY,354,left,all,285777,162.467,864.973,285777,162.467,864.973
Medulla,MY,354,right,all,284879,173.146,848.74,284879,173.146,848.74
Medulla/ sensory related,MY-sen,386,left,all,86206,167.419,869.902,86206,167.419,869.902
Medulla/ sensory related,MY-sen,386,right,all,73824,159.281,755.7,73824,159.281,755.7
Area postrema,AP,207,left,all,1697,116.809,772.338,1697,116.809,772.338
Area postrema,AP,207,right,all,1617,119.67,786.078,1617,119.67,786.078
Cochlear nuclei,CN,607,left,all,24861,178.132,942.604,24861,178.132,942.604
Cochlear nuclei,CN,607,right,all,21830,145.749,745.748,21830,145.749,745.748
Dorsal cochlear nucleus,DCO,96,left,all,8179,162.115,873.678,8179,162.115,873.678
Dorsal cochlear nucleus,DCO,96,right,all,7649,194.278,829.793,7649,194.278,829.793
Ventral cochlear nucleus,VCO,101,left,all,16682,185.985,976.397,16682,185.985,976.397
Ventral cochlear nucleus,VCO,101,right,all,14181,119.574,700.416,14181,119.574,700.416
Dorsal column nuclei,DCN,720,left,all,12370,131.183,790.474,12370,131.183,790.474
Dorsal column nuclei,DCN,720,right,all,9900,135.193,770.304,9900,135.193,770.304
Cuneate nucleus,CU,711,left,all,9583,132.586,789.931,9583,132.586,789.931
Cuneate nucleus,CU,711,right,all,7583,134.814,756.878,7583,134.814,756.878
Gracile nucleus,GR,1039,left,all,2787,126.362,792.341,2787,126.362,792.341
Gracile nucleus,GR,1039,right,all,2317,136.433,814.243,2317,136.433,814.243
External cuneate nucleus,ECU,903,left,all,4141,124.953,772.785,4141,124.953,772.785
External cuneate nucleus,ECU,903,right,all,4283,117.901,637.968,4283,117.901,637.968
Nucleus of the trapezoid body,NTB,642,left,all,1290,220.355,983.148,1290,220.355,983.148
Nucleus of the trapezoid body,NTB,642,right,all,1293,207.942,918.384,1293,207.942,918.384
Nucleus of the solitary tract,NTS,651,left,all,12441,130.24,749.727,12441,130.24,749.727
Nucleus of the solitary tract,NTS,651,right,all,10707,132.291,749.758,10707,132.291,749.758
Spinal nucleus of the trigeminal/ caudal part,SPVC,429,left,all,8598,222.018,989.464,8598,222.018,989.464
Spinal nucleus of the trigeminal/ caudal part,SPVC,429,right,all,3640,273.938,952.497,3640,273.938,952.497
Spinal nucleus of the trigeminal/ interpolar part,SPVI,437,left,all,13039,183.341,855.012,13039,183.341,855.012
Spinal nucleus of the trigeminal/ interpolar part,SPVI,437,right,all,12196,157.4,668.916,12196,157.4,668.916
Spinal nucleus of the trigeminal/ oral part,SPVO,445,left,all,6448,198.09,942.279,6448,198.09,942.279
Spinal nucleus of the trigeminal/ oral part,SPVO,445,right,all,7706,235.247,851.683,7706,235.247,851.683
Paratrigeminal nucleus,Pa5,589508451,left,all,1321,139.431,711.93,1321,139.431,711.93
Paratrigeminal nucleus,Pa5,589508451,right,all,652,192.129,730.391,652,192.129,730.391
Medulla/ motor related,MY-mot,370,left,all,154017,156.646,864.682,154017,156.646,864.682
Medulla/ motor related,MY-mot,370,right,all,167180,175.703,892.171,167180,175.703,892.171
Abducens nucleus,VI,653,left,all,208,145.142,1046.85,208,145.142,1046.85
Abducens nucleus,VI,653,right,all,356,202.879,1120.38,356,202.879,1120.38
Facial motor nucleus,VII,661,left,all,7135,183.019,909.945,7135,183.019,909.945
Facial motor nucleus,VII,661,right,all,8505,216.598,944.08,8505,216.598,944.08
Accessory facial motor nucleus,ACVII,576,left,all,50,181.268,1074.48,50,181.268,1074.48
Accessory facial motor nucleus,ACVII,576,right,all,57,159.98,947.544,57,159.98,947.544
Nucleus ambiguus,AMB,135,left,all,268,119.559,719.881,268,119.559,719.881
Nucleus ambiguus,AMB,135,right,all,229,134.668,721.166,229,134.668,721.166
Nucleus ambiguus/ dorsal division,AMBd,939,left,all,118,124.665,743.195,118,124.665,743.195
Nucleus ambiguus/ dorsal division,AMBd,939,right,all,130,136.691,745.054,130,136.691,745.054
Nucleus ambiguus/ ventral division,AMBv,143,left,all,150,115.543,701.54,150,115.543,701.54
Nucleus ambiguus/ ventral division,AMBv,143,right,all,99,132.011,689.798,99,132.011,689.798
Dorsal motor nucleus of the vagus nerve,DMX,839,left,all,2179,138.016,733.897,2179,138.016,733.897
Dorsal motor nucleus of the vagus nerve,DMX,839,right,all,1260,151.666,749.488,1260,151.666,749.488
Gigantocellular reticular nucleus,GRN,1048,left,all,18862,165.415,899.794,18862,165.415,899.794
Gigantocellular reticular nucleus,GRN,1048,right,all,22754,164.606,894.908,22754,164.606,894.908
Infracerebellar nucleus,ICB,372,left,all,357,110.82,834.011,357,110.82,834.011
Infracerebellar nucleus,ICB,372,right,all,495,132.2,825.279,495,132.2,825.279
Inferior olivary complex,IO,83,left,all,2335,147.411,667.968,2335,147.411,667.968
Inferior olivary complex,IO,83,right,all,2973,157.106,704.351,2973,157.106,704.351
Intermediate reticular nucleus,IRN,136,left,all,21042,149.692,850.211,21042,149.692,850.211
Intermediate reticular nucleus,IRN,136,right,all,25693,160.23,882.526,25693,160.23,882.526
Inferior salivatory nucleus,ISN,106,left,all,41,234.774,1104.22,41,234.774,1104.22
Inferior salivatory nucleus,ISN,106,right,all,73,192.757,960.055,73,192.757,960.055
Linear nucleus of the medulla,LIN,203,left,all,425,129.851,751.635,425,129.851,751.635
Linear nucleus of the medulla,LIN,203,right,all,355,127.634,718.101,355,127.634,718.101
Lateral reticular nucleus,LRN,235,left,all,4544,158.478,787.968,4544,158.478,787.968
Lateral reticular nucleus,LRN,235,right,all,3748,161.681,766.495,3748,161.681,766.495
Lateral reticular nucleus/ magnocellular part,LRNm,955,left,all,4170,159.834,796.776,4170,159.834,796.776
Lateral reticular nucleus/ magnocellular part,LRNm,955,right,all,3443,157.221,752.322,3443,157.221,752.322
Lateral reticular nucleus/ parvicellular part,LRNp,963,left,all,374,143.351,689.759,374,143.351,689.759
Lateral reticular nucleus/ parvicellular part,LRNp,963,right,all,305,212.024,926.495,305,212.024,926.495
Magnocellular reticular nucleus,MARN,307,left,all,3963,181.332,848.569,3963,181.332,848.569
Magnocellular reticular nucleus,MARN,307,right,all,4793,188.788,850.483,4793,188.788,850.483
Medullary reticular nucleus,MDRN,395,left,all,14667,166.448,813.871,14667,166.448,813.871
Medullary reticular nucleus,MDRN,395,right,all,14962,195.32,824.183,14962,195.32,824.183
Medullary reticular nucleus/ dorsal part,MDRNd,1098,left,all,7088,170.172,880.648,7088,170.172,880.648
Medullary reticular nucleus/ dorsal part,MDRNd,1098,right,all,7505,216.63,870.879,7505,216.63,870.879
Medullary reticular nucleus/ ventral part,MDRNv,1107,left,all,7579,162.966,751.421,7579,162.966,751.421
Medullary reticular nucleus/ ventral part,MDRNv,1107,right,all,7457,173.873,777.186,7457,173.873,777.186
Parvicellular reticular nucleus,PARN,852,left,all,17879,165.181,934.812,17879,165.181,934.812
Parvicellular reticular nucleus,PARN,852,right,all,22717,202.533,947.53,22717,202.533,947.53
Parasolitary nucleus,PAS,859,left,all,625,128.141,689.274,625,128.141,689.274
Parasolitary nucleus,PAS,859,right,all,422,121.701,648.616,422,121.701,648.616
Paragigantocellular reticular nucleus,PGRN,938,left,all,6824,138.915,751.43,6824,138.915,751.43
Paragigantocellular reticular nucleus,PGRN,938,right,all,8057,151.168,848.498,8057,151.168,848.498
Paragigantocellular reticular nucleus/ dorsal part,PGRNd,970,left,all,2332,118.676,740.741,2332,118.676,740.741
Paragigantocellular reticular nucleus/ dorsal part,PGRNd,970,right,all,2926,156.802,1039.63,2926,156.802,1039.63
Paragigantocellular reticular nucleus/ lateral part,PGRNl,978,left,all,4492,149.421,756.979,4492,149.421,756.979
Paragigantocellular reticular nucleus/ lateral part,PGRNl,978,right,all,5131,147.956,739.505,5131,147.956,739.505
Perihypoglossal nuclei,PHY,154,left,all,4901,112.184,620.033,4901,112.184,620.033
Perihypoglossal nuclei,PHY,154,right,all,3303,118.916,681.102,3303,118.916,681.102
Nucleus of Roller,NR,177,left,all,101,138.374,504.178,101,138.374,504.178
Nucleus of Roller,NR,177,right,all,235,160.65,637.749,235,160.65,637.749
Nucleus prepositus,PRP,169,left,all,4800,111.632,622.471,4800,111.632,622.471
Nucleus prepositus,PRP,169,right,all,3068,115.72,684.423,3068,115.72,684.423
Parapyramidal nucleus,PPY,1069,left,all,916,189.203,863.834,916,189.203,863.834
Parapyramidal nucleus,PPY,1069,right,all,978,192.983,861.788,978,192.983,861.788
Vestibular nuclei,VNC,701,left,all,44810,153.734,922.222,44810,153.734,922.222
Vestibular nuclei,VNC,701,right,all,43385,173.589,948.4,43385,173.589,948.4
Lateral vestibular nucleus,LAV,209,left,all,3180,220.215,1170.38,3180,220.215,1170.38
Lateral vestibular nucleus,LAV,209,right,all,3453,215.13,1045.9,3453,215.13,1045.9
Medial vestibular nucleus,MV,202,left,all,27374,154.266,927.229,27374,154.266,927.229
Medial vestibular nucleus,MV,202,right,all,26237,175.046,972.523,26237,175.046,972.523
Spinal vestibular nucleus,SPIV,225,left,all,9763,130.88,727.368,9763,130.88,727.368
Spinal vestibular nucleus,SPIV,225,right,all,9371,142.309,775.691,9371,142.309,775.691
Superior vestibular nucleus,SUV,217,left,all,4493,153.102,1139.48,4493,153.102,1139.48
Superior vestibular nucleus,SUV,217,right,all,4324,199.365,1098.46,4324,199.365,1098.46
Nucleus x,x,765,left,all,733,106.504,539.16,733,106.504,539.16
Nucleus x,x,765,right,all,417,128.266,735.775,417,128.266,735.775
Hypoglossal nucleus,XII,773,left,all,1009,128.136,539.709,1009,128.136,539.709
Hypoglossal nucleus,XII,773,right,all,1277,144.243,630.006,1277,144.243,630.006
Nucleus y,y,781,left,all,244,201.797,1182.3,244,201.797,1182.3
Nucleus y,y,781,right,all,371,324.978,1160.21,371,324.978,1160.21
Medulla/ behavioral state related,MY-sat,379,left,all,1407,181.957,880.466,1407,181.957,880.466
Medulla/ behavioral state related,MY-sat,379,right,all,1696,177.789,865.282,1696,177.789,865.282
Nucleus raphe magnus,RM,206,left,all,994,193.617,949.216,994,193.617,949.216
Nucleus raphe magnus,RM,206,right,all,1052,190.134,953.87,1052,190.134,953.87
Nucleus raphe pallidus,RPA,230,left,all,200,140.453,717.66,200,140.453,717.66
Nucleus raphe pallidus,RPA,230,right,all,325,153.764,729.317,325,153.764,729.317
Nucleus raphe obscurus,RO,222,left,all,213,166.514,712.502,213,166.514,712.502
Nucleus raphe obscurus,RO,222,right,all,319,161.555,711.658,319,161.555,711.658
Cerebellum,CB,512,left,all,577750,160.55,839.004,577750,160.55,839.004
Cerebellum,CB,512,right,all,522149,160.544,762.649,522149,160.544,762.649
Cerebellar cortex,CBX,528,left,all,542836,161.442,835.847,542836,161.442,835.847
Cerebellar cortex,CBX,528,right,all,488061,161.158,758.446,488061,161.158,758.446
Vermal regions,VERM,645,left,all,221156,149.25,828.224,221156,149.25,828.224
Vermal regions,VERM,645,right,all,219954,153.093,784.655,219954,153.093,784.655
Lingula (I),LING,912,left,all,1565,133.737,1000.14,1565,133.737,1000.14
Lingula (I),LING,912,right,all,1305,132.746,984.21,1305,132.746,984.21
Central lobule,CENT,920,left,all,62619,152.041,880.279,62619,152.041,880.279
Central lobule,CENT,920,right,all,71648,157.387,837.427,71648,157.387,837.427
Lobule II,CENT2,976,left,all,22068,153.585,946.047,22068,153.585,946.047
Lobule II,CENT2,976,right,all,23908,150.93,914.782,23908,150.93,914.782
Lobule III,CENT3,984,left,all,40551,151.201,844.488,40551,151.201,844.488
Lobule III,CENT3,984,right,all,47740,160.621,798.688,47740,160.621,798.688
Culmen,CUL,928,left,all,67507,154.557,839.347,67507,154.557,839.347
Culmen,CUL,928,right,all,63547,155.297,761.213,63547,155.297,761.213
Lobules IV-V,CUL4/ 5,1091,left,all,67507,154.557,839.347,67507,154.557,839.347
Lobules IV-V,CUL4/ 5,1091,right,all,63547,155.297,761.213,63547,155.297,761.213
Declive (VI),DEC,936,left,all,9674,125.011,663.155,9674,125.011,663.155
Declive (VI),DEC,936,right,all,9868,133.205,639.666,9868,133.205,639.666
Folium-tuber vermis (VII),FOTU,944,left,all,3930,133.645,678.839,3930,133.645,678.839
Folium-tuber vermis (VII),FOTU,944,right,all,3298,170.904,725.604,3298,170.904,725.604
Pyramus (VIII),PYR,951,left,all,15541,159.163,770.151,15541,159.163,770.151
Pyramus (VIII),PYR,951,right,all,15591,154.006,730.783,15591,154.006,730.783
Uvula (IX),UVU,957,left,all,37153,150.352,816.384,37153,150.352,816.384
Uvula (IX),UVU,957,right,all,35017,149.463,772.295,35017,149.463,772.295
Nodulus (X),NOD,968,left,all,23167,131.64,795.716,23167,131.64,795.716
Nodulus (X),NOD,968,right,all,19680,144.415,802.265,19680,144.415,802.265
Hemispheric regions,HEM,1073,left,all,321680,169.824,841.088,321680,169.824,841.088
Hemispheric regions,HEM,1073,right,all,268107,167.774,736.944,268107,167.774,736.944
Simple lobule,SIM,1007,left,all,54772,199.478,992.723,54772,199.478,992.723
Simple lobule,SIM,1007,right,all,48550,162.104,779.581,48550,162.104,779.581
Ansiform lobule,AN,1017,left,all,65900,172.019,824.375,65900,172.019,824.375
Ansiform lobule,AN,1017,right,all,52734,175.904,764.431,52734,175.904,764.431
Crus 1,ANcr1,1056,left,all,40510,164.659,836.257,40510,164.659,836.257
Crus 1,ANcr1,1056,right,all,34748,157.625,747.091,34748,157.625,747.091
Crus 2,ANcr2,1064,left,all,25390,183.762,805.417,25390,183.762,805.417
Crus 2,ANcr2,1064,right,all,17986,211.218,797.93,17986,211.218,797.93
Paramedian lobule,PRM,1025,left,all,75215,158.148,757.336,75215,158.148,757.336
Paramedian lobule,PRM,1025,right,all,49323,187.846,698.771,49323,187.846,698.771
Copula pyramidis,COPY,1033,left,all,32731,153.196,781.62,32731,153.196,781.62
Copula pyramidis,COPY,1033,right,all,35206,144.256,660.638,35206,144.256,660.638
Paraflocculus,PFL,1041,left,all,64194,176.55,857.268,64194,176.55,857.268
Paraflocculus,PFL,1041,right,all,59741,173.573,781.22,59741,173.573,781.22
Flocculus,FL,1049,left,all,28868,142.869,841.195,28868,142.869,841.195
Flocculus,FL,1049,right,all,22553,138.427,666.2,22553,138.427,666.2
Cerebellar nuclei,CBN,519,left,all,22433,146.584,868.199,22433,146.584,868.199
Cerebellar nuclei,CBN,519,right,all,23175,156.549,829.462,23175,156.549,829.462
Fastigial nucleus,FN,989,left,all,6493,136.646,819.289,6493,136.646,819.289
Fastigial nucleus,FN,989,right,all,6275,142.931,812.878,6275,142.931,812.878
Interposed nucleus,IP,91,left,all,11419,138.206,850.395,11419,138.206,850.395
Interposed nucleus,IP,91,right,all,12402,161.173,827.041,12402,161.173,827.041
Dentate nucleus,DN,846,left,all,3928,185.071,981.057,3928,185.071,981.057
Dentate nucleus,DN,846,right,all,3833,162.45,827.023,3833,162.45,827.023
Vestibulocerebellar nucleus,VeCB,589508455,left,all,593,161.82,999.002,593,161.82,999.002
Vestibulocerebellar nucleus,VeCB,589508455,right,all,665,164.8,1045.15,665,164.8,1045.15
fiber tracts,fiber tracts,1009,left,all,618932,147.22,894.448,618932,147.22,894.448
fiber tracts,fiber tracts,1009,right,all,496327,150.641,790.499,496327,150.641,790.499
cranial nerves,cm,967,left,all,81309,186.904,965.039,81309,186.904,965.039
cranial nerves,cm,967,right,all,82537,197.955,929.473,82537,197.955,929.473
vomeronasal nerve,von,949,left,all,23,111.094,541.261,23,111.094,541.261
vomeronasal nerve,von,949,right,all,61,188.761,502.918,61,188.761,502.918
olfactory nerve,In,840,left,all,24881,254.301,1062.5,24881,254.301,1062.5
olfactory nerve,In,840,right,all,30118,266.418,1077.73,30118,266.418,1077.73
olfactory nerve layer of main olfactory bulb,onl,1016,left,all,8794,244.982,919.971,8794,244.982,919.971
olfactory nerve layer of main olfactory bulb,onl,1016,right,all,14792,277.306,1079.53,14792,277.306,1079.53
lateral olfactory tract/ general,lotg,21,left,all,10985,326.212,1273.06,10985,326.212,1273.06
lateral olfactory tract/ general,lotg,21,right,all,11020,313.274,1177.9,11020,313.274,1177.9
lateral olfactory tract/ body,lot,665,left,all,9094,362.99,1391.57,9094,362.99,1391.57
lateral olfactory tract/ body,lot,665,right,all,9105,351.792,1283.19,9105,351.792,1283.19
dorsal limb,lotd,538,left,all,1891,149.34,703.118,1891,149.34,703.118
dorsal limb,lotd,538,right,all,1915,130.137,677.281,1915,130.137,677.281
anterior commissure/ olfactory limb,aco,900,left,all,5102,115.535,854.84,5102,115.535,854.84
anterior commissure/ olfactory limb,aco,900,right,all,4306,109.099,815.161,4306,109.099,815.161
optic nerve,IIn,848,left,all,8644,141.399,814.286,8644,141.399,814.286
optic nerve,IIn,848,right,all,7923,122.319,789.383,7923,122.319,789.383
brachium of the superior colliculus,bsc,916,left,all,1749,148.391,855.324,1749,148.391,855.324
brachium of the superior colliculus,bsc,916,right,all,1500,132.401,783.089,1500,132.401,783.089
superior colliculus commissure,csc,336,left,all,259,208.62,819.093,259,208.62,819.093
superior colliculus commissure,csc,336,right,all,312,169.637,831.763,312,169.637,831.763
optic chiasm,och,117,left,all,8,107.238,602.5,8,107.238,602.5
optic chiasm,och,117,right,all,47,103.878,609.83,47,103.878,609.83
optic tract,opt,125,left,all,6628,136.969,803.525,6628,136.969,803.525
optic tract,opt,125,right,all,6064,117.533,790.151,6064,117.533,790.151
oculomotor nerve,IIIn,832,left,all,2348,167.63,838.997,2348,167.63,838.997
oculomotor nerve,IIIn,832,right,all,2214,155.495,910.756,2214,155.495,910.756
medial longitudinal fascicle,mlf,62,left,all,1680,170.204,833.754,1680,170.204,833.754
medial longitudinal fascicle,mlf,62,right,all,1579,149.82,905.73,1579,149.82,905.73
posterior commissure,pc,158,left,all,557,165.768,855.314,557,165.768,855.314
posterior commissure,pc,158,right,all,526,172.098,945.103,526,172.098,945.103
trochlear nerve,IVn,911,left,all,82,126.371,906.207,82,126.371,906.207
trochlear nerve,IVn,911,right,all,84,132.094,833.262,84,132.094,833.262
trigeminal nerve,Vn,901,left,all,12852,166.258,800.892,12852,166.258,800.892
trigeminal nerve,Vn,901,right,all,16421,184.364,820.41,16421,184.364,820.41
motor root of the trigeminal nerve,moV,93,left,all,403,125.863,761.757,403,125.863,761.757
motor root of the trigeminal nerve,moV,93,right,all,287,98.543,496.589,287,98.543,496.589
sensory root of the trigeminal nerve,sV,229,left,all,12449,167.565,802.158,12449,167.565,802.158
sensory root of the trigeminal nerve,sV,229,right,all,16134,185.891,826.17,16134,185.891,826.17
spinal tract of the trigeminal nerve,sptV,794,left,all,10153,170.213,793.151,10153,170.213,793.151
spinal tract of the trigeminal nerve,sptV,794,right,all,12084,191.813,842.512,12084,191.813,842.512
facial nerve,VIIn,798,left,all,1075,171.876,1121.06,1075,171.876,1121.06
facial nerve,VIIn,798,right,all,1608,203.217,1148.79,1608,203.217,1148.79
genu of the facial nerve,gVIIn,1116,left,all,240,145.985,1103.47,240,145.985,1103.47
genu of the facial nerve,gVIIn,1116,right,all,408,208.13,1193.58,408,208.13,1193.58
vestibulocochlear nerve,VIIIn,933,left,all,21620,161.977,998.344,21620,161.977,998.344
vestibulocochlear nerve,VIIIn,933,right,all,15061,147.399,780.574,15061,147.399,780.574
vestibular nerve,vVIIIn,413,left,all,2117,231.988,1121.75,2117,231.988,1121.75
vestibular nerve,vVIIIn,413,right,all,1851,144.666,771.43,1851,144.666,771.43
cochlear nerve,cVIIIn,948,left,all,19503,154.377,984.949,19503,154.377,984.949
cochlear nerve,cVIIIn,948,right,all,13210,147.782,781.855,13210,147.782,781.855
trapezoid body,tb,841,left,all,2038,215.708,1053.43,2038,215.708,1053.43
trapezoid body,tb,841,right,all,1866,222.07,999.39,1866,222.07,999.39
dorsal acoustic stria,das,506,left,all,147,172.764,1113.12,147,172.764,1113.12
dorsal acoustic stria,das,506,right,all,159,241.616,1180.35,159,241.616,1180.35
lateral lemniscus,ll,658,left,all,14376,146.659,1028.86,14376,146.659,1028.86
lateral lemniscus,ll,658,right,all,9086,133.143,778.364,9086,133.143,778.364
inferior colliculus commissure,cic,633,left,all,70,207.096,775,70,207.096,775
inferior colliculus commissure,cic,633,right,all,112,174.497,635.161,112,174.497,635.161
brachium of the inferior colliculus,bic,482,left,all,2872,147.266,715.13,2872,147.266,715.13
brachium of the inferior colliculus,bic,482,right,all,1987,135.943,569.912,1987,135.943,569.912
vagus nerve,Xn,917,left,all,346,131.675,747.613,346,131.675,747.613
vagus nerve,Xn,917,right,all,241,126.05,661.025,241,126.05,661.025
solitary tract,ts,237,left,all,346,131.675,747.613,346,131.675,747.613
solitary tract,ts,237,right,all,241,126.05,661.025,241,126.05,661.025
dorsal roots,drt,792,left,all,9438,145.363,1016.49,9438,145.363,1016.49
dorsal roots,drt,792,right,all,8806,156.039,982.385,8806,156.039,982.385
cervicothalamic tract,cett,932,left,all,9438,145.363,1016.49,9438,145.363,1016.49
cervicothalamic tract,cett,932,right,all,8806,156.039,982.385,8806,156.039,982.385
dorsal column,dc,514,left,all,505,130.752,803.602,505,130.752,803.602
dorsal column,dc,514,right,all,508,299.598,1193.58,508,299.598,1193.58
cuneate fascicle,cuf,380,left,all,505,130.752,803.602,505,130.752,803.602
cuneate fascicle,cuf,380,right,all,508,299.598,1193.58,508,299.598,1193.58
medial lemniscus,ml,697,left,all,8933,146.189,1028.53,8933,146.189,1028.53
medial lemniscus,ml,697,right,all,8298,147.251,969.455,8298,147.251,969.455
cerebellum related fiber tracts,cbf,960,left,all,148167,151.567,851.777,148167,151.567,851.777
cerebellum related fiber tracts,cbf,960,right,all,130056,155.744,781.911,130056,155.744,781.911
cerebellar commissure,cbc,744,left,all,845,140.032,873.693,845,140.032,873.693
cerebellar commissure,cbc,744,right,all,944,147.546,825.909,944,147.546,825.909
cerebellar peduncles,cbp,752,left,all,33017,165.687,881.31,33017,165.687,881.31
cerebellar peduncles,cbp,752,right,all,26995,157.638,779.804,26995,157.638,779.804
superior cerebelar peduncles,scp,326,left,all,12039,167.033,985.618,12039,167.033,985.618
superior cerebelar peduncles,scp,326,right,all,11331,163.407,896.234,11331,163.407,896.234
superior cerebellar peduncle decussation,dscp,812,left,all,661,273.878,1066.43,661,273.878,1066.43
superior cerebellar peduncle decussation,dscp,812,right,all,641,150.327,963.771,641,150.327,963.771
uncinate fascicle,uf,850,left,all,1558,157.592,964.211,1558,157.592,964.211
uncinate fascicle,uf,850,right,all,2401,141.769,874.245,2401,141.769,874.245
ventral spinocerebellar tract,sctv,866,left,all,2395,185.06,950.413,2395,185.06,950.413
ventral spinocerebellar tract,sctv,866,right,all,1704,200.002,906.806,1704,200.002,906.806
middle cerebellar peduncle,mcp,78,left,all,11034,162.604,855.509,11034,162.604,855.509
middle cerebellar peduncle,mcp,78,right,all,9765,149.199,640.955,9765,149.199,640.955
inferior cerebellar peduncle,icp,1123,left,all,9944,167.479,783.654,9944,167.479,783.654
inferior cerebellar peduncle,icp,1123,right,all,5899,160.527,786.008,5899,160.527,786.008
dorsal spinocerebellar tract,sctd,553,left,all,1194,231.854,955.124,1194,231.854,955.124
dorsal spinocerebellar tract,sctd,553,right,all,329,402.468,1365.58,329,402.468,1365.58
arbor vitae,arb,728,left,all,114305,147.574,843.084,114305,147.574,843.084
arbor vitae,arb,728,right,all,102117,155.319,782.061,102117,155.319,782.061
supra-callosal cerebral white matter,scwm,484682512,left,all,24481,132.534,849.547,24481,132.534,849.547
supra-callosal cerebral white matter,scwm,484682512,right,all,9514,118.081,652.571,9514,118.081,652.571
lateral forebrain bundle system,lfbs,983,left,all,236084,135.135,910.778,236084,135.135,910.778
lateral forebrain bundle system,lfbs,983,right,all,164128,130.683,748.196,164128,130.683,748.196
corpus callosum,cc,776,left,all,126034,136.271,849.523,126034,136.271,849.523
corpus callosum,cc,776,right,all,91090,132.031,716.359,91090,132.031,716.359
corpus callosum/ anterior forceps,fa,956,left,all,22326,136.506,779.353,22326,136.506,779.353
corpus callosum/ anterior forceps,fa,956,right,all,19873,125.452,635.708,19873,125.452,635.708
external capsule,ec,579,left,all,11731,151.097,779.079,11731,151.097,779.079
external capsule,ec,579,right,all,12385,138.306,616.358,12385,138.306,616.358
corpus callosum/ extreme capsule,ee,964,left,all,1060,165.198,685.519,1060,165.198,685.519
corpus callosum/ extreme capsule,ee,964,right,all,873,147.566,541.926,873,147.566,541.926
genu of corpus callosum,ccg,1108,left,all,11858,122.775,907.238,11858,122.775,907.238
genu of corpus callosum,ccg,1108,right,all,10026,110.084,791.995,10026,110.084,791.995
corpus callosum/ posterior forceps,fp,971,left,all,19752,140.452,824.083,19752,140.452,824.083
corpus callosum/ posterior forceps,fp,971,right,all,14398,170.873,711.406,14398,170.873,711.406
corpus callosum/ body,ccb,484682516,left,all,58957,130.448,848.948,58957,130.448,848.948
corpus callosum/ body,ccb,484682516,right,all,37369,116.272,728.001,37369,116.272,728.001
corpus callosum/ splenium,ccs,986,left,all,12081,168.129,981.339,12081,168.129,981.339
corpus callosum/ splenium,ccs,986,right,all,8551,174.931,790.382,8551,174.931,790.382
corticospinal tract,cst,784,left,all,53504,120.36,964.326,53504,120.36,964.326
corticospinal tract,cst,784,right,all,43743,122.237,804.986,43743,122.237,804.986
internal capsule,int,6,left,all,40592,117.28,1020.1,40592,117.28,1020.1
internal capsule,int,6,right,all,29190,105.313,814.702,29190,105.313,814.702
cerebal peduncle,cpd,924,left,all,9584,118.865,800.416,9584,118.865,800.416
cerebal peduncle,cpd,924,right,all,9857,127.753,775.708,9857,127.753,775.708
pyramid,py,190,left,all,2477,160.747,750.417,2477,160.747,750.417
pyramid,py,190,right,all,3737,224.912,812.33,3737,224.912,812.33
pyramidal decussation,pyd,198,left,all,604,171.286,749.921,604,171.286,749.921
pyramidal decussation,pyd,198,right,all,677,163.427,766.668,677,163.427,766.668
thalamus related,lfbst,896,left,all,56546,146.585,996.641,56546,146.585,996.641
thalamus related,lfbst,896,right,all,29295,139.105,762.392,29295,139.105,762.392
external medullary lamina of the thalamus,em,1092,left,all,2567,143.559,1188.4,2567,143.559,1188.4
external medullary lamina of the thalamus,em,1092,right,all,1392,121.81,923.995,1392,121.81,923.995
optic radiation,or,484682520,left,all,41933,147.489,966.963,41933,147.489,966.963
optic radiation,or,484682520,right,all,21910,145.499,723.168,21910,145.499,723.168
auditory radiation,ar,484682524,left,all,12046,144.082,1059.09,12046,144.082,1059.09
auditory radiation,ar,484682524,right,all,5993,119.746,868.256,5993,119.746,868.256
extrapyramidal fiber systems,eps,1000,left,all,11802,157.112,969.304,11802,157.112,969.304
extrapyramidal fiber systems,eps,1000,right,all,9813,171.124,956.857,9813,171.124,956.857
cerebral nuclei related,epsc,760,left,all,1358,140.099,1113.35,1358,140.099,1113.35
cerebral nuclei related,epsc,760,right,all,719,122.802,936.587,719,122.802,936.587
nigrostriatal tract,nst,102,left,all,1358,140.099,1113.35,1358,140.099,1113.35
nigrostriatal tract,nst,102,right,all,719,122.802,936.587,719,122.802,936.587
tectospinal pathway,tsp,877,left,all,5183,155.446,988.234,5183,155.446,988.234
tectospinal pathway,tsp,877,right,all,4590,148.747,953.669,4590,148.747,953.669
direct tectospinal pathway,tspd,1051,left,all,1,105.32,943,1,105.32,943
direct tectospinal pathway,tspd,1051,right,all,0,0,0,0,0,0
doral tegmental decussation,dtd,1060,left,all,96,148.145,950.51,96,148.145,950.51
doral tegmental decussation,dtd,1060,right,all,110,128.941,1146.55,110,128.941,1146.55
crossed tectospinal pathway,tspc,1043,left,all,5086,155.594,988.955,5086,155.594,988.955
crossed tectospinal pathway,tspc,1043,right,all,4480,149.233,948.933,4480,149.233,948.933
rubrospinal tract,rust,863,left,all,5261,163.145,913.473,5261,163.145,913.473
rubrospinal tract,rust,863,right,all,4504,201.642,963.34,4504,201.642,963.34
ventral tegmental decussation,vtd,397,left,all,412,148.781,1003.7,412,148.781,1003.7
ventral tegmental decussation,vtd,397,right,all,299,153.009,1046.28,299,153.009,1046.28
medial forebrain bundle system,mfbs,991,left,all,97590,139.923,847.6,97590,139.923,847.6
medial forebrain bundle system,mfbs,991,right,all,84745,139.823,737.737,84745,139.823,737.737
cerebrum related,mfbc,768,left,all,86214,140.575,831.649,86214,140.575,831.649
cerebrum related,mfbc,768,right,all,74897,141.329,706.514,74897,141.329,706.514
amygdalar capsule,amc,884,left,all,1513,143.929,743.385,1513,143.929,743.385
amygdalar capsule,amc,884,right,all,1140,116.894,566.723,1140,116.894,566.723
anterior commissure/ temporal limb,act,908,left,all,1724,130.063,786.534,1724,130.063,786.534
anterior commissure/ temporal limb,act,908,right,all,1117,124.323,741.007,1117,124.323,741.007
cingulum bundle,cing,940,left,all,18703,137.122,805.704,18703,137.122,805.704
cingulum bundle,cing,940,right,all,14935,140.5,739.084,14935,140.5,739.084
fornix system,fxs,1099,left,all,58902,142.324,839.809,58902,142.324,839.809
fornix system,fxs,1099,right,all,53960,143.962,700.414,53960,143.962,700.414
alveus,alv,466,left,all,17369,152.82,862.199,17369,152.82,862.199
alveus,alv,466,right,all,20357,152.193,714.895,20357,152.193,714.895
dorsal fornix,df,530,left,all,343,133.181,688.56,343,133.181,688.56
dorsal fornix,df,530,right,all,376,144.421,650.064,376,144.421,650.064
fimbria,fi,603,left,all,25718,143.654,863.493,25718,143.654,863.493
fimbria,fi,603,right,all,19593,130.536,669.005,19593,130.536,669.005
postcommissural fornix,fxpo,737,left,all,3866,104.66,866.236,3866,104.66,866.236
postcommissural fornix,fxpo,737,right,all,2609,108.073,814.654,2609,108.073,814.654
medial corticohypothalamic tract,mct,428,left,all,95,108.055,854.411,95,108.055,854.411
medial corticohypothalamic tract,mct,428,right,all,73,102.897,922.411,73,102.897,922.411
columns of the fornix,fx,436,left,all,3771,104.575,866.534,3771,104.575,866.534
columns of the fornix,fx,436,right,all,2536,108.222,811.552,2536,108.222,811.552
hippocampal commissures,hc,618,left,all,11606,136.483,749.487,11606,136.483,749.487
hippocampal commissures,hc,618,right,all,11025,161.101,704.174,11025,161.101,704.174
dorsal hippocampal commissure,dhc,443,left,all,11170,137.767,750.65,11170,137.767,750.65
dorsal hippocampal commissure,dhc,443,right,all,10612,163.434,704.626,10612,163.434,704.626
ventral hippocampal commissure,vhc,449,left,all,436,103.607,719.681,436,103.607,719.681
ventral hippocampal commissure,vhc,449,right,all,413,101.145,692.557,413,101.145,692.557
stria terminalis,st,301,left,all,5372,135.85,871.846,5372,135.85,871.846
stria terminalis,st,301,right,all,3745,119.209,696.795,3745,119.209,696.795
commissural branch of stria terminalis,stc,484682528,left,all,408,148.421,794.576,408,148.421,794.576
commissural branch of stria terminalis,stc,484682528,right,all,231,107.268,639.887,231,107.268,639.887
hypothalamus related,mfsbshy,824,left,all,11376,134.986,968.482,11376,134.986,968.482
hypothalamus related,mfsbshy,824,right,all,9848,128.37,975.194,9848,128.37,975.194
medial forebrain bundle,mfb,54,left,all,360,133.457,925.283,360,133.457,925.283
medial forebrain bundle,mfb,54,right,all,386,138.286,905.37,386,138.286,905.37
supraoptic commissures,sup,349,left,all,84,129.359,827.44,84,129.359,827.44
supraoptic commissures,sup,349,right,all,51,107.37,793.039,51,107.37,793.039
mammillary related,mfbsma,46,left,all,3254,124.358,1006.4,3254,124.358,1006.4
mammillary related,mfbsma,46,right,all,3001,124.046,1011.38,3001,124.046,1011.38
principal mammillary tract,pm,753,left,all,437,124.016,979.627,437,124.016,979.627
principal mammillary tract,pm,753,right,all,359,115.161,1023.85,359,115.161,1023.85
mammillothalamic tract,mtt,690,left,all,1440,115.974,1007.08,1440,115.974,1007.08
mammillothalamic tract,mtt,690,right,all,1373,118.314,973.151,1373,118.314,973.151
mammillotegmental tract,mtg,681,left,all,1037,139.7,1065.55,1037,139.7,1065.55
mammillotegmental tract,mtg,681,right,all,893,138.798,1141.23,893,138.798,1141.23
mammillary peduncle,mp,673,left,all,340,113.512,857.553,340,113.512,857.553
mammillary peduncle,mp,673,right,all,376,118.425,830.654,376,118.425,830.654
epithalamus related,mfbse,1083,left,all,7678,139.624,955.979,7678,139.624,955.979
epithalamus related,mfbse,1083,right,all,6410,129.964,963.908,6410,129.964,963.908
stria medullaris,sm,802,left,all,3134,133.873,837.265,3134,133.873,837.265
stria medullaris,sm,802,right,all,3114,129.079,829.538,3114,129.079,829.538
fasciculus retroflexus,fr,595,left,all,3117,136.009,1144.7,3117,136.009,1144.7
fasciculus retroflexus,fr,595,right,all,2935,126.697,1126.56,2935,126.697,1126.56
habenular commissure,hbc,611,left,all,1427,160.151,804.486,1427,160.151,804.486
habenular commissure,hbc,611,right,all,361,164.164,800.587,361,164.164,800.587
ventricular systems,VS,73,left,all,68521,144.794,789.016,68521,144.794,789.016
ventricular systems,VS,73,right,all,65842,141.569,724.265,65842,141.569,724.265
lateral ventricle,VL,81,left,all,39113,152.382,762.252,39113,152.382,762.252
lateral ventricle,VL,81,right,all,41861,142.026,658.224,41861,142.026,658.224
subependymal zone,SEZ,98,left,all,1017,135.231,718.841,1017,135.231,718.841
subependymal zone,SEZ,98,right,all,912,132.112,614.058,912,132.112,614.058
choroid plexus,chpl,108,left,all,22337,142.681,749.232,22337,142.681,749.232
choroid plexus,chpl,108,right,all,17913,145.789,699.878,17913,145.789,699.878
third ventricle,V3,129,left,all,6441,132.902,769.776,6441,132.902,769.776
third ventricle,V3,129,right,all,5407,120.427,745.373,5407,120.427,745.373
cerebral aqueduct,AQ,140,left,all,3864,131.43,782.665,3864,131.43,782.665
cerebral aqueduct,AQ,140,right,all,4305,143.021,734.782,4305,143.021,734.782
fourth ventricle,V4,145,left,all,19103,135.968,851.588,19103,135.968,851.588
fourth ventricle,V4,145,right,all,14263,147.802,906.964,14263,147.802,906.964
lateral recess,V4r,153,left,all,8599,128.1,682.734,8599,128.1,682.734
lateral recess,V4r,153,right,all,4120,151.856,716.393,4120,151.856,716.393
central canal/ spinal cord/medulla,c,164,left,all,0,0,0,0,0,0
central canal/ spinal cord/medulla,c,164,right,all,6,143.465,608,6,143.465,608
