Region,,,,Experiment,Marker 1,,,Total,,
name,acronym,id,hemisphere,section,count,strength,channel Ex: 561nm Em: 620nm,count,strength,channel Ex: 561nm Em: 620nm
Outside,,0,left,all,111131,212.936,770.889,111131,212.936,770.889
Outside,,0,right,all,178873,196.564,688.695,178873,196.564,688.695
root,root,997,left,all,3990970,200.382,1001.41,3990970,200.382,1001.41
root,root,997,right,all,3550298,183.29,863.066,3550298,183.29,863.066
Basic cell groups and regions,grey,8,left,all,3644228,202.769,1011.37,3644228,202.769,1011.37
Basic cell groups and regions,grey,8,right,all,3245644,185.748,871.846,3245644,185.748,871.846
Cerebrum,CH,567,left,all,2393274,214.77,988.257,2393274,214.77,988.257
Cerebrum,CH,567,right,all,2150079,190.168,829.26,2150079,190.168,829.26
Cerebral cortex,CTX,688,left,all,1953654,233.187,990.858,1953654,233.187,990.858
Cerebral cortex,CTX,688,right,all,1795016,203.603,831.619,1795016,203.603,831.619
Cortical plate,CTXpl,695,left,all,1871128,234.653,993.354,1871128,234.653,993.354
Cortical plate,CTXpl,695,right,all,1724440,205.041,834.567,1724440,205.041,834.567
Isocortex,Isocortex,315,left,all,1050820,241.001,989.311,1050820,241.001,989.311
Isocortex,Isocortex,315,right,all,1108918,209.904,831.893,1108918,209.904,831.893
Frontal pole/ cerebral cortex,FRP,184,left,all,10769,260.087,946.477,10769,260.087,946.477
Frontal pole/ cerebral cortex,FRP,184,right,all,11236,202.813,818.364,11236,202.813,818.364
Frontal pole/ layer 1,FRP1,68,left,all,1857,190.132,739.137,1857,190.132,739.137
Frontal pole/ layer 1,FRP1,68,right,all,1967,164.478,669.778,1967,164.478,669.778
Frontal pole/ layer 2/3,FRP2/3,667,left,all,3089,250.093,927.235,3089,250.093,927.235
Frontal pole/ layer 2/3,FRP2/3,667,right,all,3446,186.489,779.843,3446,186.489,779.843
Frontal pole/ layer 5,FRP5,526157192,left,all,4434,312.476,1042.86,4434,312.476,1042.86
Frontal pole/ layer 5,FRP5,526157192,right,all,4571,241.564,909.832,4571,241.564,909.832
Frontal pole/ layer 6a,FRP6a,526157196,left,all,1377,209.138,959.664,1377,209.138,959.664
Frontal pole/ layer 6a,FRP6a,526157196,right,all,1249,166.594,824.258,1249,166.594,824.258
Frontal pole/ layer 6b,FRP6b,526322264,left,all,12,147.036,857.167,12,147.036,857.167
Frontal pole/ layer 6b,FRP6b,526322264,right,all,3,124.027,669.667,3,124.027,669.667
Somatomotor areas,MO,500,left,all,212824,258.151,959.17,212824,258.151,959.17
Somatomotor areas,MO,500,right,all,223041,230.56,853.687,223041,230.56,853.687
Primary motor area,MOp,985,left,all,100644,253.231,961.005,100644,253.231,961.005
Primary motor area,MOp,985,right,all,110783,233.592,838.779,110783,233.592,838.779
Primary motor area/ Layer 1,MOp1,320,left,all,4990,196.116,806.214,4990,196.116,806.214
Primary motor area/ Layer 1,MOp1,320,right,all,7944,199.948,714.059,7944,199.948,714.059
Primary motor area/ Layer 2/3,MOp2/3,943,left,all,25317,258.088,976.642,25317,258.088,976.642
Primary motor area/ Layer 2/3,MOp2/3,943,right,all,37080,235.799,822.425,37080,235.799,822.425
Primary motor area/ Layer 5,MOp5,648,left,all,33414,284.153,998.303,33414,284.153,998.303
Primary motor area/ Layer 5,MOp5,648,right,all,33098,277.04,916.321,33098,277.04,916.321
Primary motor area/ Layer 6a,MOp6a,844,left,all,35067,232.005,940.914,35067,232.005,940.914
Primary motor area/ Layer 6a,MOp6a,844,right,all,31149,197.223,809.862,31149,197.223,809.862
Primary motor area/ Layer 6b,MOp6b,882,left,all,1856,184.889,871.967,1856,184.889,871.967
Primary motor area/ Layer 6b,MOp6b,882,right,all,1512,154.39,793.394,1512,154.39,793.394
Secondary motor area,MOs,993,left,all,112180,262.565,957.523,112180,262.565,957.523
Secondary motor area,MOs,993,right,all,112258,227.568,868.399,112258,227.568,868.399
Secondary motor area/ layer 1,MOs1,656,left,all,7568,192.024,786.947,7568,192.024,786.947
Secondary motor area/ layer 1,MOs1,656,right,all,10404,193.892,782.74,10404,193.892,782.74
Secondary motor area/ layer 2/3,MOs2/3,962,left,all,26981,270.947,977.866,26981,270.947,977.866
Secondary motor area/ layer 2/3,MOs2/3,962,right,all,33574,213.093,850.973,33574,213.093,850.973
Secondary motor area/ layer 5,MOs5,767,left,all,46386,300.952,1008.29,46386,300.952,1008.29
Secondary motor area/ layer 5,MOs5,767,right,all,43050,267.308,929.097,43050,267.308,929.097
Secondary motor area/ layer 6a,MOs6a,1021,left,all,30358,216.249,907.44,30358,216.249,907.44
Secondary motor area/ layer 6a,MOs6a,1021,right,all,24811,193.403,823.984,24811,193.403,823.984
Secondary motor area/ layer 6b,MOs6b,1085,left,all,887,187.139,853.352,887,187.139,853.352
Secondary motor area/ layer 6b,MOs6b,1085,right,all,419,163.763,785.296,419,163.763,785.296
Somatosensory areas,SS,453,left,all,291730,263.423,1091.81,291730,263.423,1091.81
Somatosensory areas,SS,453,right,all,326096,208.94,859.572,326096,208.94,859.572
Primary somatosensory area,SSp,322,left,all,180336,252.541,1052.1,180336,252.541,1052.1
Primary somatosensory area,SSp,322,right,all,226873,213.655,861.676,226873,213.655,861.676
Primary somatosensory area/ nose,SSp-n,353,left,all,28291,287.708,1195.12,28291,287.708,1195.12
Primary somatosensory area/ nose,SSp-n,353,right,all,30844,212.178,926.654,30844,212.178,926.654
Primary somatosensory area/ nose/ layer 1,SSp-n1,558,left,all,1051,249.318,921.21,1051,249.318,921.21
Primary somatosensory area/ nose/ layer 1,SSp-n1,558,right,all,4347,185.821,785.745,4347,185.821,785.745
Primary somatosensory area/ nose/ layer 2/3,SSp-n2/3,838,left,all,3898,238.189,1055.43,3898,238.189,1055.43
Primary somatosensory area/ nose/ layer 2/3,SSp-n2/3,838,right,all,7592,190.648,923.238,7592,190.648,923.238
Primary somatosensory area/ nose/ layer 4,SSp-n4,654,left,all,5991,233.059,1102.96,5991,233.059,1102.96
Primary somatosensory area/ nose/ layer 4,SSp-n4,654,right,all,5392,252.032,1035.24,5392,252.032,1035.24
Primary somatosensory area/ nose/ layer 5,SSp-n5,702,left,all,7240,299.457,1254.8,7240,299.457,1254.8
Primary somatosensory area/ nose/ layer 5,SSp-n5,702,right,all,5432,280.073,1060.15,5432,280.073,1060.15
Primary somatosensory area/ nose/ layer 6a,SSp-n6a,889,left,all,9436,342.613,1303.71,9436,342.613,1303.71
Primary somatosensory area/ nose/ layer 6a,SSp-n6a,889,right,all,7662,178.823,850.375,7662,178.823,850.375
Primary somatosensory area/ nose/ layer 6b,SSp-n6b,929,left,all,675,224.942,1088.29,675,224.942,1088.29
Primary somatosensory area/ nose/ layer 6b,SSp-n6b,929,right,all,419,92.5823,717.21,419,92.5823,717.21
Primary somatosensory area/ barrel field,SSp-bfd,329,left,all,36068,261.094,1074.45,36068,261.094,1074.45
Primary somatosensory area/ barrel field,SSp-bfd,329,right,all,55248,230.555,892.37,55248,230.555,892.37
Primary somatosensory area/ barrel field/ layer 1,SSp-bfd1,981,left,all,4,187.09,491.75,4,187.09,491.75
Primary somatosensory area/ barrel field/ layer 1,SSp-bfd1,981,right,all,2838,175.334,719.264,2838,175.334,719.264
Primary somatosensory area/ barrel field/ layer 2/3,SSp-bfd2/3,201,left,all,576,221.276,869.597,576,221.276,869.597
Primary somatosensory area/ barrel field/ layer 2/3,SSp-bfd2/3,201,right,all,9798,194.642,832.8,9798,194.642,832.8
Primary somatosensory area/ barrel field/ layer 4,SSp-bfd4,1047,left,all,3195,236.495,955.577,3195,236.495,955.577
Primary somatosensory area/ barrel field/ layer 4,SSp-bfd4,1047,right,all,13771,219.346,888.271,13771,219.346,888.271
Primary somatosensory area/ barrel field/ layer 5,SSp-bfd5,1070,left,all,11061,241.18,1048.05,11061,241.18,1048.05
Primary somatosensory area/ barrel field/ layer 5,SSp-bfd5,1070,right,all,13560,284.07,977.534,13560,284.07,977.534
Primary somatosensory area/ barrel field/ layer 6a,SSp-bfd6a,1038,left,all,18935,277.938,1118.35,18935,277.938,1118.35
Primary somatosensory area/ barrel field/ layer 6a,SSp-bfd6a,1038,right,all,14001,228.277,896.949,14001,228.277,896.949
Primary somatosensory area/ barrel field/ layer 6b,SSp-bfd6b,1062,left,all,2297,262.467,1057.46,2297,262.467,1057.46
Primary somatosensory area/ barrel field/ layer 6b,SSp-bfd6b,1062,right,all,1280,206.456,823.964,1280,206.456,823.964
Primary somatosensory area/ lower limb,SSp-ll,337,left,all,10267,214.102,956.769,10267,214.102,956.769
Primary somatosensory area/ lower limb,SSp-ll,337,right,all,12907,215.969,926.738,12907,215.969,926.738
Primary somatosensory area/ lower limb/ layer 1,SSp-ll1,1030,left,all,0,0,0,0,0,0
Primary somatosensory area/ lower limb/ layer 1,SSp-ll1,1030,right,all,0,0,0,0,0,0
Primary somatosensory area/ lower limb/ layer 2/3,SSp-ll2/3,113,left,all,0,0,0,0,0,0
Primary somatosensory area/ lower limb/ layer 2/3,SSp-ll2/3,113,right,all,27,257.5,785.926,27,257.5,785.926
Primary somatosensory area/ lower limb/ layer 4,SSp-ll4,1094,left,all,0,0,0,0,0,0
Primary somatosensory area/ lower limb/ layer 4,SSp-ll4,1094,right,all,375,189.082,764.395,375,189.082,764.395
Primary somatosensory area/ lower limb/ layer 5,SSp-ll5,1128,left,all,1018,199.027,811.684,1018,199.027,811.684
Primary somatosensory area/ lower limb/ layer 5,SSp-ll5,1128,right,all,4699,178.782,840.224,4699,178.782,840.224
Primary somatosensory area/ lower limb/ layer 6a,SSp-ll6a,478,left,all,8325,207.553,958.566,8325,207.553,958.566
Primary somatosensory area/ lower limb/ layer 6a,SSp-ll6a,478,right,all,7143,240.9,988.22,7143,240.9,988.22
Primary somatosensory area/ lower limb/ layer 6b,SSp-ll6b,510,left,all,924,289.715,1100.43,924,289.715,1100.43
Primary somatosensory area/ lower limb/ layer 6b,SSp-ll6b,510,right,all,663,224.443,975.068,663,224.443,975.068
Primary somatosensory area/ mouth,SSp-m,345,left,all,72613,241.359,1008.09,72613,241.359,1008.09
Primary somatosensory area/ mouth,SSp-m,345,right,all,80990,208.846,808.728,80990,208.846,808.728
Primary somatosensory area/ mouth/ layer 1,SSp-m1,878,left,all,6140,188.6,774.736,6140,188.6,774.736
Primary somatosensory area/ mouth/ layer 1,SSp-m1,878,right,all,9497,172.056,686.413,9497,172.056,686.413
Primary somatosensory area/ mouth/ layer 2/3,SSp-m2/3,657,left,all,19005,212.079,957.019,19005,212.079,957.019
Primary somatosensory area/ mouth/ layer 2/3,SSp-m2/3,657,right,all,23205,188.737,810.248,23205,188.737,810.248
Primary somatosensory area/ mouth/ layer 4,SSp-m4,950,left,all,11832,237.083,1046.29,11832,237.083,1046.29
Primary somatosensory area/ mouth/ layer 4,SSp-m4,950,right,all,13377,276.685,902.556,13377,276.685,902.556
Primary somatosensory area/ mouth/ layer 5,SSp-m5,974,left,all,14498,316.76,1139.16,14498,316.76,1139.16
Primary somatosensory area/ mouth/ layer 5,SSp-m5,974,right,all,16507,258.809,879.954,16507,258.809,879.954
Primary somatosensory area/ mouth/ layer 6a,SSp-m6a,1102,left,all,19930,234.471,1013.3,19930,234.471,1013.3
Primary somatosensory area/ mouth/ layer 6a,SSp-m6a,1102,right,all,17503,162.072,738.703,17503,162.072,738.703
Primary somatosensory area/ mouth/ layer 6b,SSp-m6b,2,left,all,1208,220.774,964.173,1208,220.774,964.173
Primary somatosensory area/ mouth/ layer 6b,SSp-m6b,2,right,all,901,100.618,721.156,901,100.618,721.156
Primary somatosensory area/ upper limb,SSp-ul,369,left,all,25072,246.537,1021.13,25072,246.537,1021.13
Primary somatosensory area/ upper limb,SSp-ul,369,right,all,32708,200.499,856.37,32708,200.499,856.37
Primary somatosensory area/ upper limb/ layer 1,SSp-ul1,450,left,all,0,0,0,0,0,0
Primary somatosensory area/ upper limb/ layer 1,SSp-ul1,450,right,all,1276,149.716,634.962,1276,149.716,634.962
Primary somatosensory area/ upper limb/ layer 2/3,SSp-ul2/3,854,left,all,324,193.103,762.932,324,193.103,762.932
Primary somatosensory area/ upper limb/ layer 2/3,SSp-ul2/3,854,right,all,5993,176.257,761.99,5993,176.257,761.99
Primary somatosensory area/ upper limb/ layer 4,SSp-ul4,577,left,all,1785,190.156,804.873,1785,190.156,804.873
Primary somatosensory area/ upper limb/ layer 4,SSp-ul4,577,right,all,5436,192.551,848.767,5436,192.551,848.767
Primary somatosensory area/ upper limb/ layer 5,SSp-ul5,625,left,all,8090,209.144,920.951,8090,209.144,920.951
Primary somatosensory area/ upper limb/ layer 5,SSp-ul5,625,right,all,8788,238.733,940.131,8788,238.733,940.131
Primary somatosensory area/ upper limb/ layer 6a,SSp-ul6a,945,left,all,13734,276.941,1110.44,13734,276.941,1110.44
Primary somatosensory area/ upper limb/ layer 6a,SSp-ul6a,945,right,all,10552,193.136,870.378,10552,193.136,870.378
Primary somatosensory area/ upper limb/ layer 6b,SSp-ul6b,1026,left,all,1139,249.085,1068.14,1139,249.085,1068.14
Primary somatosensory area/ upper limb/ layer 6b,SSp-ul6b,1026,right,all,663,192.957,864.777,663,192.957,864.777
Primary somatosensory area/ trunk,SSp-tr,361,left,all,339,243.337,806.941,339,243.337,806.941
Primary somatosensory area/ trunk,SSp-tr,361,right,all,3165,193.663,735.706,3165,193.663,735.706
Primary somatosensory area/ trunk/ layer 1,SSp-tr1,1006,left,all,0,0,0,0,0,0
Primary somatosensory area/ trunk/ layer 1,SSp-tr1,1006,right,all,0,0,0,0,0,0
Primary somatosensory area/ trunk/ layer 2/3,SSp-tr2/3,670,left,all,0,0,0,0,0,0
Primary somatosensory area/ trunk/ layer 2/3,SSp-tr2/3,670,right,all,0,0,0,0,0,0
Primary somatosensory area/ trunk/ layer 4,SSp-tr4,1086,left,all,0,0,0,0,0,0
Primary somatosensory area/ trunk/ layer 4,SSp-tr4,1086,right,all,0,0,0,0,0,0
Primary somatosensory area/ trunk/ layer 5,SSp-tr5,1111,left,all,0,0,0,0,0,0
Primary somatosensory area/ trunk/ layer 5,SSp-tr5,1111,right,all,283,166.986,631.611,283,166.986,631.611
Primary somatosensory area/ trunk/ layer 6a,SSp-tr6a,9,left,all,161,272.589,816.261,161,272.589,816.261
Primary somatosensory area/ trunk/ layer 6a,SSp-tr6a,9,right,all,2294,197.939,740.232,2294,197.939,740.232
Primary somatosensory area/ trunk/ layer 6b,SSp-tr6b,461,left,all,178,216.879,798.511,178,216.879,798.511
Primary somatosensory area/ trunk/ layer 6b,SSp-tr6b,461,right,all,588,189.818,768.148,588,189.818,768.148
Primary somatosensory area/ unassigned,SSp-un,182305689,left,all,7686,259.945,1075.81,7686,259.945,1075.81
Primary somatosensory area/ unassigned,SSp-un,182305689,right,all,11011,210.476,890.817,11011,210.476,890.817
Primary somatosensory area/ unassigned/ layer 1,SSp-un1,182305693,left,all,0,0,0,0,0,0
Primary somatosensory area/ unassigned/ layer 1,SSp-un1,182305693,right,all,561,190.833,763.508,561,190.833,763.508
Primary somatosensory area/ unassigned/ layer 2/3,SSp-un2/3,182305697,left,all,1,347.88,1800,1,347.88,1800
Primary somatosensory area/ unassigned/ layer 2/3,SSp-un2/3,182305697,right,all,2159,176.403,805.145,2159,176.403,805.145
Primary somatosensory area/ unassigned/ layer 4,SSp-un4,182305701,left,all,385,216.775,866.016,385,216.775,866.016
Primary somatosensory area/ unassigned/ layer 4,SSp-un4,182305701,right,all,1798,195.434,875.984,1798,195.434,875.984
Primary somatosensory area/ unassigned/ layer 5,SSp-un5,182305705,left,all,2466,234.271,994.516,2466,234.271,994.516
Primary somatosensory area/ unassigned/ layer 5,SSp-un5,182305705,right,all,2893,255.517,967.069,2893,255.517,967.069
Primary somatosensory area/ unassigned/ layer 6a,SSp-un6a,182305709,left,all,4418,279.278,1137.68,4418,279.278,1137.68
Primary somatosensory area/ unassigned/ layer 6a,SSp-un6a,182305709,right,all,3350,204.98,908.389,3350,204.98,908.389
Primary somatosensory area/ unassigned/ layer 6b,SSp-un6b,182305713,left,all,416,246.562,1093.04,416,246.562,1093.04
Primary somatosensory area/ unassigned/ layer 6b,SSp-un6b,182305713,right,all,250,209.419,905.184,250,209.419,905.184
Supplemental somatosensory area,SSs,378,left,all,111394,281.039,1156.1,111394,281.039,1156.1
Supplemental somatosensory area,SSs,378,right,all,99223,198.159,854.76,99223,198.159,854.76
Supplemental somatosensory area/ layer 1,SSs1,873,left,all,12523,229.881,902.45,12523,229.881,902.45
Supplemental somatosensory area/ layer 1,SSs1,873,right,all,12516,158.653,726.9,12516,158.653,726.9
Supplemental somatosensory area/ layer 2/3,SSs2/3,806,left,all,27546,245.178,1113.75,27546,245.178,1113.75
Supplemental somatosensory area/ layer 2/3,SSs2/3,806,right,all,27368,171.36,828.432,27368,171.36,828.432
Supplemental somatosensory area/ layer 4,SSs4,1035,left,all,14585,266.226,1208.49,14585,266.226,1208.49
Supplemental somatosensory area/ layer 4,SSs4,1035,right,all,11790,269.31,957.795,11790,269.31,957.795
Supplemental somatosensory area/ layer 5,SSs5,1090,left,all,26857,361.891,1291.46,26857,361.891,1291.46
Supplemental somatosensory area/ layer 5,SSs5,1090,right,all,24588,230.503,916.98,24588,230.503,916.98
Supplemental somatosensory area/ layer 6a,SSs6a,862,left,all,27539,268.696,1156.39,27539,268.696,1156.39
Supplemental somatosensory area/ layer 6a,SSs6a,862,right,all,21337,185.903,837.869,21337,185.903,837.869
Supplemental somatosensory area/ layer 6b,SSs6b,893,left,all,2344,286.588,1128.33,2344,286.588,1128.33
Supplemental somatosensory area/ layer 6b,SSs6b,893,right,all,1624,109.021,815.732,1624,109.021,815.732
Gustatory areas,GU,1057,left,all,24229,227.933,962.575,24229,227.933,962.575
Gustatory areas,GU,1057,right,all,25215,189.638,730.791,25215,189.638,730.791
Gustatory areas/ layer 1,GU1,36,left,all,1961,170.877,740.596,1961,170.877,740.596
Gustatory areas/ layer 1,GU1,36,right,all,1781,135.901,597.061,1781,135.901,597.061
Gustatory areas/ layer 2/3,GU2/3,180,left,all,6506,192.344,930.825,6506,192.344,930.825
Gustatory areas/ layer 2/3,GU2/3,180,right,all,7371,181.109,688.129,7371,181.109,688.129
Gustatory areas/ layer 4,GU4,148,left,all,2079,237.087,1006.04,2079,237.087,1006.04
Gustatory areas/ layer 4,GU4,148,right,all,2555,201.801,711.357,2555,201.801,711.357
Gustatory areas/ layer 5,GU5,187,left,all,7591,263.882,1003.99,7591,263.882,1003.99
Gustatory areas/ layer 5,GU5,187,right,all,8353,217.476,770.099,8353,217.476,770.099
Gustatory areas/ layer 6a,GU6a,638,left,all,5620,243.896,1002.63,5620,243.896,1002.63
Gustatory areas/ layer 6a,GU6a,638,right,all,4765,173.353,782.961,4765,173.353,782.961
Gustatory areas/ layer 6b,GU6b,662,left,all,472,147.001,988.125,472,147.001,988.125
Gustatory areas/ layer 6b,GU6b,662,right,all,390,119.3,795.782,390,119.3,795.782
Visceral area,VISC,677,left,all,32319,268.536,1109.5,32319,268.536,1109.5
Visceral area,VISC,677,right,all,20828,230.683,853.643,20828,230.683,853.643
Visceral area/ layer 1,VISC1,897,left,all,3367,250.577,931.524,3367,250.577,931.524
Visceral area/ layer 1,VISC1,897,right,all,2747,172.075,726.206,2747,172.075,726.206
Visceral area/ layer 2/3,VISC2/3,1106,left,all,8843,223.718,1031.36,8843,223.718,1031.36
Visceral area/ layer 2/3,VISC2/3,1106,right,all,5620,242.724,862.985,5620,242.724,862.985
Visceral area/ layer 4,VISC4,1010,left,all,2682,288.716,1209.64,2682,288.716,1209.64
Visceral area/ layer 4,VISC4,1010,right,all,1633,299.853,920.975,1633,299.853,920.975
Visceral area/ layer 5,VISC5,1058,left,all,8681,330.725,1214.86,8681,330.725,1214.86
Visceral area/ layer 5,VISC5,1058,right,all,5862,272.469,923.387,5862,272.469,923.387
Visceral area/ layer 6a,VISC6a,857,left,all,8160,252.14,1121.21,8160,252.14,1121.21
Visceral area/ layer 6a,VISC6a,857,right,all,4577,182.223,810.546,4577,182.223,810.546
Visceral area/ layer 6b,VISC6b,849,left,all,586,262.756,1129.19,586,262.756,1129.19
Visceral area/ layer 6b,VISC6b,849,right,all,389,120.688,792.015,389,120.688,792.015
Auditory areas,AUD,247,left,all,63382,237.161,929.028,63382,237.161,929.028
Auditory areas,AUD,247,right,all,64558,210.186,761.346,64558,210.186,761.346
Dorsal auditory area,AUDd,1011,left,all,11001,224.968,901.003,11001,224.968,901.003
Dorsal auditory area,AUDd,1011,right,all,11351,206.927,772.391,11351,206.927,772.391
Dorsal auditory area/ layer 1,AUDd1,527,left,all,519,192.647,762.478,519,192.647,762.478
Dorsal auditory area/ layer 1,AUDd1,527,right,all,1924,151.101,649.704,1924,151.101,649.704
Dorsal auditory area/ layer 2/3,AUDd2/3,600,left,all,2024,190.237,830.016,2024,190.237,830.016
Dorsal auditory area/ layer 2/3,AUDd2/3,600,right,all,3538,179.977,744.198,3538,179.977,744.198
Dorsal auditory area/ layer 4,AUDd4,678,left,all,1258,190.587,849.467,1258,190.587,849.467
Dorsal auditory area/ layer 4,AUDd4,678,right,all,1035,270.936,856.434,1035,270.936,856.434
Dorsal auditory area/ layer 5,AUDd5,252,left,all,4257,235.498,926.795,4257,235.498,926.795
Dorsal auditory area/ layer 5,AUDd5,252,right,all,3069,252.7,859.182,3069,252.7,859.182
Dorsal auditory area/ layer 6a,AUDd6a,156,left,all,2521,251.349,959.48,2521,251.349,959.48
Dorsal auditory area/ layer 6a,AUDd6a,156,right,all,1730,208.011,768.216,1730,208.011,768.216
Dorsal auditory area/ layer 6b,AUDd6b,243,left,all,422,269.966,955.95,422,269.966,955.95
Dorsal auditory area/ layer 6b,AUDd6b,243,right,all,55,100.559,584.709,55,100.559,584.709
Primary auditory area,AUDp,1002,left,all,23017,220.903,878.013,23017,220.903,878.013
Primary auditory area,AUDp,1002,right,all,23892,212.003,774.987,23892,212.003,774.987
Primary auditory area/ layer 1,AUDp1,735,left,all,2644,166.507,709.372,2644,166.507,709.372
Primary auditory area/ layer 1,AUDp1,735,right,all,5273,158.875,666.475,5273,158.875,666.475
Primary auditory area/ layer 2/3,AUDp2/3,251,left,all,5665,176.624,796.511,5665,176.624,796.511
Primary auditory area/ layer 2/3,AUDp2/3,251,right,all,6488,188.665,782.399,6488,188.665,782.399
Primary auditory area/ layer 4,AUDp4,816,left,all,2842,197.911,888.049,2842,197.911,888.049
Primary auditory area/ layer 4,AUDp4,816,right,all,2431,288.918,880.53,2431,288.918,880.53
Primary auditory area/ layer 5,AUDp5,847,left,all,7394,277.412,977.261,7394,277.412,977.261
Primary auditory area/ layer 5,AUDp5,847,right,all,6602,255.305,834.225,6602,255.305,834.225
Primary auditory area/ layer 6a,AUDp6a,954,left,all,3940,232.033,915.457,3940,232.033,915.457
Primary auditory area/ layer 6a,AUDp6a,954,right,all,3034,200.121,738.126,3034,200.121,738.126
Primary auditory area/ layer 6b,AUDp6b,1005,left,all,532,217.789,873.667,532,217.789,873.667
Primary auditory area/ layer 6b,AUDp6b,1005,right,all,64,129.918,591.75,64,129.918,591.75
Posterior auditory area,AUDpo,1027,left,all,4867,241.3,908.178,4867,241.3,908.178
Posterior auditory area,AUDpo,1027,right,all,6483,200.859,707.003,6483,200.859,707.003
Posterior auditory area/ layer 1,AUDpo1,696,left,all,190,177.517,669.621,190,177.517,669.621
Posterior auditory area/ layer 1,AUDpo1,696,right,all,1238,156.322,620.431,1238,156.322,620.431
Posterior auditory area/ layer 2/3,AUDpo2/3,643,left,all,598,206.754,831.716,598,206.754,831.716
Posterior auditory area/ layer 2/3,AUDpo2/3,643,right,all,1769,166.642,675.03,1769,166.642,675.03
Posterior auditory area/ layer 4,AUDpo4,759,left,all,661,203.874,857.319,661,203.874,857.319
Posterior auditory area/ layer 4,AUDpo4,759,right,all,720,260.084,795.408,720,260.084,795.408
Posterior auditory area/ layer 5,AUDpo5,791,left,all,2238,236.875,903.824,2238,236.875,903.824
Posterior auditory area/ layer 5,AUDpo5,791,right,all,1710,240.317,760.454,1710,240.317,760.454
Posterior auditory area/ layer 6a,AUDpo6a,249,left,all,955,298.008,1012.39,955,298.008,1012.39
Posterior auditory area/ layer 6a,AUDpo6a,249,right,all,1015,208.2,719.703,1015,208.2,719.703
Posterior auditory area/ layer 6b,AUDpo6b,456,left,all,225,300.248,1063.26,225,300.248,1063.26
Posterior auditory area/ layer 6b,AUDpo6b,456,right,all,31,139.669,571.29,31,139.669,571.29
Ventral auditory area,AUDv,1018,left,all,24497,257.089,993.688,24497,257.089,993.688
Ventral auditory area,AUDv,1018,right,all,22832,212.554,757.01,22832,212.554,757.01
Ventral auditory area/ layer 1,AUDv1,959,left,all,3860,189.563,823.525,3860,189.563,823.525
Ventral auditory area/ layer 1,AUDv1,959,right,all,4232,153.62,639.384,4232,153.62,639.384
Ventral auditory area/ layer 2/3,AUDv2/3,755,left,all,6117,218.289,961.29,6117,218.289,961.29
Ventral auditory area/ layer 2/3,AUDv2/3,755,right,all,5842,181.462,732.601,5842,181.462,732.601
Ventral auditory area/ layer 4,AUDv4,990,left,all,2994,273.179,1065.13,2994,273.179,1065.13
Ventral auditory area/ layer 4,AUDv4,990,right,all,2901,273.695,825.355,2901,273.695,825.355
Ventral auditory area/ layer 5,AUDv5,1023,left,all,7387,317.719,1071.96,7387,317.719,1071.96
Ventral auditory area/ layer 5,AUDv5,1023,right,all,7257,248.811,811.398,7257,248.811,811.398
Ventral auditory area/ layer 6a,AUDv6a,520,left,all,3828,257.603,1011.84,3828,257.603,1011.84
Ventral auditory area/ layer 6a,AUDv6a,520,right,all,2471,214.909,783.429,2471,214.909,783.429
Ventral auditory area/ layer 6b,AUDv6b,598,left,all,311,257.037,972.576,311,257.037,972.576
Ventral auditory area/ layer 6b,AUDv6b,598,right,all,129,94.3616,618.659,129,94.3616,618.659
Visual areas,VIS,669,left,all,44799,244.387,1012.72,44799,244.387,1012.72
Visual areas,VIS,669,right,all,81769,203.47,785.267,81769,203.47,785.267
Anterolateral visual area,VISal,402,left,all,2324,179.701,805.005,2324,179.701,805.005
Anterolateral visual area,VISal,402,right,all,7038,193.191,682.434,7038,193.191,682.434
Anterolateral visual area/ layer 1,VISal1,1074,left,all,0,0,0,0,0,0
Anterolateral visual area/ layer 1,VISal1,1074,right,all,377,137.827,491.424,377,137.827,491.424
Anterolateral visual area/ layer 2/3,VISal2/3,905,left,all,0,0,0,0,0,0
Anterolateral visual area/ layer 2/3,VISal2/3,905,right,all,1580,160.565,601.423,1580,160.565,601.423
Anterolateral visual area/ layer 4,VISal4,1114,left,all,0,0,0,0,0,0
Anterolateral visual area/ layer 4,VISal4,1114,right,all,1225,174.636,655.22,1225,174.636,655.22
Anterolateral visual area/ layer 5,VISal5,233,left,all,525,171.786,743.03,525,171.786,743.03
Anterolateral visual area/ layer 5,VISal5,233,right,all,2215,232.562,769.786,2215,232.562,769.786
Anterolateral visual area/ layer 6a,VISal6a,601,left,all,1474,178.629,814.732,1474,178.629,814.732
Anterolateral visual area/ layer 6a,VISal6a,601,right,all,1399,201.025,713.513,1399,201.025,713.513
Anterolateral visual area/ layer 6b,VISal6b,649,left,all,325,197.347,861.003,325,197.347,861.003
Anterolateral visual area/ layer 6b,VISal6b,649,right,all,242,180.724,667.475,242,180.724,667.475
Anteromedial visual area,VISam,394,left,all,0,0,0,0,0,0
Anteromedial visual area,VISam,394,right,all,13,132.893,511.385,13,132.893,511.385
Anteromedial visual area/ layer 1,VISam1,281,left,all,0,0,0,0,0,0
Anteromedial visual area/ layer 1,VISam1,281,right,all,0,0,0,0,0,0
Anteromedial visual area/ layer 2/3,VISam2/3,1066,left,all,0,0,0,0,0,0
Anteromedial visual area/ layer 2/3,VISam2/3,1066,right,all,0,0,0,0,0,0
Anteromedial visual area/ layer 4,VISam4,401,left,all,0,0,0,0,0,0
Anteromedial visual area/ layer 4,VISam4,401,right,all,0,0,0,0,0,0
Anteromedial visual area/ layer 5,VISam5,433,left,all,0,0,0,0,0,0
Anteromedial visual area/ layer 5,VISam5,433,right,all,0,0,0,0,0,0
Anteromedial visual area/ layer 6a,VISam6a,1046,left,all,0,0,0,0,0,0
Anteromedial visual area/ layer 6a,VISam6a,1046,right,all,2,123.015,489.5,2,123.015,489.5
Anteromedial visual area/ layer 6b,VISam6b,441,left,all,0,0,0,0,0,0
Anteromedial visual area/ layer 6b,VISam6b,441,right,all,11,134.689,515.364,11,134.689,515.364
Lateral visual area,VISl,409,left,all,6665,223.388,1007.83,6665,223.388,1007.83
Lateral visual area,VISl,409,right,all,12760,219.899,813.387,12760,219.899,813.387
Lateral visual area/ layer 1,VISl1,421,left,all,0,0,0,0,0,0
Lateral visual area/ layer 1,VISl1,421,right,all,1082,182.892,692.124,1082,182.892,692.124
Lateral visual area/ layer 2/3,VISl2/3,973,left,all,8,235.675,812.125,8,235.675,812.125
Lateral visual area/ layer 2/3,VISl2/3,973,right,all,3276,188.021,761.653,3276,188.021,761.653
Lateral visual area/ layer 4,VISl4,573,left,all,171,256.54,895.538,171,256.54,895.538
Lateral visual area/ layer 4,VISl4,573,right,all,2183,209.39,828.555,2183,209.39,828.555
Lateral visual area/ layer 5,VISl5,613,left,all,2596,202.699,948.698,2596,202.699,948.698
Lateral visual area/ layer 5,VISl5,613,right,all,3194,270.632,908.525,3194,270.632,908.525
Lateral visual area/ layer 6a,VISl6a,74,left,all,3310,228.842,1041.84,3310,228.842,1041.84
Lateral visual area/ layer 6a,VISl6a,74,right,all,2589,221.557,805.662,2589,221.557,805.662
Lateral visual area/ layer 6b,VISl6b,121,left,all,580,274.92,1114.16,580,274.92,1114.16
Lateral visual area/ layer 6b,VISl6b,121,right,all,436,222.389,776.009,436,222.389,776.009
Primary visual area,VISp,385,left,all,7374,199.656,939.752,7374,199.656,939.752
Primary visual area,VISp,385,right,all,33573,192.523,780.498,33573,192.523,780.498
Primary visual area/ layer 1,VISp1,593,left,all,0,0,0,0,0,0
Primary visual area/ layer 1,VISp1,593,right,all,770,180.896,679.883,770,180.896,679.883
Primary visual area/ layer 2/3,VISp2/3,821,left,all,0,0,0,0,0,0
Primary visual area/ layer 2/3,VISp2/3,821,right,all,2840,167.918,748.136,2840,167.918,748.136
Primary visual area/ layer 4,VISp4,721,left,all,0,0,0,0,0,0
Primary visual area/ layer 4,VISp4,721,right,all,3482,173.81,770.925,3482,173.81,770.925
Primary visual area/ layer 5,VISp5,778,left,all,956,223.746,919.348,956,223.746,919.348
Primary visual area/ layer 5,VISp5,778,right,all,10488,194.359,786.864,10488,194.359,786.864
Primary visual area/ layer 6a,VISp6a,33,left,all,5218,194.57,943.777,5218,194.57,943.777
Primary visual area/ layer 6a,VISp6a,33,right,all,13347,201.637,793.876,13347,201.637,793.876
Primary visual area/ layer 6b,VISp6b,305,left,all,1200,202.58,938.506,1200,202.58,938.506
Primary visual area/ layer 6b,VISp6b,305,right,all,2646,193.698,764.389,2646,193.698,764.389
Posterolateral visual area,VISpl,425,left,all,9322,235.619,1038.06,9322,235.619,1038.06
Posterolateral visual area,VISpl,425,right,all,8461,198.693,820.855,8461,198.693,820.855
Posterolateral visual area/ layer 1,VISpl1,750,left,all,1045,206.223,808.698,1045,206.223,808.698
Posterolateral visual area/ layer 1,VISpl1,750,right,all,1674,154.669,710.395,1674,154.669,710.395
Posterolateral visual area/ layer 2/3,VISpl2/3,269,left,all,1916,201.679,920.688,1916,201.679,920.688
Posterolateral visual area/ layer 2/3,VISpl2/3,269,right,all,2480,169.773,796.955,2480,169.773,796.955
Posterolateral visual area/ layer 4,VISpl4,869,left,all,383,213.03,907.54,383,213.03,907.54
Posterolateral visual area/ layer 4,VISpl4,869,right,all,433,198.421,872.212,433,198.421,872.212
Posterolateral visual area/ layer 5,VISpl5,902,left,all,4098,220.921,1071.74,4098,220.921,1071.74
Posterolateral visual area/ layer 5,VISpl5,902,right,all,2503,248.409,901.394,2503,248.409,901.394
Posterolateral visual area/ layer 6a,VISpl6a,377,left,all,1762,317.634,1229.76,1762,317.634,1229.76
Posterolateral visual area/ layer 6a,VISpl6a,377,right,all,1284,214.094,836.663,1284,214.094,836.663
Posterolateral visual area/ layer 6b,VISpl6b,393,left,all,118,406.174,1366.77,118,406.174,1366.77
Posterolateral visual area/ layer 6b,VISpl6b,393,right,all,87,213.848,821.46,87,213.848,821.46
posteromedial visual area,VISpm,533,left,all,0,0,0,0,0,0
posteromedial visual area,VISpm,533,right,all,34,168.801,580.882,34,168.801,580.882
posteromedial visual area/ layer 1,VISpm1,805,left,all,0,0,0,0,0,0
posteromedial visual area/ layer 1,VISpm1,805,right,all,0,0,0,0,0,0
posteromedial visual area/ layer 2/3,VISpm2/3,41,left,all,0,0,0,0,0,0
posteromedial visual area/ layer 2/3,VISpm2/3,41,right,all,0,0,0,0,0,0
posteromedial visual area/ layer 4,VISpm4,501,left,all,0,0,0,0,0,0
posteromedial visual area/ layer 4,VISpm4,501,right,all,0,0,0,0,0,0
posteromedial visual area/ layer 5,VISpm5,565,left,all,0,0,0,0,0,0
posteromedial visual area/ layer 5,VISpm5,565,right,all,0,0,0,0,0,0
posteromedial visual area/ layer 6a,VISpm6a,257,left,all,0,0,0,0,0,0
posteromedial visual area/ layer 6a,VISpm6a,257,right,all,6,207.007,558.5,6,207.007,558.5
posteromedial visual area/ layer 6b,VISpm6b,469,left,all,0,0,0,0,0,0
posteromedial visual area/ layer 6b,VISpm6b,469,right,all,28,160.614,585.679,28,160.614,585.679
Laterointermediate area,VISli,312782574,left,all,3670,290.192,1083.87,3670,290.192,1083.87
Laterointermediate area,VISli,312782574,right,all,5392,230.402,803.21,5392,230.402,803.21
Laterointermediate area/ layer 1,VISli1,312782578,left,all,1,162.76,653,1,162.76,653
Laterointermediate area/ layer 1,VISli1,312782578,right,all,732,165.431,664.777,732,165.431,664.777
Laterointermediate area/ layer 2/3,VISli2/3,312782582,left,all,221,259.542,888.674,221,259.542,888.674
Laterointermediate area/ layer 2/3,VISli2/3,312782582,right,all,1501,186.204,759.914,1501,186.204,759.914
Laterointermediate area/ layer 4,VISli4,312782586,left,all,347,225.065,932.64,347,225.065,932.64
Laterointermediate area/ layer 4,VISli4,312782586,right,all,662,292.418,898.279,662,292.418,898.279
Laterointermediate area/ layer 5,VISli5,312782590,left,all,1915,261.95,1047.84,1915,261.95,1047.84
Laterointermediate area/ layer 5,VISli5,312782590,right,all,1344,290.898,891.871,1344,290.898,891.871
Laterointermediate area/ layer 6a,VISli6a,312782594,left,all,992,363.054,1220.48,992,363.054,1220.48
Laterointermediate area/ layer 6a,VISli6a,312782594,right,all,1003,220.1,787.774,1003,220.1,787.774
Laterointermediate area/ layer 6b,VISli6b,312782598,left,all,194,348.468,1235.99,194,348.468,1235.99
Laterointermediate area/ layer 6b,VISli6b,312782598,right,all,150,242.888,801.247,150,242.888,801.247
Postrhinal area,VISpor,312782628,left,all,15444,278.949,1048.72,15444,278.949,1048.72
Postrhinal area,VISpor,312782628,right,all,14498,212.264,794.766,14498,212.264,794.766
Postrhinal area/ layer 1,VISpor1,312782632,left,all,2015,207.659,793.016,2015,207.659,793.016
Postrhinal area/ layer 1,VISpor1,312782632,right,all,2090,154.196,658.395,2090,154.196,658.395
Postrhinal area/ layer 2/3,VISpor2/3,312782636,left,all,5083,226.086,981.014,5083,226.086,981.014
Postrhinal area/ layer 2/3,VISpor2/3,312782636,right,all,4899,168.751,740.645,4899,168.751,740.645
Postrhinal area/ layer 4,VISpor4,312782640,left,all,806,226.373,1021.42,806,226.373,1021.42
Postrhinal area/ layer 4,VISpor4,312782640,right,all,703,237.399,846.314,703,237.399,846.314
Postrhinal area/ layer 5,VISpor5,312782644,left,all,4762,351.682,1191.75,4762,351.682,1191.75
Postrhinal area/ layer 5,VISpor5,312782644,right,all,4175,266.439,879.06,4175,266.439,879.06
Postrhinal area/ layer 6a,VISpor6a,312782648,left,all,2264,322.008,1123.22,2264,322.008,1123.22
Postrhinal area/ layer 6a,VISpor6a,312782648,right,all,2388,247.729,859.809,2388,247.729,859.809
Postrhinal area/ layer 6b,VISpor6b,312782652,left,all,514,300.137,1110.26,514,300.137,1110.26
Postrhinal area/ layer 6b,VISpor6b,312782652,right,all,243,236.914,822.214,243,236.914,822.214
Anterior cingulate area,ACA,31,left,all,65547,172.58,823.448,65547,172.58,823.448
Anterior cingulate area,ACA,31,right,all,66517,174.437,824.109,66517,174.437,824.109
Anterior cingulate area/ dorsal part,ACAd,39,left,all,37038,185.551,810.861,37038,185.551,810.861
Anterior cingulate area/ dorsal part,ACAd,39,right,all,38106,188.356,811.482,38106,188.356,811.482
Anterior cingulate area/ dorsal part/ layer 1,ACAd1,935,left,all,3417,178.15,671.947,3417,178.15,671.947
Anterior cingulate area/ dorsal part/ layer 1,ACAd1,935,right,all,4917,153.978,710.167,4917,153.978,710.167
Anterior cingulate area/ dorsal part/ layer 2/3,ACAd2/3,211,left,all,5366,159.641,740.189,5366,159.641,740.189
Anterior cingulate area/ dorsal part/ layer 2/3,ACAd2/3,211,right,all,7505,166.727,797.929,7505,166.727,797.929
Anterior cingulate area/ dorsal part/ layer 5,ACAd5,1015,left,all,16754,198.474,837.475,16754,198.474,837.475
Anterior cingulate area/ dorsal part/ layer 5,ACAd5,1015,right,all,15902,216.46,856.371,15902,216.46,856.371
Anterior cingulate area/ dorsal part/ layer 6a,ACAd6a,919,left,all,11098,180.95,845.619,11098,180.95,845.619
Anterior cingulate area/ dorsal part/ layer 6a,ACAd6a,919,right,all,9557,176.809,799.385,9557,176.809,799.385
Anterior cingulate area/ dorsal part/ layer 6b,ACAd6b,927,left,all,403,182.709,866.141,403,182.709,866.141
Anterior cingulate area/ dorsal part/ layer 6b,ACAd6b,927,right,all,225,165.263,818.867,225,165.263,818.867
Anterior cingulate area/ ventral part,ACAv,48,left,all,28509,155.729,839.799,28509,155.729,839.799
Anterior cingulate area/ ventral part,ACAv,48,right,all,28411,155.768,841.046,28411,155.768,841.046
Anterior cingulate area/ ventral part/ layer 1,ACAv1,588,left,all,3947,168.629,743.505,3947,168.629,743.505
Anterior cingulate area/ ventral part/ layer 1,ACAv1,588,right,all,5385,146.424,818.52,5385,146.424,818.52
Anterior cingulate area/ ventral part/ layer 2/3,ACAv2/3,296,left,all,4237,129.765,742.058,4237,129.765,742.058
Anterior cingulate area/ ventral part/ layer 2/3,ACAv2/3,296,right,all,6780,144.969,848.144,6780,144.969,848.144
Anterior cingulate area/ ventral part/ layer 5,ACAv5,772,left,all,14518,152.775,869.883,14518,152.775,869.883
Anterior cingulate area/ ventral part/ layer 5,ACAv5,772,right,all,11909,170.638,868.123,11909,170.638,868.123
Anterior cingulate area/ ventral part/ 6a,ACAv6a,810,left,all,5038,173.056,898.417,5038,173.056,898.417
Anterior cingulate area/ ventral part/ 6a,ACAv6a,810,right,all,3967,144.069,783.627,3967,144.069,783.627
Anterior cingulate area/ ventral part/ 6b,ACAv6b,819,left,all,769,174.822,920.59,769,174.822,920.59
Anterior cingulate area/ ventral part/ 6b,ACAv6b,819,right,all,370,136.437,782.943,370,136.437,782.943
Prelimbic area,PL,972,left,all,27351,174.562,854.318,27351,174.562,854.318
Prelimbic area,PL,972,right,all,28162,168.124,819.253,28162,168.124,819.253
Prelimbic area/ layer 1,PL1,171,left,all,3562,169.514,704.209,3562,169.514,704.209
Prelimbic area/ layer 1,PL1,171,right,all,4078,146.033,708.534,4078,146.033,708.534
Prelimbic area/ layer 2/3,PL2/3,304,left,all,4326,147.951,785.606,4326,147.951,785.606
Prelimbic area/ layer 2/3,PL2/3,304,right,all,6329,143.5,789.934,6329,143.5,789.934
Prelimbic area/ layer 5,PL5,363,left,all,13164,192.095,904.515,13164,192.095,904.515
Prelimbic area/ layer 5,PL5,363,right,all,12474,193.705,873.55,12474,193.705,873.55
Prelimbic area/ layer 6a,PL6a,84,left,all,6189,159.488,883.141,6189,159.488,883.141
Prelimbic area/ layer 6a,PL6a,84,right,all,5258,154.467,812.422,5258,154.467,812.422
Prelimbic area/ layer 6b,PL6b,132,left,all,110,134.533,788.527,110,134.533,788.527
Prelimbic area/ layer 6b,PL6b,132,right,all,23,109.514,631,23,109.514,631
Infralimbic area,ILA,44,left,all,8431,141.361,868.695,8431,141.361,868.695
Infralimbic area,ILA,44,right,all,7767,131.371,812.638,7767,131.371,812.638
Infralimbic area/ layer 1,ILA1,707,left,all,939,187.07,811.846,939,187.07,811.846
Infralimbic area/ layer 1,ILA1,707,right,all,1036,151.695,762.232,1036,151.695,762.232
Infralimbic area/ layer 2/3,ILA2/3,556,left,all,975,113.149,790.07,975,113.149,790.07
Infralimbic area/ layer 2/3,ILA2/3,556,right,all,1242,111.993,759.934,1242,111.993,759.934
Infralimbic area/ layer 5,ILA5,827,left,all,4111,138.364,883.293,4111,138.364,883.293
Infralimbic area/ layer 5,ILA5,827,right,all,3679,125.714,826.612,3679,125.714,826.612
Infralimbic area/ layer 6a,ILA6a,1054,left,all,2388,140.231,898.991,2388,140.231,898.991
Infralimbic area/ layer 6a,ILA6a,1054,right,all,1803,144.724,850.042,1803,144.724,850.042
Infralimbic area/ layer 6b,ILA6b,1081,left,all,18,119.548,740,18,119.548,740
Infralimbic area/ layer 6b,ILA6b,1081,right,all,7,95.6486,644.857,7,95.6486,644.857
Orbital area,ORB,714,left,all,66584,210.998,1012.44,66584,210.998,1012.44
Orbital area,ORB,714,right,all,58273,172.941,867.546,58273,172.941,867.546
Orbital area/ lateral part,ORBl,723,left,all,31100,243.077,1100.58,31100,243.077,1100.58
Orbital area/ lateral part,ORBl,723,right,all,23947,177.363,905.045,23947,177.363,905.045
Orbital area/ lateral part/ layer 1,ORBl1,448,left,all,2708,540.481,1501.37,2708,540.481,1501.37
Orbital area/ lateral part/ layer 1,ORBl1,448,right,all,2242,164.545,837.95,2242,164.545,837.95
Orbital area/ lateral part/ layer 2/3,ORBl2/3,412,left,all,7480,201.859,1052.88,7480,201.859,1052.88
Orbital area/ lateral part/ layer 2/3,ORBl2/3,412,right,all,5630,171.062,883.626,5630,171.062,883.626
Orbital area/ lateral part/ layer 5,ORBl5,630,left,all,15164,235.386,1110.38,15164,235.386,1110.38
Orbital area/ lateral part/ layer 5,ORBl5,630,right,all,11644,190.8,944.042,11644,190.8,944.042
Orbital area/ lateral part/ layer 6a,ORBl6a,440,left,all,5443,180.242,953.82,5443,180.242,953.82
Orbital area/ lateral part/ layer 6a,ORBl6a,440,right,all,4213,159.892,867.983,4213,159.892,867.983
Orbital area/ lateral part/ layer 6b,ORBl6b,488,left,all,305,117.16,843.603,305,117.16,843.603
Orbital area/ lateral part/ layer 6b,ORBl6b,488,right,all,218,91.8403,781.578,218,91.8403,781.578
Orbital area/ medial part,ORBm,731,left,all,15347,176.378,891.374,15347,176.378,891.374
Orbital area/ medial part,ORBm,731,right,all,15537,155.883,805.61,15537,155.883,805.61
Orbital area/ medial part/ layer 1,ORBm1,484,left,all,3233,148.302,710.543,3233,148.302,710.543
Orbital area/ medial part/ layer 1,ORBm1,484,right,all,3844,139.854,704.78,3844,139.854,704.78
Orbital area/ medial part/ layer 2/3,ORBm2/3,582,left,all,3831,176.63,891.028,3831,176.63,891.028
Orbital area/ medial part/ layer 2/3,ORBm2/3,582,right,all,4126,145.556,799.37,4126,145.556,799.37
Orbital area/ medial part/ layer 5,ORBm5,620,left,all,6047,201.248,983.03,6047,201.248,983.03
Orbital area/ medial part/ layer 5,ORBm5,620,right,all,5508,174.461,870.216,5508,174.461,870.216
Orbital area/ medial part/ layer 6a,ORBm6a,910,left,all,2220,149.289,906.173,2220,149.289,906.173
Orbital area/ medial part/ layer 6a,ORBm6a,910,right,all,2054,156.931,833.886,2054,156.931,833.886
Orbital area/ medial part/ layer 6b,ORBm6b,527696977,left,all,16,148.032,820.188,16,148.032,820.188
Orbital area/ medial part/ layer 6b,ORBm6b,527696977,right,all,5,105.908,687.8,5,105.908,687.8
Orbital area/ ventrolateral part,ORBvl,746,left,all,20137,187.84,968.572,20137,187.84,968.572
Orbital area/ ventrolateral part,ORBvl,746,right,all,18789,181.411,870.969,18789,181.411,870.969
Orbital area/ ventrolateral part/ layer 1,ORBvl1,969,left,all,3518,159.727,856.006,3518,159.727,856.006
Orbital area/ ventrolateral part/ layer 1,ORBvl1,969,right,all,3293,150.852,773.925,3293,150.852,773.925
Orbital area/ ventrolateral part/ layer 2/3,ORBvl2/3,288,left,all,6281,190.146,973.463,6281,190.146,973.463
Orbital area/ ventrolateral part/ layer 2/3,ORBvl2/3,288,right,all,5708,192.876,876.533,5708,192.876,876.533
Orbital area/ ventrolateral part/ layer 5,ORBvl5,1125,left,all,7762,206.838,1030.75,7762,206.838,1030.75
Orbital area/ ventrolateral part/ layer 5,ORBvl5,1125,right,all,7561,195.355,923.181,7561,195.355,923.181
Orbital area/ ventrolateral part/ layer 6a,ORBvl6a,608,left,all,2536,163.823,924.644,2536,163.823,924.644
Orbital area/ ventrolateral part/ layer 6a,ORBvl6a,608,right,all,2195,150.227,824.457,2195,150.227,824.457
Orbital area/ ventrolateral part/ layer 6b,ORBvl6b,680,left,all,40,134.654,820,40,134.654,820
Orbital area/ ventrolateral part/ layer 6b,ORBvl6b,680,right,all,32,125.674,718.531,32,125.674,718.531
Agranular insular area,AI,95,left,all,97071,237.416,979.611,97071,237.416,979.611
Agranular insular area,AI,95,right,all,82340,228.045,839.447,82340,228.045,839.447
Agranular insular area/ dorsal part,AId,104,left,all,45710,237.187,967.885,45710,237.187,967.885
Agranular insular area/ dorsal part,AId,104,right,all,42255,222.165,818.535,42255,222.165,818.535
Agranular insular area/ dorsal part/ layer 1,AId1,996,left,all,4091,200.518,830.907,4091,200.518,830.907
Agranular insular area/ dorsal part/ layer 1,AId1,996,right,all,3363,159.445,653.52,3363,159.445,653.52
Agranular insular area/ dorsal part/ layer 2/3,AId2/3,328,left,all,11864,212.681,923.689,11864,212.681,923.689
Agranular insular area/ dorsal part/ layer 2/3,AId2/3,328,right,all,11810,219.155,796.007,11810,219.155,796.007
Agranular insular area/ dorsal part/ layer 5,AId5,1101,left,all,19700,275.889,1030.72,19700,275.889,1030.72
Agranular insular area/ dorsal part/ layer 5,AId5,1101,right,all,17218,253.895,871.447,17218,253.895,871.447
Agranular insular area/ dorsal part/ layer 6a,AId6a,783,left,all,9573,209.733,954.698,9573,209.733,954.698
Agranular insular area/ dorsal part/ layer 6a,AId6a,783,right,all,9292,196.849,811.968,9292,196.849,811.968
Agranular insular area/ dorsal part/ layer 6b,AId6b,831,left,all,482,115.098,912.166,482,115.098,912.166
Agranular insular area/ dorsal part/ layer 6b,AId6b,831,right,all,572,109.201,767.776,572,109.201,767.776
Agranular insular area/ posterior part,AIp,111,left,all,30589,246.006,1000.02,30589,246.006,1000.02
Agranular insular area/ posterior part,AIp,111,right,all,20196,250.099,910.677,20196,250.099,910.677
Agranular insular area/ posterior part/ layer 1,AIp1,120,left,all,3621,208.624,878.355,3621,208.624,878.355
Agranular insular area/ posterior part/ layer 1,AIp1,120,right,all,2876,163.196,749.295,2876,163.196,749.295
Agranular insular area/ posterior part/ layer 2/3,AIp2/3,163,left,all,11583,238.103,973.094,11583,238.103,973.094
Agranular insular area/ posterior part/ layer 2/3,AIp2/3,163,right,all,8297,331.191,1053.97,8297,331.191,1053.97
Agranular insular area/ posterior part/ layer 5,AIp5,344,left,all,9472,280.409,1058.41,9472,280.409,1058.41
Agranular insular area/ posterior part/ layer 5,AIp5,344,right,all,5301,214.228,836.332,5301,214.228,836.332
Agranular insular area/ posterior part/ layer 6a,AIp6a,314,left,all,5729,231.955,1036.72,5729,231.955,1036.72
Agranular insular area/ posterior part/ layer 6a,AIp6a,314,right,all,3555,189.91,824.858,3555,189.91,824.858
Agranular insular area/ posterior part/ layer 6b,AIp6b,355,left,all,184,145.67,940.239,184,145.67,940.239
Agranular insular area/ posterior part/ layer 6b,AIp6b,355,right,all,167,137.716,757.317,167,137.716,757.317
Agranular insular area/ ventral part,AIv,119,left,all,20772,225.267,975.367,20772,225.267,975.367
Agranular insular area/ ventral part,AIv,119,right,all,19889,218.144,811.546,19889,218.144,811.546
Agranular insular area/ ventral part/ layer 1,AIv1,704,left,all,2144,275.567,988.775,2144,275.567,988.775
Agranular insular area/ ventral part/ layer 1,AIv1,704,right,all,2314,189.969,811.1,2314,189.969,811.1
Agranular insular area/ ventral part/ layer 2/3,AIv2/3,694,left,all,6791,204.297,923.399,6791,204.297,923.399
Agranular insular area/ ventral part/ layer 2/3,AIv2/3,694,right,all,6770,241.816,849.722,6770,241.816,849.722
Agranular insular area/ ventral part/ layer 5,AIv5,800,left,all,9695,239.673,1019.58,9695,239.673,1019.58
Agranular insular area/ ventral part/ layer 5,AIv5,800,right,all,8979,217.45,795.759,8979,217.45,795.759
Agranular insular area/ ventral part/ layer 6a,AIv6a,675,left,all,2106,177.357,926.983,2106,177.357,926.983
Agranular insular area/ ventral part/ layer 6a,AIv6a,675,right,all,1796,169.963,747.289,1796,169.963,747.289
Agranular insular area/ ventral part/ layer 6b,AIv6b,699,left,all,36,108.513,903.278,36,108.513,903.278
Agranular insular area/ ventral part/ layer 6b,AIv6b,699,right,all,30,141.887,802.833,30,141.887,802.833
Retrosplenial area,RSP,254,left,all,28902,183.086,843.021,28902,183.086,843.021
Retrosplenial area,RSP,254,right,all,41304,195.633,838.311,41304,195.633,838.311
Retrosplenial area/ lateral agranular part,RSPagl,894,left,all,1072,219.211,969.707,1072,219.211,969.707
Retrosplenial area/ lateral agranular part,RSPagl,894,right,all,3488,195.497,797.519,3488,195.497,797.519
Retrosplenial area/ lateral agranular part/ layer 1,RSPagl1,671,left,all,30,174.308,558.867,30,174.308,558.867
Retrosplenial area/ lateral agranular part/ layer 1,RSPagl1,671,right,all,486,177.236,711.261,486,177.236,711.261
Retrosplenial area/ lateral agranular part/ layer 2/3,RSPagl2/3,965,left,all,83,216.607,736.133,83,216.607,736.133
Retrosplenial area/ lateral agranular part/ layer 2/3,RSPagl2/3,965,right,all,786,166.025,774.195,786,166.025,774.195
Retrosplenial area/ lateral agranular part/ layer 5,RSPagl5,774,left,all,218,196.31,863.55,218,196.31,863.55
Retrosplenial area/ lateral agranular part/ layer 5,RSPagl5,774,right,all,798,206.206,836.808,798,206.206,836.808
Retrosplenial area/ lateral agranular part/ layer 6a,RSPagl6a,906,left,all,709,228.251,1053.63,709,228.251,1053.63
Retrosplenial area/ lateral agranular part/ layer 6a,RSPagl6a,906,right,all,1299,214.364,825.645,1299,214.364,825.645
Retrosplenial area/ lateral agranular part/ layer 6b,RSPagl6b,279,left,all,32,223.772,824.562,32,223.772,824.562
Retrosplenial area/ lateral agranular part/ layer 6b,RSPagl6b,279,right,all,119,186.976,733.37,119,186.976,733.37
Retrosplenial area/ dorsal part,RSPd,879,left,all,3735,161.228,846.215,3735,161.228,846.215
Retrosplenial area/ dorsal part,RSPd,879,right,all,6926,185.166,809.171,6926,185.166,809.171
Retrosplenial area/ dorsal part/ layer 1,RSPd1,442,left,all,1095,151.625,810.671,1095,151.625,810.671
Retrosplenial area/ dorsal part/ layer 1,RSPd1,442,right,all,1455,148.397,723.3,1455,148.397,723.3
Retrosplenial area/ dorsal part/ layer 2/3,RSPd2/3,434,left,all,737,151.392,853.919,737,151.392,853.919
Retrosplenial area/ dorsal part/ layer 2/3,RSPd2/3,434,right,all,1240,161.658,787.139,1240,161.658,787.139
Retrosplenial area/ dorsal part/ layer 4,RSPd4,545,left,all,0,0,0,0,0,0
Retrosplenial area/ dorsal part/ layer 4,RSPd4,545,right,all,0,0,0,0,0,0
Retrosplenial area/ dorsal part/ layer 5,RSPd5,610,left,all,1201,158.872,851.72,1201,158.872,851.72
Retrosplenial area/ dorsal part/ layer 5,RSPd5,610,right,all,2277,199.475,846.574,2277,199.475,846.574
Retrosplenial area/ dorsal part/ layer 6a,RSPd6a,274,left,all,669,190.52,880.559,669,190.52,880.559
Retrosplenial area/ dorsal part/ layer 6a,RSPd6a,274,right,all,1858,210.731,845.169,1858,210.731,845.169
Retrosplenial area/ dorsal part/ layer 6b,RSPd6b,330,left,all,33,191.452,956.939,33,191.452,956.939
Retrosplenial area/ dorsal part/ layer 6b,RSPd6b,330,right,all,96,211.87,811.333,96,211.87,811.333
Retrosplenial area/ ventral part,RSPv,886,left,all,24095,184.867,836.889,24095,184.867,836.889
Retrosplenial area/ ventral part,RSPv,886,right,all,30890,197.995,849.451,30890,197.995,849.451
Retrosplenial area/ ventral part/ layer 1,RSPv1,542,left,all,4947,174.059,808.391,4947,174.059,808.391
Retrosplenial area/ ventral part/ layer 1,RSPv1,542,right,all,6419,180.553,850.739,6419,180.553,850.739
Retrosplenial area/ ventral part/ layer 2/3,RSPv2/3,430,left,all,5223,181.368,804.878,5223,181.368,804.878
Retrosplenial area/ ventral part/ layer 2/3,RSPv2/3,430,right,all,6693,204.243,887.247,6693,204.243,887.247
Retrosplenial area/ ventral part/ layer 5,RSPv5,687,left,all,9927,190.406,863.474,9927,190.406,863.474
Retrosplenial area/ ventral part/ layer 5,RSPv5,687,right,all,12233,206.611,856.58,12233,206.611,856.58
Retrosplenial area/ ventral part/ layer 6a,RSPv6a,590,left,all,3672,185.992,837.919,3672,185.992,837.919
Retrosplenial area/ ventral part/ layer 6a,RSPv6a,590,right,all,5119,189.068,779.81,5119,189.068,779.81
Retrosplenial area/ ventral part/ layer 6b,RSPv6b,622,left,all,326,223.567,961.092,326,223.567,961.092
Retrosplenial area/ ventral part/ layer 6b,RSPv6b,622,right,all,426,222.531,868.333,426,222.531,868.333
Posterior parietal association areas,PTLp,22,left,all,436,159.386,703.284,436,159.386,703.284
Posterior parietal association areas,PTLp,22,right,all,6790,188.52,698.536,6790,188.52,698.536
Anterior area,VISa,312782546,left,all,1,96.78,601,1,96.78,601
Anterior area,VISa,312782546,right,all,1255,191.275,657.767,1255,191.275,657.767
Anterior area/ layer 1,VISa1,312782550,left,all,0,0,0,0,0,0
Anterior area/ layer 1,VISa1,312782550,right,all,0,0,0,0,0,0
Anterior area/ layer 2/3,VISa2/3,312782554,left,all,0,0,0,0,0,0
Anterior area/ layer 2/3,VISa2/3,312782554,right,all,0,0,0,0,0,0
Anterior area/ layer 4,VISa4,312782558,left,all,0,0,0,0,0,0
Anterior area/ layer 4,VISa4,312782558,right,all,0,0,0,0,0,0
Anterior area/ layer 5,VISa5,312782562,left,all,0,0,0,0,0,0
Anterior area/ layer 5,VISa5,312782562,right,all,36,127.529,557.667,36,127.529,557.667
Anterior area/ layer 6a,VISa6a,312782566,left,all,0,0,0,0,0,0
Anterior area/ layer 6a,VISa6a,312782566,right,all,809,189.148,655.467,809,189.148,655.467
Anterior area/ layer 6b,VISa6b,312782570,left,all,1,96.78,601,1,96.78,601
Anterior area/ layer 6b,VISa6b,312782570,right,all,410,201.071,671.093,410,201.071,671.093
Rostrolateral visual area,VISrl,417,left,all,435,159.53,703.52,435,159.53,703.52
Rostrolateral visual area,VISrl,417,right,all,5535,187.895,707.78,5535,187.895,707.78
Rostrolateral area/ layer 1,VISrl1,312782604,left,all,0,0,0,0,0,0
Rostrolateral area/ layer 1,VISrl1,312782604,right,all,0,0,0,0,0,0
Rostrolateral area/ layer 2/3,VISrl2/3,312782608,left,all,0,0,0,0,0,0
Rostrolateral area/ layer 2/3,VISrl2/3,312782608,right,all,32,168.098,516.375,32,168.098,516.375
Rostrolateral area/ layer 4,VISrl4,312782612,left,all,0,0,0,0,0,0
Rostrolateral area/ layer 4,VISrl4,312782612,right,all,380,176.446,585.529,380,176.446,585.529
Rostrolateral area/ layer 5,VISrl5,312782616,left,all,0,0,0,0,0,0
Rostrolateral area/ layer 5,VISrl5,312782616,right,all,2379,176.737,661.587,2379,176.737,661.587
Rostrolateral area/ layer 6a,VISrl6a,312782620,left,all,259,165.098,693.737,259,165.098,693.737
Rostrolateral area/ layer 6a,VISrl6a,312782620,right,all,2333,197.574,761.224,2333,197.574,761.224
Rostrolateral area/ layer 6b,VISrl6b,312782624,left,all,176,151.338,717.915,176,151.338,717.915
Rostrolateral area/ layer 6b,VISrl6b,312782624,right,all,411,209.664,799.72,411,209.664,799.72
Temporal association areas,TEa,541,left,all,40698,256.268,963.052,40698,256.268,963.052
Temporal association areas,TEa,541,right,all,38262,213.904,736.841,38262,213.904,736.841
Temporal association areas/ layer 1,TEa1,97,left,all,5531,203.333,794.823,5531,203.333,794.823
Temporal association areas/ layer 1,TEa1,97,right,all,6188,154.445,613.308,6188,154.445,613.308
Temporal association areas/ layer 2/3,TEa2/3,1127,left,all,10274,208.556,895.237,10274,208.556,895.237
Temporal association areas/ layer 2/3,TEa2/3,1127,right,all,9862,188.045,698.916,9862,188.045,698.916
Temporal association areas/ layer 4,TEa4,234,left,all,4241,245.387,979.561,4241,245.387,979.561
Temporal association areas/ layer 4,TEa4,234,right,all,4060,284.501,823.971,4060,284.501,823.971
Temporal association areas/ layer 5,TEa5,289,left,all,12352,314.181,1049.57,12352,314.181,1049.57
Temporal association areas/ layer 5,TEa5,289,right,all,12144,249.086,804.797,12144,249.086,804.797
Temporal association areas/ layer 6a,TEa6a,729,left,all,7413,272.891,1025.34,7413,272.891,1025.34
Temporal association areas/ layer 6a,TEa6a,729,right,all,5347,206.156,745.229,5347,206.156,745.229
Temporal association areas/ layer 6b,TEa6b,786,left,all,887,245.642,993.197,887,245.642,993.197
Temporal association areas/ layer 6b,TEa6b,786,right,all,661,139.021,607.616,661,139.021,607.616
Perirhinal area,PERI,922,left,all,11007,230.889,890.492,11007,230.889,890.492
Perirhinal area,PERI,922,right,all,7970,332.771,916.402,7970,332.771,916.402
Perirhinal area/ layer 1,PERI1,540,left,all,2772,182.131,772.018,2772,182.131,772.018
Perirhinal area/ layer 1,PERI1,540,right,all,2426,378.673,968.57,2426,378.673,968.57
Perirhinal area/ layer 2/3,PERI2/3,888,left,all,4998,219.002,863.113,4998,219.002,863.113
Perirhinal area/ layer 2/3,PERI2/3,888,right,all,3382,372.978,957.477,3382,372.978,957.477
Perirhinal area/ layer 5,PERI5,692,left,all,2440,300.931,1033.27,2440,300.931,1033.27
Perirhinal area/ layer 5,PERI5,692,right,all,1532,221.102,782.798,1532,221.102,782.798
Perirhinal area/ layer 6a,PERI6a,335,left,all,691,266.605,1040.51,691,266.605,1040.51
Perirhinal area/ layer 6a,PERI6a,335,right,all,570,218.272,825.432,570,218.272,825.432
Perirhinal area/ layer 6b,PERI6b,368,left,all,106,221.307,1015.17,106,221.307,1015.17
Perirhinal area/ layer 6b,PERI6b,368,right,all,60,149.492,767.45,60,149.492,767.45
Ectorhinal area,ECT,895,left,all,24741,233.285,908.503,24741,233.285,908.503
Ectorhinal area,ECT,895,right,all,18790,251.506,760.37,18790,251.506,760.37
Ectorhinal area/Layer 1,ECT1,836,left,all,3080,197.47,793.105,3080,197.47,793.105
Ectorhinal area/Layer 1,ECT1,836,right,all,2548,255.917,734.936,2548,255.917,734.936
Ectorhinal area/Layer 2/3,ECT2/3,427,left,all,7645,210.055,855.445,7645,210.055,855.445
Ectorhinal area/Layer 2/3,ECT2/3,427,right,all,6269,297.121,796.685,6269,297.121,796.685
Ectorhinal area/Layer 5,ECT5,988,left,all,7803,275.414,983.631,7803,275.414,983.631
Ectorhinal area/Layer 5,ECT5,988,right,all,5567,259.828,791.799,5567,259.828,791.799
Ectorhinal area/Layer 6a,ECT6a,977,left,all,5638,232.989,949.543,5638,232.989,949.543
Ectorhinal area/Layer 6a,ECT6a,977,right,all,3952,176.981,685.945,3952,176.981,685.945
Ectorhinal area/Layer 6b,ECT6b,1045,left,all,575,165.192,810.163,575,165.192,810.163
Ectorhinal area/Layer 6b,ECT6b,1045,right,all,454,143.542,664.159,454,143.542,664.159
Olfactory areas,OLF,698,left,all,330973,203.995,926.109,330973,203.995,926.109
Olfactory areas,OLF,698,right,all,264898,181.36,796.255,264898,181.36,796.255
Main olfactory bulb,MOB,507,left,all,104525,169.038,812.757,104525,169.038,812.757
Main olfactory bulb,MOB,507,right,all,92215,159.18,732.913,92215,159.18,732.913
Accessory olfactory bulb,AOB,151,left,all,4816,163.524,768.3,4816,163.524,768.3
Accessory olfactory bulb,AOB,151,right,all,4348,147.903,695.246,4348,147.903,695.246
Accessory olfactory bulb/ glomerular layer,AOBgl,188,left,all,1250,235.01,903.43,1250,235.01,903.43
Accessory olfactory bulb/ glomerular layer,AOBgl,188,right,all,1179,159.587,710.917,1179,159.587,710.917
Accessory olfactory bulb/ granular layer,AOBgr,196,left,all,1353,108.566,696.656,1353,108.566,696.656
Accessory olfactory bulb/ granular layer,AOBgr,196,right,all,952,118.396,650,952,118.396,650
Accessory olfactory bulb/ mitral layer,AOBmi,204,left,all,2213,156.745,735.775,2213,156.745,735.775
Accessory olfactory bulb/ mitral layer,AOBmi,204,right,all,2217,154.36,706.342,2217,154.36,706.342
Anterior olfactory nucleus,AON,159,left,all,44215,160.599,900.415,44215,160.599,900.415
Anterior olfactory nucleus,AON,159,right,all,42720,180.217,864.692,42720,180.217,864.692
Taenia tecta,TT,589,left,all,10122,174.298,894.378,10122,174.298,894.378
Taenia tecta,TT,589,right,all,9751,149.229,772.195,9751,149.229,772.195
Taenia tecta/ dorsal part,TTd,597,left,all,6854,162.401,887.027,6854,162.401,887.027
Taenia tecta/ dorsal part,TTd,597,right,all,7692,153.608,822.304,7692,153.608,822.304
Taenia tecta/ ventral part,TTv,605,left,all,3268,199.25,909.797,3268,199.25,909.797
Taenia tecta/ ventral part,TTv,605,right,all,2059,132.868,584.997,2059,132.868,584.997
Dorsal peduncular area,DP,814,left,all,4949,160.92,899.957,4949,160.92,899.957
Dorsal peduncular area,DP,814,right,all,4865,151.127,840.441,4865,151.127,840.441
Piriform area,PIR,961,left,all,102027,260.613,1086.1,102027,260.613,1086.1
Piriform area,PIR,961,right,all,72858,227.161,879.541,72858,227.161,879.541
Nucleus of the lateral olfactory tract,NLOT,619,left,all,0,0,0,0,0,0
Nucleus of the lateral olfactory tract,NLOT,619,right,all,0,0,0,0,0,0
Nucleus of the lateral olfactory tract/ molecular layer,NLOT1,260,left,all,0,0,0,0,0,0
Nucleus of the lateral olfactory tract/ molecular layer,NLOT1,260,right,all,0,0,0,0,0,0
Nucleus of the lateral olfactory tract/ pyramidal layer,NLOT2,268,left,all,0,0,0,0,0,0
Nucleus of the lateral olfactory tract/ pyramidal layer,NLOT2,268,right,all,0,0,0,0,0,0
Nucleus of the lateral olfactory tract/ layer 3,NLOT3,1139,left,all,0,0,0,0,0,0
Nucleus of the lateral olfactory tract/ layer 3,NLOT3,1139,right,all,0,0,0,0,0,0
Cortical amygdalar area,COA,631,left,all,8706,153.484,783.235,8706,153.484,783.235
Cortical amygdalar area,COA,631,right,all,492,106.885,541.807,492,106.885,541.807
Cortical amygdalar area/ anterior part,COAa,639,left,all,0,0,0,0,0,0
Cortical amygdalar area/ anterior part,COAa,639,right,all,0,0,0,0,0,0
Cortical amygdalar area/ posterior part,COAp,647,left,all,8706,153.484,783.235,8706,153.484,783.235
Cortical amygdalar area/ posterior part,COAp,647,right,all,492,106.885,541.807,492,106.885,541.807
Cortical amygdalar area/ posterior part/ lateral zone,COApl,655,left,all,2905,161.301,784.347,2905,161.301,784.347
Cortical amygdalar area/ posterior part/ lateral zone,COApl,655,right,all,420,107.061,551.405,420,107.061,551.405
Cortical amygdalar area/ posterior part/ medial zone,COApm,663,left,all,5801,149.569,782.679,5801,149.569,782.679
Cortical amygdalar area/ posterior part/ medial zone,COApm,663,right,all,72,105.861,485.819,72,105.861,485.819
Piriform-amygdalar area,PAA,788,left,all,272,185.824,858.36,272,185.824,858.36
Piriform-amygdalar area,PAA,788,right,all,5,56.742,670.8,5,56.742,670.8
Postpiriform transition area,TR,566,left,all,11529,280.082,980.144,11529,280.082,980.144
Postpiriform transition area,TR,566,right,all,4922,161.77,641.364,4922,161.77,641.364
Hippocampal formation,HPF,1089,left,all,489335,241.758,1047.52,489335,241.758,1047.52
Hippocampal formation,HPF,1089,right,all,350624,207.552,871.967,350624,207.552,871.967
Hippocampal region,HIP,1080,left,all,242277,184.987,978.131,242277,184.987,978.131
Hippocampal region,HIP,1080,right,all,172395,176.161,841.755,172395,176.161,841.755
Ammon's horn,CA,375,left,all,180683,198.022,981.768,180683,198.022,981.768
Ammon's horn,CA,375,right,all,129444,191.574,849.959,129444,191.574,849.959
Field CA1,CA1,382,left,all,118157,197.546,935.698,118157,197.546,935.698
Field CA1,CA1,382,right,all,85421,189.802,802.205,85421,189.802,802.205
Field CA2,CA2,423,left,all,4750,193.132,1001.63,4750,193.132,1001.63
Field CA2,CA2,423,right,all,2968,203.552,916.89,2968,203.552,916.89
Field CA3,CA3,463,left,all,57776,199.399,1074.35,57776,199.399,1074.35
Field CA3,CA3,463,right,all,41055,194.396,944.481,41055,194.396,944.481
Dentate gyrus,DG,726,left,all,60575,147.208,971.559,60575,147.208,971.559
Dentate gyrus,DG,726,right,all,41802,129.729,817.071,41802,129.729,817.071
Dentate gyrus/ molecular layer,DG-mo,10703,left,all,39747,146.398,966.241,39747,146.398,966.241
Dentate gyrus/ molecular layer,DG-mo,10703,right,all,24565,125.15,795.624,24565,125.15,795.624
Dentate gyrus/ polymorph layer,DG-po,10704,left,all,7004,167.765,1019.13,7004,167.765,1019.13
Dentate gyrus/ polymorph layer,DG-po,10704,right,all,5554,159.029,846.553,5554,159.029,846.553
Dentate gyrus/ granule cell layer,DG-sg,632,left,all,13824,139.121,962.748,13824,139.121,962.748
Dentate gyrus/ granule cell layer,DG-sg,632,right,all,11683,125.428,848.152,11683,125.428,848.152
Fasciola cinerea,FC,982,left,all,262,127.119,760.237,262,127.119,760.237
Fasciola cinerea,FC,982,right,all,264,139.004,802.314,264,139.004,802.314
Induseum griseum,IG,19,left,all,757,116.769,711.32,757,116.769,711.32
Induseum griseum,IG,19,right,all,885,126.046,819.397,885,126.046,819.397
Retrohippocampal region,RHP,822,left,all,242512,298.688,1117.48,242512,298.688,1117.48
Retrohippocampal region,RHP,822,right,all,176051,238.75,902.557,176051,238.75,902.557
Entorhinal area,ENT,909,left,all,146590,344.889,1153.66,146590,344.889,1153.66
Entorhinal area,ENT,909,right,all,104187,270.714,928.05,104187,270.714,928.05
Entorhinal area/ lateral part,ENTl,918,left,all,78939,351.711,1122.35,78939,351.711,1122.35
Entorhinal area/ lateral part,ENTl,918,right,all,57590,281.236,909.036,57590,281.236,909.036
Entorhinal area/ lateral part/ layer 1,ENTl1,1121,left,all,9421,236.773,866.583,9421,236.773,866.583
Entorhinal area/ lateral part/ layer 1,ENTl1,1121,right,all,6899,268.354,838.32,6899,268.354,838.32
Entorhinal area/ lateral part/ layer 2,ENTl2,20,left,all,21638,425.907,1198.2,21638,425.907,1198.2
Entorhinal area/ lateral part/ layer 2,ENTl2,20,right,all,16634,346.459,1014.39,16634,346.459,1014.39
Entorhinal area/ lateral part/ layer 3,ENTl3,52,left,all,16159,395,1184.09,16159,395,1184.09
Entorhinal area/ lateral part/ layer 3,ENTl3,52,right,all,11167,293.791,919.947,11167,293.791,919.947
Entorhinal area/ lateral part/ layer 5,ENTl5,139,left,all,18782,332.349,1111.94,18782,332.349,1111.94
Entorhinal area/ lateral part/ layer 5,ENTl5,139,right,all,13063,242.812,850.976,13063,242.812,850.976
Entorhinal area/ lateral part/ layer 6a,ENTl6a,28,left,all,12939,285.364,1119.75,12939,285.364,1119.75
Entorhinal area/ lateral part/ layer 6a,ENTl6a,28,right,all,9827,216.688,845.129,9827,216.688,845.129
Entorhinal area/ medial part/ dorsal zone,ENTm,926,left,all,67651,336.928,1190.19,67651,336.928,1190.19
Entorhinal area/ medial part/ dorsal zone,ENTm,926,right,all,46597,257.71,951.55,46597,257.71,951.55
Entorhinal area/ medial part/ dorsal zone/ layer 1,ENTm1,526,left,all,11553,225.86,884.294,11553,225.86,884.294
Entorhinal area/ medial part/ dorsal zone/ layer 1,ENTm1,526,right,all,7278,204.579,796.371,7278,204.579,796.371
Entorhinal area/ medial part/ dorsal zone/ layer 2,ENTm2,543,left,all,16667,437.12,1353.51,16667,437.12,1353.51
Entorhinal area/ medial part/ dorsal zone/ layer 2,ENTm2,543,right,all,11583,354.724,1130.15,11583,354.724,1130.15
Entorhinal area/ medial part/ dorsal zone/ layer 3,ENTm3,664,left,all,15413,364.095,1255.29,15413,364.095,1255.29
Entorhinal area/ medial part/ dorsal zone/ layer 3,ENTm3,664,right,all,10454,263.173,969.656,10454,263.173,969.656
Entorhinal area/ medial part/ dorsal zone/ layer 5,ENTm5,727,left,all,14228,325.504,1207.03,14228,325.504,1207.03
Entorhinal area/ medial part/ dorsal zone/ layer 5,ENTm5,727,right,all,10173,225.3,901.645,10173,225.3,901.645
Entorhinal area/ medial part/ dorsal zone/ layer 6,ENTm6,743,left,all,9790,271.255,1146.18,9790,271.255,1146.18
Entorhinal area/ medial part/ dorsal zone/ layer 6,ENTm6,743,right,all,7109,192.38,864.21,7109,192.38,864.21
Parasubiculum,PAR,843,left,all,12506,259.126,1110.27,12506,259.126,1110.27
Parasubiculum,PAR,843,right,all,9431,206.944,901.757,9431,206.944,901.757
Postsubiculum,POST,1037,left,all,17835,225.827,1006.39,17835,225.827,1006.39
Postsubiculum,POST,1037,right,all,14951,176.317,809.34,14951,176.317,809.34
Presubiculum,PRE,1084,left,all,13584,201.291,1114.77,13584,201.291,1114.77
Presubiculum,PRE,1084,right,all,9524,153.287,852.271,9524,153.287,852.271
Subiculum,SUB,502,left,all,26096,232.193,1077.36,26096,232.193,1077.36
Subiculum,SUB,502,right,all,19724,205.415,913.413,19724,205.415,913.413
Prosubiculum,ProS,484682470,left,all,15018,238.554,1062.79,15018,238.554,1062.79
Prosubiculum,ProS,484682470,right,all,10793,220.466,877.8,10793,220.466,877.8
Hippocampo-amygdalar transition area,HATA,589508447,left,all,5319,173.237,956.454,5319,173.237,956.454
Hippocampo-amygdalar transition area,HATA,589508447,right,all,3151,156.062,765.758,3151,156.062,765.758
Area prostriata,APr,484682508,left,all,5564,235.844,1033.05,5564,235.844,1033.05
Area prostriata,APr,484682508,right,all,4290,199.718,834.554,4290,199.718,834.554
Cortical subplate,CTXsp,703,left,all,82526,199.946,934.262,82526,199.946,934.262
Cortical subplate,CTXsp,703,right,all,70576,168.472,759.583,70576,168.472,759.583
Claustrum,CLA,583,left,all,6197,197.802,981.054,6197,197.802,981.054
Claustrum,CLA,583,right,all,5772,150.972,762.871,5772,150.972,762.871
Endopiriform nucleus,EP,942,left,all,26257,228.007,988.618,26257,228.007,988.618
Endopiriform nucleus,EP,942,right,all,20361,183.874,787.043,20361,183.874,787.043
Endopiriform nucleus/ dorsal part,EPd,952,left,all,19731,219.144,993.186,19731,219.144,993.186
Endopiriform nucleus/ dorsal part,EPd,952,right,all,13916,185.051,781.778,13916,185.051,781.778
Endopiriform nucleus/ ventral part,EPv,966,left,all,6526,254.805,974.806,6526,254.805,974.806
Endopiriform nucleus/ ventral part,EPv,966,right,all,6445,181.334,798.412,6445,181.334,798.412
Lateral amygdalar nucleus,LA,131,left,all,8980,130.065,824.439,8980,130.065,824.439
Lateral amygdalar nucleus,LA,131,right,all,10163,177.889,756.666,10163,177.889,756.666
Basolateral amygdalar nucleus,BLA,295,left,all,16777,238.859,1023.02,16777,238.859,1023.02
Basolateral amygdalar nucleus,BLA,295,right,all,17703,175.797,786.675,17703,175.797,786.675
Basolateral amygdalar nucleus/ anterior part,BLAa,303,left,all,8508,252.382,1098.98,8508,252.382,1098.98
Basolateral amygdalar nucleus/ anterior part,BLAa,303,right,all,9456,189.698,848.354,9456,189.698,848.354
Basolateral amygdalar nucleus/ posterior part,BLAp,311,left,all,7166,225.613,953.623,7166,225.613,953.623
Basolateral amygdalar nucleus/ posterior part,BLAp,311,right,all,7433,163.079,702.841,7433,163.079,702.841
Basolateral amygdalar nucleus/ ventral part,BLAv,451,left,all,1103,220.609,888.048,1103,220.609,888.048
Basolateral amygdalar nucleus/ ventral part,BLAv,451,right,all,814,130.449,835.694,814,130.449,835.694
Basomedial amygdalar nucleus,BMA,319,left,all,10333,176.326,865.406,10333,176.326,865.406
Basomedial amygdalar nucleus,BMA,319,right,all,8503,143.451,739.628,8503,143.451,739.628
Basomedial amygdalar nucleus/ anterior part,BMAa,327,left,all,2185,155.393,925.362,2185,155.393,925.362
Basomedial amygdalar nucleus/ anterior part,BMAa,327,right,all,1096,119.926,774.637,1096,119.926,774.637
Basomedial amygdalar nucleus/ posterior part,BMAp,334,left,all,8148,181.939,849.328,8148,181.939,849.328
Basomedial amygdalar nucleus/ posterior part,BMAp,334,right,all,7407,146.932,734.448,7407,146.932,734.448
Posterior amygdalar nucleus,PA,780,left,all,10716,149.951,781.931,10716,149.951,781.931
Posterior amygdalar nucleus,PA,780,right,all,5528,128.096,597.879,5528,128.096,597.879
Cerebral nuclei,CNU,623,left,all,439620,132.924,976.702,439620,132.924,976.702
Cerebral nuclei,CNU,623,right,all,355063,122.248,817.335,355063,122.248,817.335
Striatum,STR,477,left,all,373843,129.821,967.398,373843,129.821,967.398
Striatum,STR,477,right,all,302119,119.222,805.642,302119,119.222,805.642
Striatum dorsal region,STRd,485,left,all,257081,126.477,1004.71,257081,126.477,1004.71
Striatum dorsal region,STRd,485,right,all,201715,112.334,813.14,201715,112.334,813.14
Caudoputamen,CP,672,left,all,257081,126.477,1004.71,257081,126.477,1004.71
Caudoputamen,CP,672,right,all,201715,112.334,813.14,201715,112.334,813.14
Striatum ventral region,STRv,493,left,all,36316,133.027,879.896,36316,133.027,879.896
Striatum ventral region,STRv,493,right,all,29249,129.759,782.234,29249,129.759,782.234
Nucleus accumbens,ACB,56,left,all,29688,120.196,847.74,29688,120.196,847.74
Nucleus accumbens,ACB,56,right,all,24670,119.768,760.813,24670,119.768,760.813
Fundus of striatum,FS,998,left,all,4109,218.406,1073.14,4109,218.406,1073.14
Fundus of striatum,FS,998,right,all,3873,194.327,935.9,3873,194.327,935.9
Olfactory tubercle,OT,754,left,all,2519,144.98,943.655,2519,144.98,943.655
Olfactory tubercle,OT,754,right,all,706,124.687,687.742,706,124.687,687.742
Lateral septal complex,LSX,275,left,all,24015,97.0977,770.585,24015,97.0977,770.585
Lateral septal complex,LSX,275,right,all,23646,99.7568,763.901,23646,99.7568,763.901
Lateral septal nucleus,LS,242,left,all,20900,96.0711,763.192,20900,96.0711,763.192
Lateral septal nucleus,LS,242,right,all,20433,99.8396,755.833,20433,99.8396,755.833
Lateral septal nucleus/ caudal (caudodorsal) part,LSc,250,left,all,3654,103.695,752.33,3654,103.695,752.33
Lateral septal nucleus/ caudal (caudodorsal) part,LSc,250,right,all,3276,98.6726,733.988,3276,98.6726,733.988
Lateral septal nucleus/ rostral (rostroventral) part,LSr,258,left,all,12789,95.15,764.174,12789,95.15,764.174
Lateral septal nucleus/ rostral (rostroventral) part,LSr,258,right,all,13096,101.944,764.605,13096,101.944,764.605
Lateral septal nucleus/ ventral part,LSv,266,left,all,4457,92.4641,769.278,4457,92.4641,769.278
Lateral septal nucleus/ ventral part,LSv,266,right,all,4061,93.9959,745.164,4061,93.9959,745.164
Septofimbrial nucleus,SF,310,left,all,2854,104.993,827.967,2854,104.993,827.967
Septofimbrial nucleus,SF,310,right,all,2912,99.9867,824.317,2912,99.9867,824.317
Septohippocampal nucleus,SH,333,left,all,261,92.9659,735.149,261,92.9659,735.149
Septohippocampal nucleus,SH,333,right,all,301,91.9119,727.136,301,91.9119,727.136
Striatum-like amygdalar nuclei,sAMY,278,left,all,33401,163.994,972.501,33401,163.994,972.501
Striatum-like amygdalar nuclei,sAMY,278,right,all,25218,161.431,825.318,25218,161.431,825.318
Anterior amygdalar area,AAA,23,left,all,2852,187.796,1110.42,2852,187.796,1110.42
Anterior amygdalar area,AAA,23,right,all,1308,165.579,911.232,1308,165.579,911.232
Bed nucleus of the accessory olfactory tract,BA,292,left,all,0,0,0,0,0,0
Bed nucleus of the accessory olfactory tract,BA,292,right,all,0,0,0,0,0,0
Central amygdalar nucleus,CEA,536,left,all,15536,171.406,1014.32,15536,171.406,1014.32
Central amygdalar nucleus,CEA,536,right,all,13543,169.643,848.34,13543,169.643,848.34
Central amygdalar nucleus/ capsular part,CEAc,544,left,all,3410,153.449,976.987,3410,153.449,976.987
Central amygdalar nucleus/ capsular part,CEAc,544,right,all,3175,163.656,820.651,3175,163.656,820.651
Central amygdalar nucleus/ lateral part,CEAl,551,left,all,3308,139.425,973.584,3308,139.425,973.584
Central amygdalar nucleus/ lateral part,CEAl,551,right,all,2559,170.435,836.446,2559,170.435,836.446
Central amygdalar nucleus/ medial part,CEAm,559,left,all,8818,190.348,1044.04,8818,190.348,1044.04
Central amygdalar nucleus/ medial part,CEAm,559,right,all,7809,171.817,863.495,7809,171.817,863.495
Intercalated amygdalar nucleus,IA,1105,left,all,1820,185.944,951.413,1820,185.944,951.413
Intercalated amygdalar nucleus,IA,1105,right,all,1691,144.93,799.51,1691,144.93,799.51
Medial amygdalar nucleus,MEA,403,left,all,13193,147.091,896.346,13193,147.091,896.346
Medial amygdalar nucleus,MEA,403,right,all,8676,151.204,781.46,8676,151.204,781.46
Pallidum,PAL,803,left,all,65777,150.563,1029.58,65777,150.563,1029.58
Pallidum,PAL,803,right,all,52944,139.52,884.059,52944,139.52,884.059
Pallidum/ dorsal region,PALd,818,left,all,15599,154.704,1153.22,15599,154.704,1153.22
Pallidum/ dorsal region,PALd,818,right,all,12095,140.02,905.97,12095,140.02,905.97
Globus pallidus/ external segment,GPe,1022,left,all,12676,156.953,1170.51,12676,156.953,1170.51
Globus pallidus/ external segment,GPe,1022,right,all,9803,136.553,902.391,9803,136.553,902.391
Globus pallidus/ internal segment,GPi,1031,left,all,2923,144.951,1078.21,2923,144.951,1078.21
Globus pallidus/ internal segment,GPi,1031,right,all,2292,154.847,921.277,2292,154.847,921.277
Pallidum/ ventral region,PALv,835,left,all,21125,173.987,1056.12,21125,173.987,1056.12
Pallidum/ ventral region,PALv,835,right,all,14147,153.783,874.946,14147,153.783,874.946
Substantia innominata,SI,342,left,all,19918,173.626,1050.38,19918,173.626,1050.38
Substantia innominata,SI,342,right,all,14002,154.244,877.514,14002,154.244,877.514
Magnocellular nucleus,MA,298,left,all,1207,179.949,1150.88,1207,179.949,1150.88
Magnocellular nucleus,MA,298,right,all,145,109.288,627,145,109.288,627
Pallidum/ medial region,PALm,826,left,all,8524,123.371,858.274,8524,123.371,858.274
Pallidum/ medial region,PALm,826,right,all,8974,132.03,863.602,8974,132.03,863.602
Medial septal complex,MSC,904,left,all,5546,136.439,852.056,5546,136.439,852.056
Medial septal complex,MSC,904,right,all,5964,148.475,869.878,5964,148.475,869.878
Medial septal nucleus,MS,564,left,all,3635,133.604,889.957,3635,133.604,889.957
Medial septal nucleus,MS,564,right,all,4235,147.77,914.649,4235,147.77,914.649
Diagonal band nucleus,NDB,596,left,all,1911,141.831,779.963,1911,141.831,779.963
Diagonal band nucleus,NDB,596,right,all,1729,150.201,760.217,1729,150.201,760.217
Triangular nucleus of septum,TRS,581,left,all,2978,99.0349,869.854,2978,99.0349,869.854
Triangular nucleus of septum,TRS,581,right,all,3010,99.4463,851.168,3010,99.4463,851.168
Pallidum/ caudal region,PALc,809,left,all,13421,125.713,938.446,13421,125.713,938.446
Pallidum/ caudal region,PALc,809,right,all,11662,126.333,876.282,11662,126.333,876.282
Bed nuclei of the stria terminalis,BST,351,left,all,13332,125.774,938.615,13332,125.774,938.615
Bed nuclei of the stria terminalis,BST,351,right,all,11589,126.3,876.164,11589,126.3,876.164
Bed nucleus of the anterior commissure,BAC,287,left,all,89,116.692,913.18,89,116.692,913.18
Bed nucleus of the anterior commissure,BAC,287,right,all,73,131.523,894.945,73,131.523,894.945
Brain stem,BS,343,left,all,992540,174.817,1069.8,992540,174.817,1069.8
Brain stem,BS,343,right,all,880726,171.224,968.81,880726,171.224,968.81
Interbrain,IB,1129,left,all,350219,175.011,1148.15,350219,175.011,1148.15
Interbrain,IB,1129,right,all,295994,166.266,1022.45,295994,166.266,1022.45
Thalamus,TH,549,left,all,242935,192.967,1238.18,242935,192.967,1238.18
Thalamus,TH,549,right,all,200953,183.64,1110.31,200953,183.64,1110.31
Thalamus/ sensory-motor cortex related,DORsm,864,left,all,81129,233.092,1339.42,81129,233.092,1339.42
Thalamus/ sensory-motor cortex related,DORsm,864,right,all,60502,214.307,1145.61,60502,214.307,1145.61
Ventral group of the dorsal thalamus,VENT,637,left,all,58773,252.214,1415.03,58773,252.214,1415.03
Ventral group of the dorsal thalamus,VENT,637,right,all,41259,232.547,1240.68,41259,232.547,1240.68
Ventral anterior-lateral complex of the thalamus,VAL,629,left,all,9816,268.18,1455.38,9816,268.18,1455.38
Ventral anterior-lateral complex of the thalamus,VAL,629,right,all,6020,236.885,1322.16,6020,236.885,1322.16
Ventral medial nucleus of the thalamus,VM,685,left,all,11120,192.597,1246.48,11120,192.597,1246.48
Ventral medial nucleus of the thalamus,VM,685,right,all,8907,174.068,1123.18,8907,174.068,1123.18
Ventral posterior complex of the thalamus,VP,709,left,all,34982,274.542,1481.35,34982,274.542,1481.35
Ventral posterior complex of the thalamus,VP,709,right,all,23983,262.116,1297.52,23983,262.116,1297.52
Ventral posterolateral nucleus of the thalamus,VPL,718,left,all,9699,215.163,1330.91,9699,215.163,1330.91
Ventral posterolateral nucleus of the thalamus,VPL,718,right,all,6879,219.931,1181.57,6879,219.931,1181.57
Ventral posterolateral nucleus of the thalamus/ parvicellular part,VPLpc,725,left,all,1039,206.642,1303.61,1039,206.642,1303.61
Ventral posterolateral nucleus of the thalamus/ parvicellular part,VPLpc,725,right,all,864,191.402,1145.22,864,191.402,1145.22
Ventral posteromedial nucleus of the thalamus,VPM,733,left,all,21500,316.279,1591.34,21500,316.279,1591.34
Ventral posteromedial nucleus of the thalamus,VPM,733,right,all,13833,305.36,1400.59,13833,305.36,1400.59
Ventral posteromedial nucleus of the thalamus/ parvicellular part,VPMpc,741,left,all,2744,183.121,1218.59,2744,183.121,1218.59
Ventral posteromedial nucleus of the thalamus/ parvicellular part,VPMpc,741,right,all,2407,159.539,1091.21,2407,159.539,1091.21
Posterior triangular thalamic nucleus,PoT,563807435,left,all,2855,155.942,1120.11,2855,155.942,1120.11
Posterior triangular thalamic nucleus,PoT,563807435,right,all,2349,141.275,897.133,2349,141.275,897.133
Subparafascicular nucleus,SPF,406,left,all,2112,117.939,1054.95,2112,117.939,1054.95
Subparafascicular nucleus,SPF,406,right,all,1949,120.558,949.189,1949,120.558,949.189
Subparafascicular nucleus/ magnocellular part,SPFm,414,left,all,939,121.419,1069.41,939,121.419,1069.41
Subparafascicular nucleus/ magnocellular part,SPFm,414,right,all,985,128.084,1003.24,985,128.084,1003.24
Subparafascicular nucleus/ parvicellular part,SPFp,422,left,all,1173,115.153,1043.36,1173,115.153,1043.36
Subparafascicular nucleus/ parvicellular part,SPFp,422,right,all,964,112.867,893.961,964,112.867,893.961
Subparafascicular area,SPA,609,left,all,1553,111.592,950.294,1553,111.592,950.294
Subparafascicular area,SPA,609,right,all,1310,122.628,906.34,1310,122.628,906.34
Peripeduncular nucleus,PP,1044,left,all,693,192.795,1060.08,693,192.795,1060.08
Peripeduncular nucleus,PP,1044,right,all,513,186.382,836.472,513,186.382,836.472
Geniculate group/ dorsal thalamus,GENd,1008,left,all,17998,196.195,1170.24,17998,196.195,1170.24
Geniculate group/ dorsal thalamus,GENd,1008,right,all,15471,186.161,947.333,15471,186.161,947.333
Medial geniculate complex,MG,475,left,all,8590,185.533,1140.84,8590,185.533,1140.84
Medial geniculate complex,MG,475,right,all,7671,161.396,891.058,7671,161.396,891.058
Medial geniculate complex/ dorsal part,MGd,1072,left,all,2008,181.606,979.952,2008,181.606,979.952
Medial geniculate complex/ dorsal part,MGd,1072,right,all,2073,162.912,818.286,2073,162.912,818.286
Medial geniculate complex/ ventral part,MGv,1079,left,all,3765,183.535,1185.78,3765,183.535,1185.78
Medial geniculate complex/ ventral part,MGv,1079,right,all,3185,153.732,900.705,3185,153.732,900.705
Medial geniculate complex/ medial part,MGm,1088,left,all,2817,191.003,1195.45,2817,191.003,1195.45
Medial geniculate complex/ medial part,MGm,1088,right,all,2413,170.21,940.844,2413,170.21,940.844
Dorsal part of the lateral geniculate complex,LGd,170,left,all,9408,205.93,1197.08,9408,205.93,1197.08
Dorsal part of the lateral geniculate complex,LGd,170,right,all,7800,210.517,1002.68,7800,210.517,1002.68
Dorsal part of the lateral geniculate complex/ shell,LGd-sh,496345664,left,all,2561,196.419,1147.54,2561,196.419,1147.54
Dorsal part of the lateral geniculate complex/ shell,LGd-sh,496345664,right,all,2199,173.663,921.47,2199,173.663,921.47
Dorsal part of the lateral geniculate complex/ core,LGd-co,496345668,left,all,5547,211.574,1222.43,5547,211.574,1222.43
Dorsal part of the lateral geniculate complex/ core,LGd-co,496345668,right,all,4427,228.308,1031.27,4427,228.308,1031.27
Dorsal part of the lateral geniculate complex/ ipsilateral zone,LGd-ip,496345672,left,all,1300,200.583,1186.5,1300,200.583,1186.5
Dorsal part of the lateral geniculate complex/ ipsilateral zone,LGd-ip,496345672,right,all,1174,212.457,1046.96,1174,212.457,1046.96
Thalamus/ polymodal association cortex related,DORpm,856,left,all,152517,174.228,1193.84,152517,174.228,1193.84
Thalamus/ polymodal association cortex related,DORpm,856,right,all,131971,171.961,1103.55,131971,171.961,1103.55
Lateral group of the dorsal thalamus,LAT,138,left,all,38054,195.691,1211.11,38054,195.691,1211.11
Lateral group of the dorsal thalamus,LAT,138,right,all,28456,196.547,1057.37,28456,196.547,1057.37
Lateral posterior nucleus of the thalamus,LP,218,left,all,14197,169.967,1114.17,14197,169.967,1114.17
Lateral posterior nucleus of the thalamus,LP,218,right,all,11014,185.979,987.54,11014,185.979,987.54
Posterior complex of the thalamus,PO,1020,left,all,16897,230.667,1351.19,16897,230.667,1351.19
Posterior complex of the thalamus,PO,1020,right,all,11465,228.699,1197.24,11465,228.699,1197.24
Posterior limiting nucleus of the thalamus,POL,1029,left,all,1905,148.487,1054.86,1905,148.487,1054.86
Posterior limiting nucleus of the thalamus,POL,1029,right,all,1648,131.89,876.417,1648,131.89,876.417
Suprageniculate nucleus,SGN,325,left,all,2167,175.166,985.638,2167,175.166,985.638
Suprageniculate nucleus,SGN,325,right,all,1846,166.649,826.194,1846,166.649,826.194
Ethmoid nucleus of the thalamus,Eth,560581551,left,all,2888,164.044,1140.32,2888,164.044,1140.32
Ethmoid nucleus of the thalamus,Eth,560581551,right,all,2483,160.11,1013.31,2483,160.11,1013.31
Anterior group of the dorsal thalamus,ATN,239,left,all,25212,176.627,1246.99,25212,176.627,1246.99
Anterior group of the dorsal thalamus,ATN,239,right,all,20999,176.05,1181.34,20999,176.05,1181.34
Anteroventral nucleus of thalamus,AV,255,left,all,5241,169.359,1310.59,5241,169.359,1310.59
Anteroventral nucleus of thalamus,AV,255,right,all,4480,138.986,1199.39,4480,138.986,1199.39
Anteromedial nucleus,AM,127,left,all,5245,166.007,1210.55,5245,166.007,1210.55
Anteromedial nucleus,AM,127,right,all,4336,154.447,1120.72,4336,154.447,1120.72
Anteromedial nucleus/ dorsal part,AMd,1096,left,all,3160,171.09,1225.72,3160,171.09,1225.72
Anteromedial nucleus/ dorsal part,AMd,1096,right,all,2661,161.375,1147.07,2661,161.375,1147.07
Anteromedial nucleus/ ventral part,AMv,1104,left,all,2085,158.302,1187.56,2085,158.302,1187.56
Anteromedial nucleus/ ventral part,AMv,1104,right,all,1675,143.44,1078.85,1675,143.44,1078.85
Anterodorsal nucleus,AD,64,left,all,1582,237.16,1352.32,1582,237.16,1352.32
Anterodorsal nucleus,AD,64,right,all,1652,262.542,1434.92,1652,262.542,1434.92
Interanteromedial nucleus of the thalamus,IAM,1120,left,all,523,133.308,1123.62,523,133.308,1123.62
Interanteromedial nucleus of the thalamus,IAM,1120,right,all,613,146.426,1107.48,613,146.426,1107.48
Interanterodorsal nucleus of the thalamus,IAD,1113,left,all,1540,156.186,1233.54,1540,156.186,1233.54
Interanterodorsal nucleus of the thalamus,IAD,1113,right,all,1303,136.547,1140.97,1303,136.547,1140.97
Lateral dorsal nucleus of thalamus,LD,155,left,all,11081,181.335,1226.81,11081,181.335,1226.81
Lateral dorsal nucleus of thalamus,LD,155,right,all,8615,197.694,1165.19,8615,197.694,1165.19
Medial group of the dorsal thalamus,MED,444,left,all,25363,169.238,1234.41,25363,169.238,1234.41
Medial group of the dorsal thalamus,MED,444,right,all,23527,172.771,1181.08,23527,172.771,1181.08
Intermediodorsal nucleus of the thalamus,IMD,59,left,all,2331,166.762,1190.26,2331,166.762,1190.26
Intermediodorsal nucleus of the thalamus,IMD,59,right,all,2731,181.374,1190.96,2731,181.374,1190.96
Mediodorsal nucleus of thalamus,MD,362,left,all,17478,172.766,1268.03,17478,172.766,1268.03
Mediodorsal nucleus of thalamus,MD,362,right,all,15918,174.818,1209.02,15918,174.818,1209.02
Submedial nucleus of the thalamus,SMT,366,left,all,3693,171.589,1202.13,3693,171.589,1202.13
Submedial nucleus of the thalamus,SMT,366,right,all,3208,170.799,1133.77,3208,170.799,1133.77
Perireunensis nucleus,PR,1077,left,all,1861,134.544,1038,1861,134.544,1038
Perireunensis nucleus,PR,1077,right,all,1670,142.983,989.553,1670,142.983,989.553
Midline group of the dorsal thalamus,MTN,571,left,all,13836,148.615,1058.09,13836,148.615,1058.09
Midline group of the dorsal thalamus,MTN,571,right,all,14546,155.005,1040.46,14546,155.005,1040.46
Paraventricular nucleus of the thalamus,PVT,149,left,all,4787,137.86,1054.59,4787,137.86,1054.59
Paraventricular nucleus of the thalamus,PVT,149,right,all,5111,151.9,1057.16,5111,151.9,1057.16
Parataenial nucleus,PT,15,left,all,2762,167.618,1116.64,2762,167.618,1116.64
Parataenial nucleus,PT,15,right,all,2786,159.354,1079.55,2786,159.354,1079.55
Nucleus of reuniens,RE,181,left,all,5255,153.143,1049,5255,153.143,1049
Nucleus of reuniens,RE,181,right,all,5418,157.625,1013.82,5418,157.625,1013.82
Xiphoid thalamic nucleus,Xi,560581559,left,all,1032,124.591,963.907,1032,124.591,963.907
Xiphoid thalamic nucleus,Xi,560581559,right,all,1231,146.521,999.903,1231,146.521,999.903
Intralaminar nuclei of the dorsal thalamus,ILM,51,left,all,21113,178.406,1251.19,21113,178.406,1251.19
Intralaminar nuclei of the dorsal thalamus,ILM,51,right,all,20134,173.258,1160.07,20134,173.258,1160.07
Rhomboid nucleus,RH,189,left,all,1218,150.233,1190.98,1218,150.233,1190.98
Rhomboid nucleus,RH,189,right,all,1454,172.985,1190.7,1454,172.985,1190.7
Central medial nucleus of the thalamus,CM,599,left,all,3394,166.932,1250.06,3394,166.932,1250.06
Central medial nucleus of the thalamus,CM,599,right,all,3818,167.621,1219.45,3818,167.621,1219.45
Paracentral nucleus,PCN,907,left,all,3410,210.939,1370.96,3410,210.939,1370.96
Paracentral nucleus,PCN,907,right,all,2486,194.577,1273.78,2486,194.577,1273.78
Central lateral nucleus of the thalamus,CL,575,left,all,4580,196.735,1295.84,4580,196.735,1295.84
Central lateral nucleus of the thalamus,CL,575,right,all,3762,190.114,1214.77,3762,190.114,1214.77
Parafascicular nucleus,PF,930,left,all,6436,157.305,1205.23,6436,157.305,1205.23
Parafascicular nucleus,PF,930,right,all,6915,165.403,1131.61,6915,165.403,1131.61
Posterior intralaminar thalamic nucleus,PIL,560581563,left,all,2075,185.239,1135.56,2075,185.239,1135.56
Posterior intralaminar thalamic nucleus,PIL,560581563,right,all,1699,149.614,828.745,1699,149.614,828.745
Reticular nucleus of the thalamus,RT,262,left,all,16087,167.137,1170.96,16087,167.137,1170.96
Reticular nucleus of the thalamus,RT,262,right,all,12394,160.698,1063.97,12394,160.698,1063.97
Geniculate group/ ventral thalamus,GENv,1014,left,all,5619,180.136,1102.49,5619,180.136,1102.49
Geniculate group/ ventral thalamus,GENv,1014,right,all,4699,163.999,904.452,4699,163.999,904.452
Intergeniculate leaflet of the lateral geniculate complex,IGL,27,left,all,778,203.559,1184.82,778,203.559,1184.82
Intergeniculate leaflet of the lateral geniculate complex,IGL,27,right,all,589,149.074,862.966,589,149.074,862.966
Intermediate geniculate nucleus,IntG,563807439,left,all,230,186.87,1118.15,230,186.87,1118.15
Intermediate geniculate nucleus,IntG,563807439,right,all,213,140.14,861.338,213,140.14,861.338
Ventral part of the lateral geniculate complex,LGv,178,left,all,4378,177.336,1090.53,4378,177.336,1090.53
Ventral part of the lateral geniculate complex,LGv,178,right,all,3755,167.226,912.204,3755,167.226,912.204
Subgeniculate nucleus,SubG,321,left,all,233,147.889,1036.73,233,147.889,1036.73
Subgeniculate nucleus,SubG,321,right,all,142,176.373,936.218,142,176.373,936.218
Epithalamus,EPI,958,left,all,7233,118.424,989.517,7233,118.424,989.517
Epithalamus,EPI,958,right,all,7216,115.563,973.624,7216,115.563,973.624
Medial habenula,MH,483,left,all,3215,109.982,840.044,3215,109.982,840.044
Medial habenula,MH,483,right,all,3368,101.113,828.477,3368,101.113,828.477
Lateral habenula,LH,186,left,all,4018,125.179,1109.12,4018,125.179,1109.12
Lateral habenula,LH,186,right,all,3848,128.21,1100.67,3848,128.21,1100.67
Hypothalamus,HY,1097,left,all,107284,134.352,944.293,107284,134.352,944.293
Hypothalamus,HY,1097,right,all,95041,129.531,836.675,95041,129.531,836.675
Periventricular zone,PVZ,157,left,all,3385,98.921,747.055,3385,98.921,747.055
Periventricular zone,PVZ,157,right,all,2321,104.388,712.508,2321,104.388,712.508
Supraoptic nucleus,SO,390,left,all,0,0,0,0,0,0
Supraoptic nucleus,SO,390,right,all,0,0,0,0,0,0
Accessory supraoptic group,ASO,332,left,all,89,110.887,888.303,89,110.887,888.303
Accessory supraoptic group,ASO,332,right,all,42,98.7586,748.857,42,98.7586,748.857
Paraventricular hypothalamic nucleus,PVH,38,left,all,2295,101.785,794.663,2295,101.785,794.663
Paraventricular hypothalamic nucleus,PVH,38,right,all,1981,106.509,730.794,1981,106.509,730.794
Periventricular hypothalamic nucleus/ anterior part,PVa,30,left,all,130,95.3669,632.254,130,95.3669,632.254
Periventricular hypothalamic nucleus/ anterior part,PVa,30,right,all,74,89.6188,550.527,74,89.6188,550.527
Periventricular hypothalamic nucleus/ intermediate part,PVi,118,left,all,871,90.6813,624.312,871,90.6813,624.312
Periventricular hypothalamic nucleus/ intermediate part,PVi,118,right,all,224,91.5604,597.482,224,91.5604,597.482
Arcuate hypothalamic nucleus,ARH,223,left,all,0,0,0,0,0,0
Arcuate hypothalamic nucleus,ARH,223,right,all,0,0,0,0,0,0
Periventricular region,PVR,141,left,all,13469,114.398,818.675,13469,114.398,818.675
Periventricular region,PVR,141,right,all,11536,115.245,756.648,11536,115.245,756.648
Anterodorsal preoptic nucleus,ADP,72,left,all,950,113.611,833.595,950,113.611,833.595
Anterodorsal preoptic nucleus,ADP,72,right,all,1002,112.659,785.004,1002,112.659,785.004
Anteroventral preoptic nucleus,AVP,263,left,all,285,95.1651,675.014,285,95.1651,675.014
Anteroventral preoptic nucleus,AVP,263,right,all,146,85.4812,555.322,146,85.4812,555.322
Anteroventral periventricular nucleus,AVPV,272,left,all,236,84.5283,618.453,236,84.5283,618.453
Anteroventral periventricular nucleus,AVPV,272,right,all,175,83.4821,525.903,175,83.4821,525.903
Dorsomedial nucleus of the hypothalamus,DMH,830,left,all,4137,111.468,822.502,4137,111.468,822.502
Dorsomedial nucleus of the hypothalamus,DMH,830,right,all,3181,106.583,763.616,3181,106.583,763.616
Median preoptic nucleus,MEPO,452,left,all,276,96.9121,678.188,276,96.9121,678.188
Median preoptic nucleus,MEPO,452,right,all,274,99.8319,665.536,274,99.8319,665.536
Medial preoptic area,MPO,523,left,all,5284,122.559,844.164,5284,122.559,844.164
Medial preoptic area,MPO,523,right,all,4709,124.318,767.196,4709,124.318,767.196
Vascular organ of the lamina terminalis,OV,763,left,all,4,69.7025,567.5,4,69.7025,567.5
Vascular organ of the lamina terminalis,OV,763,right,all,0,0,0,0,0,0
Posterodorsal preoptic nucleus,PD,914,left,all,170,128.15,911.547,170,128.15,911.547
Posterodorsal preoptic nucleus,PD,914,right,all,137,132.187,884.737,137,132.187,884.737
Parastrial nucleus,PS,1109,left,all,1044,121.192,906.225,1044,121.192,906.225
Parastrial nucleus,PS,1109,right,all,1005,126.148,824.889,1005,126.148,824.889
Periventricular hypothalamic nucleus/ posterior part,PVp,126,left,all,0,0,0,0,0,0
Periventricular hypothalamic nucleus/ posterior part,PVp,126,right,all,0,0,0,0,0,0
Periventricular hypothalamic nucleus/ preoptic part,PVpo,133,left,all,586,88.3665,602.3,586,88.3665,602.3
Periventricular hypothalamic nucleus/ preoptic part,PVpo,133,right,all,431,78.1329,507.789,431,78.1329,507.789
Subparaventricular zone,SBPV,347,left,all,348,95.3096,765.704,348,95.3096,765.704
Subparaventricular zone,SBPV,347,right,all,260,89.7903,664.196,260,89.7903,664.196
Suprachiasmatic nucleus,SCH,286,left,all,0,0,0,0,0,0
Suprachiasmatic nucleus,SCH,286,right,all,0,0,0,0,0,0
Subfornical organ,SFO,338,left,all,149,112.739,827.577,149,112.739,827.577
Subfornical organ,SFO,338,right,all,216,165.612,940.231,216,165.612,940.231
Ventromedial preoptic nucleus,VMPO,576073699,left,all,0,0,0,0,0,0
Ventromedial preoptic nucleus,VMPO,576073699,right,all,0,0,0,0,0,0
Ventrolateral preoptic nucleus,VLPO,689,left,all,0,0,0,0,0,0
Ventrolateral preoptic nucleus,VLPO,689,right,all,0,0,0,0,0,0
Hypothalamic medial zone,MEZ,467,left,all,24300,118.539,867.008,24300,118.539,867.008
Hypothalamic medial zone,MEZ,467,right,all,19909,112.705,798.196,19909,112.705,798.196
Anterior hypothalamic nucleus,AHN,88,left,all,4940,133.819,957.591,4940,133.819,957.591
Anterior hypothalamic nucleus,AHN,88,right,all,3368,123.892,857.977,3368,123.892,857.977
Mammillary body,MBO,331,left,all,3035,105.536,748.217,3035,105.536,748.217
Mammillary body,MBO,331,right,all,2287,101.071,743.278,2287,101.071,743.278
Lateral mammillary nucleus,LM,210,left,all,170,83.4919,421.259,170,83.4919,421.259
Lateral mammillary nucleus,LM,210,right,all,28,74.6046,450.357,28,74.6046,450.357
Medial mammillary nucleus,MM,491,left,all,1360,101.449,711.151,1360,101.449,711.151
Medial mammillary nucleus,MM,491,right,all,1133,101.969,710.331,1133,101.969,710.331
Medial mammillary nucleus/ median part,MMme,732,left,all,158,95.9308,697.399,158,95.9308,697.399
Medial mammillary nucleus/ median part,MMme,732,right,all,114,141.806,720.325,114,141.806,720.325
Medial mammillary nucleus/ lateral part,MMl,606826647,left,all,624,100.025,669.981,624,100.025,669.981
Medial mammillary nucleus/ lateral part,MMl,606826647,right,all,446,99.7124,651.453,446,99.7124,651.453
Medial mammillary nucleus/ medial part,MMm,606826651,left,all,316,104.018,712.326,316,104.018,712.326
Medial mammillary nucleus/ medial part,MMm,606826651,right,all,198,99.2951,644.338,198,99.2951,644.338
Medial mammillary nucleus/ posterior part,MMp,606826655,left,all,2,62.21,532,2,62.21,532
Medial mammillary nucleus/ posterior part,MMp,606826655,right,all,0,0,0,0,0,0
Medial mammillary nucleus/ dorsal part,MMd,606826659,left,all,260,105.401,818.265,260,105.401,818.265
Medial mammillary nucleus/ dorsal part,MMd,606826659,right,all,375,93.9556,812.163,375,93.9556,812.163
Supramammillary nucleus,SUM,525,left,all,1468,112.569,824.182,1468,112.569,824.182
Supramammillary nucleus,SUM,525,right,all,1110,101.075,786.961,1110,101.075,786.961
Tuberomammillary nucleus,TM,557,left,all,37,78.0278,598.973,37,78.0278,598.973
Tuberomammillary nucleus,TM,557,right,all,16,83.4706,558.375,16,83.4706,558.375
Tuberomammillary nucleus/ dorsal part,TMd,1126,left,all,37,78.0278,598.973,37,78.0278,598.973
Tuberomammillary nucleus/ dorsal part,TMd,1126,right,all,16,83.4706,558.375,16,83.4706,558.375
Tuberomammillary nucleus/ ventral part,TMv,1,left,all,0,0,0,0,0,0
Tuberomammillary nucleus/ ventral part,TMv,1,right,all,0,0,0,0,0,0
Medial preoptic nucleus,MPN,515,left,all,4115,115.427,834.476,4115,115.427,834.476
Medial preoptic nucleus,MPN,515,right,all,2681,111.414,763.869,2681,111.414,763.869
Dorsal premammillary nucleus,PMd,980,left,all,1373,106.024,736.48,1373,106.024,736.48
Dorsal premammillary nucleus,PMd,980,right,all,1070,91.8648,650.908,1070,91.8648,650.908
Ventral premammillary nucleus,PMv,1004,left,all,64,79.2248,577.375,64,79.2248,577.375
Ventral premammillary nucleus,PMv,1004,right,all,64,77.3213,546.438,64,77.3213,546.438
Paraventricular hypothalamic nucleus/ descending division,PVHd,63,left,all,1680,138.475,993.551,1680,138.475,993.551
Paraventricular hypothalamic nucleus/ descending division,PVHd,63,right,all,1348,131.108,906.033,1348,131.108,906.033
Ventromedial hypothalamic nucleus,VMH,693,left,all,274,75.4706,702.409,274,75.4706,702.409
Ventromedial hypothalamic nucleus,VMH,693,right,all,349,75.773,657.951,349,75.773,657.951
Posterior hypothalamic nucleus,PH,946,left,all,8819,115.682,875.758,8819,115.682,875.758
Posterior hypothalamic nucleus,PH,946,right,all,8742,113.282,808.899,8742,113.282,808.899
Hypothalamic lateral zone,LZ,290,left,all,45659,153.891,1043.91,45659,153.891,1043.91
Hypothalamic lateral zone,LZ,290,right,all,42185,144.457,881.278,42185,144.457,881.278
Lateral hypothalamic area,LHA,194,left,all,16760,148.349,941.206,16760,148.349,941.206
Lateral hypothalamic area,LHA,194,right,all,15439,131.635,779.718,15439,131.635,779.718
Lateral preoptic area,LPO,226,left,all,4528,139.461,995.564,4528,139.461,995.564
Lateral preoptic area,LPO,226,right,all,3152,134.443,814.022,3152,134.443,814.022
Preparasubthalamic nucleus,PST,356,left,all,123,163.198,976.301,123,163.198,976.301
Preparasubthalamic nucleus,PST,356,right,all,129,169.412,848.581,129,169.412,848.581
Parasubthalamic nucleus,PSTN,364,left,all,1799,138.55,944.395,1799,138.55,944.395
Parasubthalamic nucleus,PSTN,364,right,all,2131,130.978,788.367,2131,130.978,788.367
Perifornical nucleus,PeF,576073704,left,all,2128,166.842,981.121,2128,166.842,981.121
Perifornical nucleus,PeF,576073704,right,all,1908,145.429,869.143,1908,145.429,869.143
Retrochiasmatic area,RCH,173,left,all,0,0,0,0,0,0
Retrochiasmatic area,RCH,173,right,all,0,0,0,0,0,0
Subthalamic nucleus,STN,470,left,all,669,127.413,926.782,669,127.413,926.782
Subthalamic nucleus,STN,470,right,all,938,154.221,875.983,938,154.221,875.983
Tuberal nucleus,TU,614,left,all,2,89.845,714,2,89.845,714
Tuberal nucleus,TU,614,right,all,4,72.4375,487.75,4,72.4375,487.75
Zona incerta,ZI,797,left,all,19650,162.795,1163.01,19650,162.795,1163.01
Zona incerta,ZI,797,right,all,18484,157.675,990.122,18484,157.675,990.122
Fields of Forel,FF,804,left,all,2200,145.764,1120.17,2200,145.764,1120.17
Fields of Forel,FF,804,right,all,2282,141.549,968.755,2282,141.549,968.755
Median eminence,ME,10671,left,all,0,0,0,0,0,0
Median eminence,ME,10671,right,all,0,0,0,0,0,0
Midbrain,MB,313,left,all,355160,165.567,1036.48,355160,165.567,1036.48
Midbrain,MB,313,right,all,301769,164.058,954.96,301769,164.058,954.96
Midbrain/ sensory related,MBsen,339,left,all,57096,187.399,1052.32,57096,187.399,1052.32
Midbrain/ sensory related,MBsen,339,right,all,53341,188.889,964.249,53341,188.889,964.249
Superior colliculus/ sensory related,SCs,302,left,all,14589,174.187,850.88,14589,174.187,850.88
Superior colliculus/ sensory related,SCs,302,right,all,14314,164.947,774.453,14314,164.947,774.453
Superior colliculus/ optic layer,SCop,851,left,all,5849,170.354,859.293,5849,170.354,859.293
Superior colliculus/ optic layer,SCop,851,right,all,4439,141.375,701.896,4439,141.375,701.896
Superior colliculus/ superficial gray layer,SCsg,842,left,all,6937,177.025,848.853,6937,177.025,848.853
Superior colliculus/ superficial gray layer,SCsg,842,right,all,7780,173.468,806.671,7780,173.468,806.671
Superior colliculus/ zonal layer,SCzo,834,left,all,1803,175.698,831.384,1803,175.698,831.384
Superior colliculus/ zonal layer,SCzo,834,right,all,2095,183.249,808.547,2095,183.249,808.547
Inferior colliculus,IC,4,left,all,40197,191.287,1126.08,40197,191.287,1126.08
Inferior colliculus,IC,4,right,all,36950,198.991,1042.97,36950,198.991,1042.97
Inferior colliculus/ central nucleus,ICc,811,left,all,14111,196.158,1248.7,14111,196.158,1248.7
Inferior colliculus/ central nucleus,ICc,811,right,all,12104,200.413,1172.11,12104,200.413,1172.11
Inferior colliculus/ dorsal nucleus,ICd,820,left,all,9938,172.341,1013.62,9938,172.341,1013.62
Inferior colliculus/ dorsal nucleus,ICd,820,right,all,9526,179.398,977.037,9526,179.398,977.037
Inferior colliculus/ external nucleus,ICe,828,left,all,16148,198.69,1088.12,16148,198.69,1088.12
Inferior colliculus/ external nucleus,ICe,828,right,all,15320,210.049,981.923,15320,210.049,981.923
Nucleus of the brachium of the inferior colliculus,NB,580,left,all,791,172.13,984.057,791,172.13,984.057
Nucleus of the brachium of the inferior colliculus,NB,580,right,all,671,168.1,810.422,671,168.1,810.422
Nucleus sagulum,SAG,271,left,all,917,173.92,1050.49,917,173.92,1050.49
Nucleus sagulum,SAG,271,right,all,819,144.844,881.376,819,144.844,881.376
Parabigeminal nucleus,PBG,874,left,all,442,241.902,1031.72,442,241.902,1031.72
Parabigeminal nucleus,PBG,874,right,all,441,223.105,910.095,441,223.105,910.095
Midbrain trigeminal nucleus,MEV,460,left,all,94,622.057,1655.53,94,622.057,1655.53
Midbrain trigeminal nucleus,MEV,460,right,all,86,287.997,1140.17,86,287.997,1140.17
Subcommissural organ,SCO,599626923,left,all,66,125.93,779.697,66,125.93,779.697
Subcommissural organ,SCO,599626923,right,all,60,119.448,764.167,60,119.448,764.167
Midbrain/ motor related,MBmot,323,left,all,224102,159.878,1039.27,224102,159.878,1039.27
Midbrain/ motor related,MBmot,323,right,all,182884,156.756,960.896,182884,156.756,960.896
Substantia nigra/ reticular part,SNr,381,left,all,9351,164.197,930.187,9351,164.197,930.187
Substantia nigra/ reticular part,SNr,381,right,all,6170,154.485,798.214,6170,154.485,798.214
Ventral tegmental area,VTA,749,left,all,3716,136.981,907.497,3716,136.981,907.497
Ventral tegmental area,VTA,749,right,all,2936,132.886,816.831,2936,132.886,816.831
Paranigral nucleus,PN,607344830,left,all,113,141.063,848.097,113,141.063,848.097
Paranigral nucleus,PN,607344830,right,all,178,130.625,989.899,178,130.625,989.899
Midbrain reticular nucleus/ retrorubral area,RR,246,left,all,1360,179.435,1094.34,1360,179.435,1094.34
Midbrain reticular nucleus/ retrorubral area,RR,246,right,all,1010,158.44,956.068,1010,158.44,956.068
Midbrain reticular nucleus,MRN,128,left,all,47006,162.762,1127.14,47006,162.762,1127.14
Midbrain reticular nucleus,MRN,128,right,all,37522,162.673,1023.95,37522,162.673,1023.95
Superior colliculus/ motor related,SCm,294,left,all,67848,148.593,966.629,67848,148.593,966.629
Superior colliculus/ motor related,SCm,294,right,all,55438,147.129,905.154,55438,147.129,905.154
Superior colliculus/ motor related/ deep gray layer,SCdg,26,left,all,16144,159.706,1038.32,16144,159.706,1038.32
Superior colliculus/ motor related/ deep gray layer,SCdg,26,right,all,12649,158.785,965.034,12649,158.785,965.034
Superior colliculus/ motor related/ deep white layer,SCdw,42,left,all,4547,156.469,1029.23,4547,156.469,1029.23
Superior colliculus/ motor related/ deep white layer,SCdw,42,right,all,3551,150.792,958.891,3551,150.792,958.891
Superior colliculus/ motor related/ intermediate white layer,SCiw,17,left,all,26149,145.464,979.355,26149,145.464,979.355
Superior colliculus/ motor related/ intermediate white layer,SCiw,17,right,all,21011,150.975,937.42,21011,150.975,937.42
Superior colliculus/ motor related/ intermediate gray layer,SCig,10,left,all,21008,142.243,882.15,21008,142.243,882.15
Superior colliculus/ motor related/ intermediate gray layer,SCig,10,right,all,18227,133.893,815.935,18227,133.893,815.935
Periaqueductal gray,PAG,795,left,all,57443,164.26,1042.45,57443,164.26,1042.45
Periaqueductal gray,PAG,795,right,all,49346,161.822,992.042,49346,161.822,992.042
Precommissural nucleus,PRC,50,left,all,1303,100.261,851.797,1303,100.261,851.797
Precommissural nucleus,PRC,50,right,all,1123,105.871,816.273,1123,105.871,816.273
Interstitial nucleus of Cajal,INC,67,left,all,769,145.079,1171.28,769,145.079,1171.28
Interstitial nucleus of Cajal,INC,67,right,all,760,149.721,1184.72,760,149.721,1184.72
Nucleus of Darkschewitsch,ND,587,left,all,1226,155.425,1276.06,1226,155.425,1276.06
Nucleus of Darkschewitsch,ND,587,right,all,1092,154.248,1211.99,1092,154.248,1211.99
Supraoculomotor periaqueductal gray,Su3,614454277,left,all,651,217.263,1328.18,651,217.263,1328.18
Supraoculomotor periaqueductal gray,Su3,614454277,right,all,557,195.639,1324.59,557,195.639,1324.59
Pretectal region,PRT,1100,left,all,21819,133.836,1011.46,21819,133.836,1011.46
Pretectal region,PRT,1100,right,all,17940,128.872,903.463,17940,128.872,903.463
Anterior pretectal nucleus,APN,215,left,all,13453,128.147,1060.95,13453,128.147,1060.95
Anterior pretectal nucleus,APN,215,right,all,11099,127.307,930.412,11099,127.307,930.412
Medial pretectal area,MPT,531,left,all,314,127.867,761.924,314,127.867,761.924
Medial pretectal area,MPT,531,right,all,366,119.532,743.396,366,119.532,743.396
Nucleus of the optic tract,NOT,628,left,all,2849,158.07,939.439,2849,158.07,939.439
Nucleus of the optic tract,NOT,628,right,all,1480,127.187,740.284,1480,127.187,740.284
Nucleus of the posterior commissure,NPC,634,left,all,2840,129.286,953.744,2840,129.286,953.744
Nucleus of the posterior commissure,NPC,634,right,all,2710,133.998,914.732,2710,133.998,914.732
Olivary pretectal nucleus,OP,706,left,all,440,132.526,820.411,440,132.526,820.411
Olivary pretectal nucleus,OP,706,right,all,432,129.701,815.398,432,129.701,815.398
Posterior pretectal nucleus,PPT,1061,left,all,1375,145.764,886.656,1375,145.764,886.656
Posterior pretectal nucleus,PPT,1061,right,all,1302,138.674,872.717,1302,138.674,872.717
Retroparafascicular nucleus,RPF,549009203,left,all,548,145.621,1079.5,548,145.621,1079.5
Retroparafascicular nucleus,RPF,549009203,right,all,551,122.107,991.506,551,122.107,991.506
Cuneiform nucleus,CUN,616,left,all,5748,189.046,1093.52,5748,189.046,1093.52
Cuneiform nucleus,CUN,616,right,all,4867,188.631,940.664,4867,188.631,940.664
Red nucleus,RN,214,left,all,7345,257.789,1316.34,7345,257.789,1316.34
Red nucleus,RN,214,right,all,5358,235.083,1207.47,5358,235.083,1207.47
Oculomotor nucleus,III,35,left,all,358,183.903,1335.95,358,183.903,1335.95
Oculomotor nucleus,III,35,right,all,311,218.355,1403.13,311,218.355,1403.13
Medial accesory oculomotor nucleus,MA3,549009211,left,all,199,145.528,1195.12,199,145.528,1195.12
Medial accesory oculomotor nucleus,MA3,549009211,right,all,191,165.455,1175.92,191,165.455,1175.92
Edinger-Westphal nucleus,EW,975,left,all,286,192.14,1269.72,286,192.14,1269.72
Edinger-Westphal nucleus,EW,975,right,all,351,203.233,1244.55,351,203.233,1244.55
Trochlear nucleus,IV,115,left,all,89,225.826,1401.42,89,225.826,1401.42
Trochlear nucleus,IV,115,right,all,72,175.452,1346.03,72,175.452,1346.03
Paratrochlear nucleus,Pa4,606826663,left,all,131,200.83,1256.29,131,200.83,1256.29
Paratrochlear nucleus,Pa4,606826663,right,all,125,172.59,1174.57,125,172.59,1174.57
Ventral tegmental nucleus,VTN,757,left,all,332,306.584,1424.07,332,306.584,1424.07
Ventral tegmental nucleus,VTN,757,right,all,335,248.096,1345.71,335,248.096,1345.71
Anterior tegmental nucleus,AT,231,left,all,314,174.297,1144.7,314,174.297,1144.7
Anterior tegmental nucleus,AT,231,right,all,279,163.021,1120.06,279,163.021,1120.06
Lateral terminal nucleus of the accessory optic tract,LT,66,left,all,217,197.795,1056.26,217,197.795,1056.26
Lateral terminal nucleus of the accessory optic tract,LT,66,right,all,136,156.525,779.926,136,156.525,779.926
Dorsal terminal nucleus of the accessory optic tract,DT,75,left,all,138,132.328,720.993,138,132.328,720.993
Dorsal terminal nucleus of the accessory optic tract,DT,75,right,all,72,199.378,651.042,72,199.378,651.042
Medial terminal nucleus of the accessory optic tract,MT,58,left,all,289,146.56,859.913,289,146.56,859.913
Medial terminal nucleus of the accessory optic tract,MT,58,right,all,247,150.284,808.903,247,150.284,808.903
Midbrain/ behavioral state related,MBsta,348,left,all,14912,208.157,1109.75,14912,208.157,1109.75
Midbrain/ behavioral state related,MBsta,348,right,all,14084,222.715,1085.24,14084,222.715,1085.24
Substantia nigra/ compact part,SNc,374,left,all,1325,162.357,988.851,1325,162.357,988.851
Substantia nigra/ compact part,SNc,374,right,all,996,150.628,812.328,996,150.628,812.328
Pedunculopontine nucleus,PPN,1052,left,all,7546,213.58,1161.85,7546,213.58,1161.85
Pedunculopontine nucleus,PPN,1052,right,all,6559,224.947,1074.23,6559,224.947,1074.23
Midbrain raphe nuclei,RAmb,165,left,all,6041,211.429,1071.19,6041,211.429,1071.19
Midbrain raphe nuclei,RAmb,165,right,all,6529,231.469,1137.93,6529,231.469,1137.93
Interfascicular nucleus raphe,IF,12,left,all,530,138.427,900.711,530,138.427,900.711
Interfascicular nucleus raphe,IF,12,right,all,608,141.871,898.771,608,141.871,898.771
Interpeduncular nucleus,IPN,100,left,all,2598,127.819,861.797,2598,127.819,861.797
Interpeduncular nucleus,IPN,100,right,all,2693,128.036,928.931,2693,128.036,928.931
Interpeduncular nucleus/ rostral,IPR,607344834,left,all,606,134.837,978.109,606,134.837,978.109
Interpeduncular nucleus/ rostral,IPR,607344834,right,all,657,116.957,982.933,657,116.957,982.933
Interpeduncular nucleus/ caudal,IPC,607344838,left,all,526,123.366,830.399,526,123.366,830.399
Interpeduncular nucleus/ caudal,IPC,607344838,right,all,495,106.227,790.881,495,106.227,790.881
Interpeduncular nucleus/ apical,IPA,607344842,left,all,191,153.217,1031.29,191,153.217,1031.29
Interpeduncular nucleus/ apical,IPA,607344842,right,all,284,154.806,1033.08,284,154.806,1033.08
Interpeduncular nucleus/ lateral,IPL,607344846,left,all,413,112.116,625.821,413,112.116,625.821
Interpeduncular nucleus/ lateral,IPL,607344846,right,all,274,117.037,775.467,274,117.037,775.467
Interpeduncular nucleus/ intermediate,IPI,607344850,left,all,197,101.622,668.528,197,101.622,668.528
Interpeduncular nucleus/ intermediate,IPI,607344850,right,all,238,119.14,884.487,238,119.14,884.487
Interpeduncular nucleus/ dorsomedial,IPDM,607344854,left,all,141,116.645,939.596,141,116.645,939.596
Interpeduncular nucleus/ dorsomedial,IPDM,607344854,right,all,200,142.793,1005,200,142.793,1005
Interpeduncular nucleus/ dorsolateral,IPDL,607344858,left,all,304,145.762,966.461,304,145.762,966.461
Interpeduncular nucleus/ dorsolateral,IPDL,607344858,right,all,316,142.88,1023.21,316,142.88,1023.21
Interpeduncular nucleus/ rostrolateral,IPRL,607344862,left,all,101,119.811,806.287,101,119.811,806.287
Interpeduncular nucleus/ rostrolateral,IPRL,607344862,right,all,128,160.293,924.594,128,160.293,924.594
Rostral linear nucleus raphe,RL,197,left,all,377,136.194,1019.31,377,136.194,1019.31
Rostral linear nucleus raphe,RL,197,right,all,458,163.24,1053.02,458,163.24,1053.02
Central linear nucleus raphe,CLI,591,left,all,499,159.935,972.774,499,159.935,972.774
Central linear nucleus raphe,CLI,591,right,all,390,130.075,942.503,390,130.075,942.503
Dorsal nucleus raphe,DR,872,left,all,2037,363.599,1416.32,2037,363.599,1416.32
Dorsal nucleus raphe,DR,872,right,all,2380,401.14,1483.87,2380,401.14,1483.87
Hindbrain,HB,1065,left,all,287161,186.021,1015.45,287161,186.021,1015.45
Hindbrain,HB,1065,right,all,282963,184.053,927.473,282963,184.053,927.473
Pons,P,771,left,all,109245,205.275,1073.19,109245,205.275,1073.19
Pons,P,771,right,all,108383,204.93,1002.94,108383,204.93,1002.94
Pons/ sensory related,P-sen,1132,left,all,21273,202.334,1086.14,21273,202.334,1086.14
Pons/ sensory related,P-sen,1132,right,all,21653,208.043,990.571,21653,208.043,990.571
Nucleus of the lateral lemniscus,NLL,612,left,all,4822,213.978,1085.14,4822,213.978,1085.14
Nucleus of the lateral lemniscus,NLL,612,right,all,4361,212.583,1003.57,4361,212.583,1003.57
Principal sensory nucleus of the trigeminal,PSV,7,left,all,5734,189.305,1098.25,5734,189.305,1098.25
Principal sensory nucleus of the trigeminal,PSV,7,right,all,6214,187.563,952.98,6214,187.563,952.98
Parabrachial nucleus,PB,867,left,all,10603,205.179,1085.39,10603,205.179,1085.39
Parabrachial nucleus,PB,867,right,all,10912,218.045,1008.2,10912,218.045,1008.2
Koelliker-Fuse subnucleus,KF,123,left,all,1439,218.042,1156.82,1439,218.042,1156.82
Koelliker-Fuse subnucleus,KF,123,right,all,1736,247.196,1087.26,1736,247.196,1087.26
Superior olivary complex,SOC,398,left,all,114,100.502,588.991,114,100.502,588.991
Superior olivary complex,SOC,398,right,all,166,197.966,897.042,166,197.966,897.042
Superior olivary complex/ periolivary region,POR,122,left,all,31,86.1094,387.452,31,86.1094,387.452
Superior olivary complex/ periolivary region,POR,122,right,all,16,61.5006,709.938,16,61.5006,709.938
Superior olivary complex/ medial part,SOCm,105,left,all,6,64.48,948.833,6,64.48,948.833
Superior olivary complex/ medial part,SOCm,105,right,all,8,65.5563,774.375,8,65.5563,774.375
Superior olivary complex/ lateral part,SOCl,114,left,all,77,109.103,642.091,77,109.103,642.091
Superior olivary complex/ lateral part,SOCl,114,right,all,142,220.802,925.035,142,220.802,925.035
Pons/ motor related,P-mot,987,left,all,39640,207.318,1056.56,39640,207.318,1056.56
Pons/ motor related,P-mot,987,right,all,37492,200.171,974.889,37492,200.171,974.889
Barrington's nucleus,B,280,left,all,243,236.297,1122.65,243,236.297,1122.65
Barrington's nucleus,B,280,right,all,186,226.531,1032.37,186,226.531,1032.37
Dorsal tegmental nucleus,DTN,880,left,all,1317,174.092,1217.84,1317,174.092,1217.84
Dorsal tegmental nucleus,DTN,880,right,all,1247,189.228,1199.67,1247,189.228,1199.67
Posterodorsal tegmental nucleus,PDTg,599626927,left,all,432,136.301,1160.62,432,136.301,1160.62
Posterodorsal tegmental nucleus,PDTg,599626927,right,all,457,135.957,1124.66,457,135.957,1124.66
Pontine central gray,PCG,898,left,all,4782,171.922,1051.14,4782,171.922,1051.14
Pontine central gray,PCG,898,right,all,4735,166.084,1025.62,4735,166.084,1025.62
Pontine gray,PG,931,left,all,567,102.749,453.323,567,102.749,453.323
Pontine gray,PG,931,right,all,925,95.6506,432.308,925,95.6506,432.308
Pontine reticular nucleus/ caudal part,PRNc,1093,left,all,16485,212.817,1033.41,16485,212.817,1033.41
Pontine reticular nucleus/ caudal part,PRNc,1093,right,all,14164,207.98,957.637,14164,207.98,957.637
Supragenual nucleus,SG,318,left,all,109,102.464,903.752,109,102.464,903.752
Supragenual nucleus,SG,318,right,all,95,116.05,885.358,95,116.05,885.358
Supratrigeminal nucleus,SUT,534,left,all,2332,220.878,1179.77,2332,220.878,1179.77
Supratrigeminal nucleus,SUT,534,right,all,2238,233.159,1057.96,2238,233.159,1057.96
Tegmental reticular nucleus,TRN,574,left,all,7126,212.305,1007.06,7126,212.305,1007.06
Tegmental reticular nucleus,TRN,574,right,all,6978,184.686,945.168,6978,184.686,945.168
Motor nucleus of trigeminal,V,621,left,all,2897,279.555,1237.46,2897,279.555,1237.46
Motor nucleus of trigeminal,V,621,right,all,3008,259.413,1066.12,3008,259.413,1066.12
Peritrigeminal zone,P5,549009215,left,all,2395,190.599,1051.3,2395,190.599,1051.3
Peritrigeminal zone,P5,549009215,right,all,2501,213.432,948.744,2501,213.432,948.744
Accessory trigeminal nucleus,Acs5,549009219,left,all,130,179.023,997.931,130,179.023,997.931
Accessory trigeminal nucleus,Acs5,549009219,right,all,140,186.01,859.879,140,186.01,859.879
Parvicellular motor 5 nucleus,PC5,549009223,left,all,430,190.828,1069.66,430,190.828,1069.66
Parvicellular motor 5 nucleus,PC5,549009223,right,all,409,269.077,971.423,409,269.077,971.423
Intertrigeminal nucleus,I5,549009227,left,all,395,184.862,1179.7,395,184.862,1179.7
Intertrigeminal nucleus,I5,549009227,right,all,409,176.259,938.333,409,176.259,938.333
Pons/ behavioral state related,P-sat,1117,left,all,31438,211.265,1107.03,31438,211.265,1107.03
Pons/ behavioral state related,P-sat,1117,right,all,30813,210.963,1062.96,30813,210.963,1062.96
Superior central nucleus raphe,CS,679,left,all,5949,177.676,1069.28,5949,177.676,1069.28
Superior central nucleus raphe,CS,679,right,all,6540,192.932,1106.65,6540,192.932,1106.65
Locus ceruleus,LC,147,left,all,230,370.237,1433.95,230,370.237,1433.95
Locus ceruleus,LC,147,right,all,304,280.029,1207.48,304,280.029,1207.48
Laterodorsal tegmental nucleus,LDT,162,left,all,2427,275.657,1260.99,2427,275.657,1260.99
Laterodorsal tegmental nucleus,LDT,162,right,all,2490,245.912,1178.92,2490,245.912,1178.92
Nucleus incertus,NI,604,left,all,936,161.828,1044.73,936,161.828,1044.73
Nucleus incertus,NI,604,right,all,1064,159.465,996.731,1064,159.465,996.731
Pontine reticular nucleus,PRNr,146,left,all,20287,215.761,1100.72,20287,215.761,1100.72
Pontine reticular nucleus,PRNr,146,right,all,18612,216.172,1034.91,18612,216.172,1034.91
Nucleus raphe pontis,RPO,238,left,all,895,187.426,1068.05,895,187.426,1068.05
Nucleus raphe pontis,RPO,238,right,all,1108,193.311,1059.54,1108,193.311,1059.54
Subceruleus nucleus,SLC,350,left,all,299,212.456,1186.45,299,212.456,1186.45
Subceruleus nucleus,SLC,350,right,all,292,235.239,1107.47,292,235.239,1107.47
Sublaterodorsal nucleus,SLD,358,left,all,415,170.381,1042.5,415,170.381,1042.5
Sublaterodorsal nucleus,SLD,358,right,all,403,161.896,976.062,403,161.896,976.062
Medulla,MY,354,left,all,177916,174.198,979.986,177916,174.198,979.986
Medulla,MY,354,right,all,174580,171.092,880.622,174580,171.092,880.622
Medulla/ sensory related,MY-sen,386,left,all,60972,189.136,1043.91,60972,189.136,1043.91
Medulla/ sensory related,MY-sen,386,right,all,64304,189.266,912.11,64304,189.266,912.11
Area postrema,AP,207,left,all,359,112.851,699.964,359,112.851,699.964
Area postrema,AP,207,right,all,393,105.196,660.201,393,105.196,660.201
Cochlear nuclei,CN,607,left,all,10315,171.913,1065.14,10315,171.913,1065.14
Cochlear nuclei,CN,607,right,all,7120,197.014,897.817,7120,197.014,897.817
Dorsal cochlear nucleus,DCO,96,left,all,3331,125.287,984.106,3331,125.287,984.106
Dorsal cochlear nucleus,DCO,96,right,all,4183,186.894,928.855,4183,186.894,928.855
Ventral cochlear nucleus,VCO,101,left,all,6984,194.152,1103.79,6984,194.152,1103.79
Ventral cochlear nucleus,VCO,101,right,all,2937,211.428,853.611,2937,211.428,853.611
Dorsal column nuclei,DCN,720,left,all,6034,251.584,1135.65,6034,251.584,1135.65
Dorsal column nuclei,DCN,720,right,all,5546,227.892,1042.43,5546,227.892,1042.43
Cuneate nucleus,CU,711,left,all,4969,255.646,1159.13,4969,255.646,1159.13
Cuneate nucleus,CU,711,right,all,4699,225.805,1054.71,4699,225.805,1054.71
Gracile nucleus,GR,1039,left,all,1065,232.631,1026.09,1065,232.631,1026.09
Gracile nucleus,GR,1039,right,all,847,239.471,974.314,847,239.471,974.314
External cuneate nucleus,ECU,903,left,all,1032,329.879,1239.03,1032,329.879,1239.03
External cuneate nucleus,ECU,903,right,all,1237,287.44,1157.94,1237,287.44,1157.94
Nucleus of the trapezoid body,NTB,642,left,all,0,0,0,0,0,0
Nucleus of the trapezoid body,NTB,642,right,all,0,0,0,0,0,0
Nucleus of the solitary tract,NTS,651,left,all,10528,154.034,962.579,10528,154.034,962.579
Nucleus of the solitary tract,NTS,651,right,all,9572,142.215,860.73,9572,142.215,860.73
Spinal nucleus of the trigeminal/ caudal part,SPVC,429,left,all,17186,209.495,1091.83,17186,209.495,1091.83
Spinal nucleus of the trigeminal/ caudal part,SPVC,429,right,all,20012,216.93,964.165,20012,216.93,964.165
Spinal nucleus of the trigeminal/ interpolar part,SPVI,437,left,all,10709,178.374,1045.59,10709,178.374,1045.59
Spinal nucleus of the trigeminal/ interpolar part,SPVI,437,right,all,13754,174.26,881.468,13754,174.26,881.468
Spinal nucleus of the trigeminal/ oral part,SPVO,445,left,all,4234,152.448,902.368,4234,152.448,902.368
Spinal nucleus of the trigeminal/ oral part,SPVO,445,right,all,6038,154.465,783.063,6038,154.465,783.063
Paratrigeminal nucleus,Pa5,589508451,left,all,575,142.583,632.558,575,142.583,632.558
Paratrigeminal nucleus,Pa5,589508451,right,all,632,118.803,634.668,632,118.803,634.668
Medulla/ motor related,MY-mot,370,left,all,104447,167.202,953.928,104447,167.202,953.928
Medulla/ motor related,MY-mot,370,right,all,96895,161.128,867.161,96895,161.128,867.161
Abducens nucleus,VI,653,left,all,220,144.351,876.682,220,144.351,876.682
Abducens nucleus,VI,653,right,all,196,132.631,830.765,196,132.631,830.765
Facial motor nucleus,VII,661,left,all,108,73.3495,442.907,108,73.3495,442.907
Facial motor nucleus,VII,661,right,all,35,63.1163,716.714,35,63.1163,716.714
Accessory facial motor nucleus,ACVII,576,left,all,56,202.621,1185.54,56,202.621,1185.54
Accessory facial motor nucleus,ACVII,576,right,all,27,171.607,859.667,27,171.607,859.667
Nucleus ambiguus,AMB,135,left,all,0,0,0,0,0,0
Nucleus ambiguus,AMB,135,right,all,6,60.7067,650.5,6,60.7067,650.5
Nucleus ambiguus/ dorsal division,AMBd,939,left,all,0,0,0,0,0,0
Nucleus ambiguus/ dorsal division,AMBd,939,right,all,6,60.7067,650.5,6,60.7067,650.5
Nucleus ambiguus/ ventral division,AMBv,143,left,all,0,0,0,0,0,0
Nucleus ambiguus/ ventral division,AMBv,143,right,all,0,0,0,0,0,0
Dorsal motor nucleus of the vagus nerve,DMX,839,left,all,2707,189.4,999.761,2707,189.4,999.761
Dorsal motor nucleus of the vagus nerve,DMX,839,right,all,2242,210.661,1010.22,2242,210.661,1010.22
Gigantocellular reticular nucleus,GRN,1048,left,all,17229,149.721,854.159,17229,149.721,854.159
Gigantocellular reticular nucleus,GRN,1048,right,all,15413,146.039,804.156,15413,146.039,804.156
Infracerebellar nucleus,ICB,372,left,all,240,131.479,899.771,240,131.479,899.771
Infracerebellar nucleus,ICB,372,right,all,198,136.913,798.687,198,136.913,798.687
Inferior olivary complex,IO,83,left,all,0,0,0,0,0,0
Inferior olivary complex,IO,83,right,all,0,0,0,0,0,0
Intermediate reticular nucleus,IRN,136,left,all,21453,170.329,952.903,21453,170.329,952.903
Intermediate reticular nucleus,IRN,136,right,all,18280,146.857,812.297,18280,146.857,812.297
Inferior salivatory nucleus,ISN,106,left,all,57,110.76,882.947,57,110.76,882.947
Inferior salivatory nucleus,ISN,106,right,all,123,132.687,801.317,123,132.687,801.317
Linear nucleus of the medulla,LIN,203,left,all,463,125.442,883.607,463,125.442,883.607
Linear nucleus of the medulla,LIN,203,right,all,356,115.931,734.997,356,115.931,734.997
Lateral reticular nucleus,LRN,235,left,all,0,0,0,0,0,0
Lateral reticular nucleus,LRN,235,right,all,0,0,0,0,0,0
Lateral reticular nucleus/ magnocellular part,LRNm,955,left,all,0,0,0,0,0,0
Lateral reticular nucleus/ magnocellular part,LRNm,955,right,all,0,0,0,0,0,0
Lateral reticular nucleus/ parvicellular part,LRNp,963,left,all,0,0,0,0,0,0
Lateral reticular nucleus/ parvicellular part,LRNp,963,right,all,0,0,0,0,0,0
Magnocellular reticular nucleus,MARN,307,left,all,1,55.67,766,1,55.67,766
Magnocellular reticular nucleus,MARN,307,right,all,27,59.1704,662.407,27,59.1704,662.407
Medullary reticular nucleus,MDRN,395,left,all,16219,209.639,1028.66,16219,209.639,1028.66
Medullary reticular nucleus,MDRN,395,right,all,12302,195.499,937.406,12302,195.499,937.406
Medullary reticular nucleus/ dorsal part,MDRNd,1098,left,all,12426,217.308,1056.02,12426,217.308,1056.02
Medullary reticular nucleus/ dorsal part,MDRNd,1098,right,all,10085,213.979,970.081,10085,213.979,970.081
Medullary reticular nucleus/ ventral part,MDRNv,1107,left,all,3793,184.514,938.996,3793,184.514,938.996
Medullary reticular nucleus/ ventral part,MDRNv,1107,right,all,2217,111.434,788.768,2217,111.434,788.768
Parvicellular reticular nucleus,PARN,852,left,all,14012,150.608,925.455,14012,150.608,925.455
Parvicellular reticular nucleus,PARN,852,right,all,15524,145.191,812.907,15524,145.191,812.907
Parasolitary nucleus,PAS,859,left,all,415,164.5,1100.99,415,164.5,1100.99
Parasolitary nucleus,PAS,859,right,all,288,142.349,938.545,288,142.349,938.545
Paragigantocellular reticular nucleus,PGRN,938,left,all,1672,131.303,813.167,1672,131.303,813.167
Paragigantocellular reticular nucleus,PGRN,938,right,all,1503,131.262,782.9,1503,131.262,782.9
Paragigantocellular reticular nucleus/ dorsal part,PGRNd,970,left,all,1672,131.303,813.167,1672,131.303,813.167
Paragigantocellular reticular nucleus/ dorsal part,PGRNd,970,right,all,1503,131.262,782.9,1503,131.262,782.9
Paragigantocellular reticular nucleus/ lateral part,PGRNl,978,left,all,0,0,0,0,0,0
Paragigantocellular reticular nucleus/ lateral part,PGRNl,978,right,all,0,0,0,0,0,0
Perihypoglossal nuclei,PHY,154,left,all,2621,138.027,921.948,2621,138.027,921.948
Perihypoglossal nuclei,PHY,154,right,all,2043,131.827,870.313,2043,131.827,870.313
Nucleus of Roller,NR,177,left,all,297,171.673,917.35,297,171.673,917.35
Nucleus of Roller,NR,177,right,all,180,142.705,805.317,180,142.705,805.317
Nucleus prepositus,PRP,169,left,all,2324,133.727,922.535,2324,133.727,922.535
Nucleus prepositus,PRP,169,right,all,1863,130.777,876.593,1863,130.777,876.593
Parapyramidal nucleus,PPY,1069,left,all,0,0,0,0,0,0
Parapyramidal nucleus,PPY,1069,right,all,0,0,0,0,0,0
Vestibular nuclei,VNC,701,left,all,23000,164.548,1007.67,23000,164.548,1007.67
Vestibular nuclei,VNC,701,right,all,25214,175.591,938.268,25214,175.591,938.268
Lateral vestibular nucleus,LAV,209,left,all,1041,196.696,942.373,1041,196.696,942.373
Lateral vestibular nucleus,LAV,209,right,all,1553,262.849,916.391,1553,262.849,916.391
Medial vestibular nucleus,MV,202,left,all,15253,155.166,1015.44,15253,155.166,1015.44
Medial vestibular nucleus,MV,202,right,all,15973,161.008,954.767,15973,161.008,954.767
Spinal vestibular nucleus,SPIV,225,left,all,4588,164.372,970.117,4588,164.372,970.117
Spinal vestibular nucleus,SPIV,225,right,all,5273,172.016,878.8,5273,172.016,878.8
Superior vestibular nucleus,SUV,217,left,all,2118,216.698,1065.22,2118,216.698,1065.22
Superior vestibular nucleus,SUV,217,right,all,2415,223.739,973.056,2415,223.739,973.056
Nucleus x,x,765,left,all,314,167.017,1000.18,314,167.017,1000.18
Nucleus x,x,765,right,all,273,164.277,861.3,273,164.277,861.3
Hypoglossal nucleus,XII,773,left,all,3560,155.183,929.876,3560,155.183,929.876
Hypoglossal nucleus,XII,773,right,all,2769,156.285,878.795,2769,156.285,878.795
Nucleus y,y,781,left,all,100,208.931,1013.13,100,208.931,1013.13
Nucleus y,y,781,right,all,76,180.304,810.171,76,180.304,810.171
Medulla/ behavioral state related,MY-sat,379,left,all,146,103.44,697.938,146,103.44,697.938
Medulla/ behavioral state related,MY-sat,379,right,all,284,90.5773,698.426,284,90.5773,698.426
Nucleus raphe magnus,RM,206,left,all,107,110.155,662.682,107,110.155,662.682
Nucleus raphe magnus,RM,206,right,all,222,91.072,675.023,222,91.072,675.023
Nucleus raphe pallidus,RPA,230,left,all,0,0,0,0,0,0
Nucleus raphe pallidus,RPA,230,right,all,0,0,0,0,0,0
Nucleus raphe obscurus,RO,222,left,all,39,85.0177,794.667,39,85.0177,794.667
Nucleus raphe obscurus,RO,222,right,all,62,88.806,782.226,62,88.806,782.226
Cerebellum,CB,512,left,all,258414,198.987,1001.03,258414,198.987,1001.03
Cerebellum,CB,512,right,all,214839,201.054,900.541,214839,201.054,900.541
Cerebellar cortex,CBX,528,left,all,245086,199.433,1001.56,245086,199.433,1001.56
Cerebellar cortex,CBX,528,right,all,202378,202.689,905.491,202378,202.689,905.491
Vermal regions,VERM,645,left,all,104209,172.046,976.929,104209,172.046,976.929
Vermal regions,VERM,645,right,all,89441,169.051,924.313,89441,169.051,924.313
Lingula (I),LING,912,left,all,295,121.861,791.136,295,121.861,791.136
Lingula (I),LING,912,right,all,271,121.556,760.742,271,121.556,760.742
Central lobule,CENT,920,left,all,22600,168.57,1015.76,22600,168.57,1015.76
Central lobule,CENT,920,right,all,18495,170.461,998.364,18495,170.461,998.364
Lobule II,CENT2,976,left,all,7421,160.621,1060.26,7421,160.621,1060.26
Lobule II,CENT2,976,right,all,6150,164.37,1049.74,6150,164.37,1049.74
Lobule III,CENT3,984,left,all,15179,172.456,994.006,15179,172.456,994.006
Lobule III,CENT3,984,right,all,12345,173.496,972.771,12345,173.496,972.771
Culmen,CUL,928,left,all,31233,201.699,997.411,31233,201.699,997.411
Culmen,CUL,928,right,all,26265,196.148,905.472,26265,196.148,905.472
Lobules IV-V,CUL4/ 5,1091,left,all,31233,201.699,997.411,31233,201.699,997.411
Lobules IV-V,CUL4/ 5,1091,right,all,26265,196.148,905.472,26265,196.148,905.472
Declive (VI),DEC,936,left,all,12274,181.37,923.504,12274,181.37,923.504
Declive (VI),DEC,936,right,all,12272,179.924,883.345,12272,179.924,883.345
Folium-tuber vermis (VII),FOTU,944,left,all,7535,165.462,976.156,7535,165.462,976.156
Folium-tuber vermis (VII),FOTU,944,right,all,6057,166.609,927.538,6057,166.609,927.538
Pyramus (VIII),PYR,951,left,all,10624,184.665,1095.93,10624,184.665,1095.93
Pyramus (VIII),PYR,951,right,all,8953,179.192,1046.52,8953,179.192,1046.52
Uvula (IX),UVU,957,left,all,11953,134.139,973.371,11953,134.139,973.371
Uvula (IX),UVU,957,right,all,10646,128.282,945.493,10646,128.282,945.493
Nodulus (X),NOD,968,left,all,7695,96.8578,714.073,7695,96.8578,714.073
Nodulus (X),NOD,968,right,all,6482,91.8608,667.169,6482,91.8608,667.169
Hemispheric regions,HEM,1073,left,all,140877,219.691,1019.77,140877,219.691,1019.77
Hemispheric regions,HEM,1073,right,all,112937,229.33,890.584,112937,229.33,890.584
Simple lobule,SIM,1007,left,all,26198,244.227,1066.13,26198,244.227,1066.13
Simple lobule,SIM,1007,right,all,24918,278.654,950.014,24918,278.654,950.014
Ansiform lobule,AN,1017,left,all,54080,224.238,1030.25,54080,224.238,1030.25
Ansiform lobule,AN,1017,right,all,48759,243.881,899.482,48759,243.881,899.482
Crus 1,ANcr1,1056,left,all,24921,236.717,1021.8,24921,236.717,1021.8
Crus 1,ANcr1,1056,right,all,25302,259.138,913.804,25302,259.138,913.804
Crus 2,ANcr2,1064,left,all,29159,213.572,1037.47,29159,213.572,1037.47
Crus 2,ANcr2,1064,right,all,23457,227.423,884.035,23457,227.423,884.035
Paramedian lobule,PRM,1025,left,all,24133,223.983,1094.67,24133,223.983,1094.67
Paramedian lobule,PRM,1025,right,all,15982,195.391,888.143,15982,195.391,888.143
Copula pyramidis,COPY,1033,left,all,12719,184.446,989.144,12719,184.446,989.144
Copula pyramidis,COPY,1033,right,all,11426,169.399,843.565,11426,169.399,843.565
Paraflocculus,PFL,1041,left,all,19162,199.861,863.498,19162,199.861,863.498
Paraflocculus,PFL,1041,right,all,7371,165.805,729.217,7371,165.805,729.217
Flocculus,FL,1049,left,all,4585,183.923,975.191,4585,183.923,975.191
Flocculus,FL,1049,right,all,4481,175.069,857.328,4481,175.069,857.328
Cerebellar nuclei,CBN,519,left,all,9235,208.976,1082.05,9235,208.976,1082.05
Cerebellar nuclei,CBN,519,right,all,8272,195.922,907.707,8272,195.922,907.707
Fastigial nucleus,FN,989,left,all,2512,213.97,1080.71,2512,213.97,1080.71
Fastigial nucleus,FN,989,right,all,2180,199.01,967.338,2180,199.01,967.338
Interposed nucleus,IP,91,left,all,4610,206.77,1090.07,4610,206.77,1090.07
Interposed nucleus,IP,91,right,all,3977,185.975,888.251,3977,185.975,888.251
Dentate nucleus,DN,846,left,all,1652,215.199,1092.71,1652,215.199,1092.71
Dentate nucleus,DN,846,right,all,1618,226.233,900.974,1618,226.233,900.974
Vestibulocerebellar nucleus,VeCB,589508455,left,all,461,181.515,970.831,461,181.515,970.831
Vestibulocerebellar nucleus,VeCB,589508455,right,all,497,163.288,823.757,497,163.288,823.757
fiber tracts,fiber tracts,1009,left,all,293713,179.637,920.824,293713,179.637,920.824
fiber tracts,fiber tracts,1009,right,all,251225,159.795,789.598,251225,159.795,789.598
cranial nerves,cm,967,left,all,46350,163.939,804.541,46350,163.939,804.541
cranial nerves,cm,967,right,all,37813,146.761,712.77,37813,146.761,712.77
vomeronasal nerve,von,949,left,all,109,129.706,528.771,109,129.706,528.771
vomeronasal nerve,von,949,right,all,135,101.866,419.311,135,101.866,419.311
olfactory nerve,In,840,left,all,21430,169.464,726.181,21430,169.464,726.181
olfactory nerve,In,840,right,all,16567,144.938,675.854,16567,144.938,675.854
olfactory nerve layer of main olfactory bulb,onl,1016,left,all,14781,182.507,692.804,14781,182.507,692.804
olfactory nerve layer of main olfactory bulb,onl,1016,right,all,7939,150.128,583.717,7939,150.128,583.717
lateral olfactory tract/ general,lotg,21,left,all,3248,165.326,785.788,3248,165.326,785.788
lateral olfactory tract/ general,lotg,21,right,all,4527,153.842,740.801,4527,153.842,740.801
lateral olfactory tract/ body,lot,665,left,all,2260,186.837,818.182,2260,186.837,818.182
lateral olfactory tract/ body,lot,665,right,all,3519,159.676,754.033,3519,159.676,754.033
dorsal limb,lotd,538,left,all,988,116.123,711.689,988,116.123,711.689
dorsal limb,lotd,538,right,all,1008,133.479,694.609,1008,133.479,694.609
anterior commissure/ olfactory limb,aco,900,left,all,3401,116.726,814.316,3401,116.726,814.316
anterior commissure/ olfactory limb,aco,900,right,all,4101,125.06,782.526,4101,125.06,782.526
optic nerve,IIn,848,left,all,6337,150.418,886.559,6337,150.418,886.559
optic nerve,IIn,848,right,all,4666,135.558,684.255,4666,135.558,684.255
brachium of the superior colliculus,bsc,916,left,all,2193,151.038,950.794,2193,151.038,950.794
brachium of the superior colliculus,bsc,916,right,all,1265,115.588,555.964,1265,115.588,555.964
superior colliculus commissure,csc,336,left,all,308,140.332,948.786,308,140.332,948.786
superior colliculus commissure,csc,336,right,all,308,135.516,908.042,308,135.516,908.042
optic chiasm,och,117,left,all,0,0,0,0,0,0
optic chiasm,och,117,right,all,0,0,0,0,0,0
optic tract,opt,125,left,all,3836,150.872,844.841,3836,150.872,844.841
optic tract,opt,125,right,all,3093,143.73,714.44,3093,143.73,714.44
oculomotor nerve,IIIn,832,left,all,1597,144.267,952.958,1597,144.267,952.958
oculomotor nerve,IIIn,832,right,all,1500,154.848,916.349,1500,154.848,916.349
medial longitudinal fascicle,mlf,62,left,all,1067,154.345,976.127,1067,154.345,976.127
medial longitudinal fascicle,mlf,62,right,all,1053,170.148,952.696,1053,170.148,952.696
posterior commissure,pc,158,left,all,492,123.961,911.325,492,123.961,911.325
posterior commissure,pc,158,right,all,416,116.54,832.668,416,116.54,832.668
trochlear nerve,IVn,911,left,all,80,278.911,1170.22,80,278.911,1170.22
trochlear nerve,IVn,911,right,all,56,169.459,932.268,56,169.459,932.268
trigeminal nerve,Vn,901,left,all,2499,108.897,568.974,2499,108.897,568.974
trigeminal nerve,Vn,901,right,all,2763,127.704,618.245,2763,127.704,618.245
motor root of the trigeminal nerve,moV,93,left,all,27,74.193,538.704,27,74.193,538.704
motor root of the trigeminal nerve,moV,93,right,all,51,80.2161,473.686,51,80.2161,473.686
sensory root of the trigeminal nerve,sV,229,left,all,2472,109.276,569.305,2472,109.276,569.305
sensory root of the trigeminal nerve,sV,229,right,all,2712,128.597,620.963,2712,128.597,620.963
spinal tract of the trigeminal nerve,sptV,794,left,all,1988,113.737,598.256,1988,113.737,598.256
spinal tract of the trigeminal nerve,sptV,794,right,all,2628,130.225,628.517,2628,130.225,628.517
facial nerve,VIIn,798,left,all,375,136.241,833.011,375,136.241,833.011
facial nerve,VIIn,798,right,all,699,153.295,879.19,699,153.295,879.19
genu of the facial nerve,gVIIn,1116,left,all,115,137.995,836.33,115,137.995,836.33
genu of the facial nerve,gVIIn,1116,right,all,195,151.413,866.482,195,151.413,866.482
vestibulocochlear nerve,VIIIn,933,left,all,9061,179.841,884.969,9061,179.841,884.969
vestibulocochlear nerve,VIIIn,933,right,all,8011,166.432,738.502,8011,166.432,738.502
vestibular nerve,vVIIIn,413,left,all,155,132.254,715.006,155,132.254,715.006
vestibular nerve,vVIIIn,413,right,all,389,144.339,702.92,389,144.339,702.92
cochlear nerve,cVIIIn,948,left,all,8906,180.669,887.927,8906,180.669,887.927
cochlear nerve,cVIIIn,948,right,all,7622,167.56,740.318,7622,167.56,740.318
trapezoid body,tb,841,left,all,0,0,0,0,0,0
trapezoid body,tb,841,right,all,0,0,0,0,0,0
dorsal acoustic stria,das,506,left,all,67,203.61,1042.34,67,203.61,1042.34
dorsal acoustic stria,das,506,right,all,87,344.208,1043.99,87,344.208,1043.99
lateral lemniscus,ll,658,left,all,6168,193.007,945.741,6168,193.007,945.741
lateral lemniscus,ll,658,right,all,5230,182.457,820.619,5230,182.457,820.619
inferior colliculus commissure,cic,633,left,all,279,150.048,829.792,279,150.048,829.792
inferior colliculus commissure,cic,633,right,all,240,124.848,812.479,240,124.848,812.479
brachium of the inferior colliculus,bic,482,left,all,2392,151.784,741.302,2392,151.784,741.302
brachium of the inferior colliculus,bic,482,right,all,2065,127.351,515.761,2065,127.351,515.761
vagus nerve,Xn,917,left,all,183,209.491,1064.01,183,209.491,1064.01
vagus nerve,Xn,917,right,all,156,228.875,1005.46,156,228.875,1005.46
solitary tract,ts,237,left,all,183,209.491,1064.01,183,209.491,1064.01
solitary tract,ts,237,right,all,156,228.875,1005.46,156,228.875,1005.46
dorsal roots,drt,792,left,all,4679,161.531,959.494,4679,161.531,959.494
dorsal roots,drt,792,right,all,3260,132.287,823.089,3260,132.287,823.089
cervicothalamic tract,cett,932,left,all,4679,161.531,959.494,4679,161.531,959.494
cervicothalamic tract,cett,932,right,all,3260,132.287,823.089,3260,132.287,823.089
dorsal column,dc,514,left,all,212,178.644,798.925,212,178.644,798.925
dorsal column,dc,514,right,all,216,171.932,775.94,216,171.932,775.94
cuneate fascicle,cuf,380,left,all,212,178.644,798.925,212,178.644,798.925
cuneate fascicle,cuf,380,right,all,216,171.932,775.94,216,171.932,775.94
medial lemniscus,ml,697,left,all,4467,160.719,967.114,4467,160.719,967.114
medial lemniscus,ml,697,right,all,3044,129.473,826.434,3044,129.473,826.434
cerebellum related fiber tracts,cbf,960,left,all,31925,153.523,963.049,31925,153.523,963.049
cerebellum related fiber tracts,cbf,960,right,all,25446,162.024,872.856,25446,162.024,872.856
cerebellar commissure,cbc,744,left,all,51,129.01,785.902,51,129.01,785.902
cerebellar commissure,cbc,744,right,all,36,108.762,703.194,36,108.762,703.194
cerebellar peduncles,cbp,752,left,all,5889,157.405,903.672,5889,157.405,903.672
cerebellar peduncles,cbp,752,right,all,5180,160.037,821.736,5180,160.037,821.736
superior cerebelar peduncles,scp,326,left,all,3774,178.345,1047.28,3774,178.345,1047.28
superior cerebelar peduncles,scp,326,right,all,3380,185.493,965.619,3380,185.493,965.619
superior cerebellar peduncle decussation,dscp,812,left,all,205,122.894,976.737,205,122.894,976.737
superior cerebellar peduncle decussation,dscp,812,right,all,204,159.415,1015.61,204,159.415,1015.61
uncinate fascicle,uf,850,left,all,192,152.08,866.474,192,152.08,866.474
uncinate fascicle,uf,850,right,all,258,135.013,786.062,258,135.013,786.062
ventral spinocerebellar tract,sctv,866,left,all,397,179.196,953.134,397,179.196,953.134
ventral spinocerebellar tract,sctv,866,right,all,425,157.991,826.176,425,157.991,826.176
middle cerebellar peduncle,mcp,78,left,all,1503,121.967,648.925,1503,121.967,648.925
middle cerebellar peduncle,mcp,78,right,all,1207,93.3874,518.871,1207,93.3874,518.871
inferior cerebellar peduncle,icp,1123,left,all,612,115.302,643.747,612,115.302,643.747
inferior cerebellar peduncle,icp,1123,right,all,593,150.598,618.084,593,150.598,618.084
dorsal spinocerebellar tract,sctd,553,left,all,0,0,0,0,0,0
dorsal spinocerebellar tract,sctd,553,right,all,0,0,0,0,0,0
arbor vitae,arb,728,left,all,25985,152.691,976.853,25985,152.691,976.853
arbor vitae,arb,728,right,all,20230,162.628,886.248,20230,162.628,886.248
supra-callosal cerebral white matter,scwm,484682512,left,all,11503,230.827,1035.73,11503,230.827,1035.73
supra-callosal cerebral white matter,scwm,484682512,right,all,8570,147.32,787.337,8570,147.32,787.337
lateral forebrain bundle system,lfbs,983,left,all,119874,187.341,939.401,119874,187.341,939.401
lateral forebrain bundle system,lfbs,983,right,all,104196,160.841,781.232,104196,160.841,781.232
corpus callosum,cc,776,left,all,74204,199.386,941.943,74204,199.386,941.943
corpus callosum,cc,776,right,all,69166,167.669,792.296,69166,167.669,792.296
corpus callosum/ anterior forceps,fa,956,left,all,12418,183.072,967.888,12418,183.072,967.888
corpus callosum/ anterior forceps,fa,956,right,all,11838,145.952,783.045,11838,145.952,783.045
external capsule,ec,579,left,all,8918,212.631,1042.23,8918,212.631,1042.23
external capsule,ec,579,right,all,7563,172.325,803.885,7563,172.325,803.885
corpus callosum/ extreme capsule,ee,964,left,all,1087,194.287,954.492,1087,194.287,954.492
corpus callosum/ extreme capsule,ee,964,right,all,670,213.251,808.358,670,213.251,808.358
genu of corpus callosum,ccg,1108,left,all,2181,109.571,707.956,2181,109.571,707.956
genu of corpus callosum,ccg,1108,right,all,3270,101.186,682.179,3270,101.186,682.179
corpus callosum/ posterior forceps,fp,971,left,all,15028,207.283,884.833,15028,207.283,884.833
corpus callosum/ posterior forceps,fp,971,right,all,17038,178.712,716.343,17038,178.712,716.343
corpus callosum/ body,ccb,484682516,left,all,33399,198.956,973.454,33399,198.956,973.454
corpus callosum/ body,ccb,484682516,right,all,24014,152.48,838.852,24014,152.48,838.852
corpus callosum/ splenium,ccs,986,left,all,10091,229.091,939.994,10091,229.091,939.994
corpus callosum/ splenium,ccs,986,right,all,12336,217.973,843.766,12336,217.973,843.766
corticospinal tract,cst,784,left,all,19387,116.866,891.706,19387,116.866,891.706
corticospinal tract,cst,784,right,all,15682,118.038,753.887,15682,118.038,753.887
internal capsule,int,6,left,all,14641,107.974,944.314,14641,107.974,944.314
internal capsule,int,6,right,all,11343,122.342,829.455,11343,122.342,829.455
cerebal peduncle,cpd,924,left,all,4652,145.152,734.936,4652,145.152,734.936
cerebal peduncle,cpd,924,right,all,4287,106.788,555.962,4287,106.788,555.962
pyramid,py,190,left,all,0,0,0,0,0,0
pyramid,py,190,right,all,0,0,0,0,0,0
pyramidal decussation,pyd,198,left,all,0,0,0,0,0,0
pyramidal decussation,pyd,198,right,all,0,0,0,0,0,0
thalamus related,lfbst,896,left,all,26283,205.319,967.406,26283,205.319,967.406
thalamus related,lfbst,896,right,all,19348,171.125,763.844,19348,171.125,763.844
external medullary lamina of the thalamus,em,1092,left,all,1381,189.147,1288.81,1381,189.147,1288.81
external medullary lamina of the thalamus,em,1092,right,all,836,215.76,1161.55,836,215.76,1161.55
optic radiation,or,484682520,left,all,21921,214.101,951.125,21921,214.101,951.125
optic radiation,or,484682520,right,all,16088,173.354,739.417,16088,173.354,739.417
auditory radiation,ar,484682524,left,all,2981,148.231,938.233,2981,148.231,938.233
auditory radiation,ar,484682524,right,all,2424,140.939,788.802,2424,140.939,788.802
extrapyramidal fiber systems,eps,1000,left,all,5648,163.469,1005.57,5648,163.469,1005.57
extrapyramidal fiber systems,eps,1000,right,all,6330,164.816,938.843,6330,164.816,938.843
cerebral nuclei related,epsc,760,left,all,1125,191.628,1228.64,1125,191.628,1228.64
cerebral nuclei related,epsc,760,right,all,1185,164.901,988.188,1185,164.901,988.188
nigrostriatal tract,nst,102,left,all,1125,191.628,1228.64,1125,191.628,1228.64
nigrostriatal tract,nst,102,right,all,1185,164.901,988.188,1185,164.901,988.188
tectospinal pathway,tsp,877,left,all,2567,156.872,940.852,2567,156.872,940.852
tectospinal pathway,tsp,877,right,all,3573,163.254,924.338,3573,163.254,924.338
direct tectospinal pathway,tspd,1051,left,all,1,329.1,1216,1,329.1,1216
direct tectospinal pathway,tspd,1051,right,all,0,0,0,0,0,0
doral tegmental decussation,dtd,1060,left,all,54,134.777,1005.91,54,134.777,1005.91
doral tegmental decussation,dtd,1060,right,all,25,162.72,1018.48,25,162.72,1018.48
crossed tectospinal pathway,tspc,1043,left,all,2512,157.278,939.344,2512,157.278,939.344
crossed tectospinal pathway,tspc,1043,right,all,3548,163.258,923.675,3548,163.258,923.675
rubrospinal tract,rust,863,left,all,1956,155.931,962.218,1956,155.931,962.218
rubrospinal tract,rust,863,right,all,1572,168.303,934.615,1572,168.303,934.615
ventral tegmental decussation,vtd,397,left,all,212,145.931,922.255,212,145.931,922.255
ventral tegmental decussation,vtd,397,right,all,177,134.399,907.051,177,134.399,907.051
medial forebrain bundle system,mfbs,991,left,all,69547,184.148,923.684,69547,184.148,923.684
medial forebrain bundle system,mfbs,991,right,all,61388,168.936,807.368,61388,168.936,807.368
cerebrum related,mfbc,768,left,all,63067,190.74,921.52,63067,190.74,921.52
cerebrum related,mfbc,768,right,all,54847,174.503,794.465,54847,174.503,794.465
amygdalar capsule,amc,884,left,all,1425,164.186,863.296,1425,164.186,863.296
amygdalar capsule,amc,884,right,all,1599,184.779,787.402,1599,184.779,787.402
anterior commissure/ temporal limb,act,908,left,all,1933,142.904,943.539,1933,142.904,943.539
anterior commissure/ temporal limb,act,908,right,all,1839,160.683,903.408,1839,160.683,903.408
cingulum bundle,cing,940,left,all,12221,201.414,914.739,12221,201.414,914.739
cingulum bundle,cing,940,right,all,11361,199.248,841.688,11361,199.248,841.688
fornix system,fxs,1099,left,all,44576,193.146,927.797,44576,193.146,927.797
fornix system,fxs,1099,right,all,37391,170.19,779.06,37391,170.19,779.06
alveus,alv,466,left,all,16592,217.929,987.455,16592,217.929,987.455
alveus,alv,466,right,all,13322,192.078,803.482,13322,192.078,803.482
dorsal fornix,df,530,left,all,220,139.606,880.064,220,139.606,880.064
dorsal fornix,df,530,right,all,158,128.147,858.367,158,128.147,858.367
fimbria,fi,603,left,all,9750,162.028,861.829,9750,162.028,861.829
fimbria,fi,603,right,all,8232,122.986,705.031,8232,122.986,705.031
postcommissural fornix,fxpo,737,left,all,1986,122.565,917.271,1986,122.565,917.271
postcommissural fornix,fxpo,737,right,all,2100,117.142,819.843,2100,117.142,819.843
medial corticohypothalamic tract,mct,428,left,all,46,90.305,856.957,46,90.305,856.957
medial corticohypothalamic tract,mct,428,right,all,72,133.38,883.181,72,133.38,883.181
columns of the fornix,fx,436,left,all,1940,123.33,918.701,1940,123.33,918.701
columns of the fornix,fx,436,right,all,2028,116.565,817.595,2028,116.565,817.595
hippocampal commissures,hc,618,left,all,16028,195.902,908.13,16028,195.902,908.13
hippocampal commissures,hc,618,right,all,13579,186.026,792.749,13579,186.026,792.749
dorsal hippocampal commissure,dhc,443,left,all,15743,197.967,909.125,15743,197.967,909.125
dorsal hippocampal commissure,dhc,443,right,all,13286,188.329,791.133,13286,188.329,791.133
ventral hippocampal commissure,vhc,449,left,all,285,81.8785,853.13,285,81.8785,853.13
ventral hippocampal commissure,vhc,449,right,all,293,81.6029,865.99,293,81.6029,865.99
stria terminalis,st,301,left,all,2912,153.863,867.758,2912,153.863,867.758
stria terminalis,st,301,right,all,2657,132.77,738.186,2657,132.77,738.186
commissural branch of stria terminalis,stc,484682528,left,all,306,178.487,972.941,306,178.487,972.941
commissural branch of stria terminalis,stc,484682528,right,all,304,163.224,840.418,304,163.224,840.418
hypothalamus related,mfsbshy,824,left,all,6480,119.992,944.747,6480,119.992,944.747
hypothalamus related,mfsbshy,824,right,all,6541,122.25,915.564,6541,122.25,915.564
medial forebrain bundle,mfb,54,left,all,436,104.362,803.087,436,104.362,803.087
medial forebrain bundle,mfb,54,right,all,448,125.219,794.259,448,125.219,794.259
supraoptic commissures,sup,349,left,all,51,109.84,741.941,51,109.84,741.941
supraoptic commissures,sup,349,right,all,40,124.625,566.775,40,124.625,566.775
mammillary related,mfbsma,46,left,all,1969,133.998,987.191,1969,133.998,987.191
mammillary related,mfbsma,46,right,all,2212,134.427,926.859,2212,134.427,926.859
principal mammillary tract,pm,753,left,all,178,128.771,878.848,178,128.771,878.848
principal mammillary tract,pm,753,right,all,256,128.888,820.059,256,128.888,820.059
mammillothalamic tract,mtt,690,left,all,1243,137.956,1045.28,1243,137.956,1045.28
mammillothalamic tract,mtt,690,right,all,1412,137.861,958.633,1412,137.861,958.633
mammillotegmental tract,mtg,681,left,all,402,132.092,981.871,402,132.092,981.871
mammillotegmental tract,mtg,681,right,all,436,135.861,977.479,436,135.861,977.479
mammillary peduncle,mp,673,left,all,146,111.916,639.342,146,111.916,639.342
mammillary peduncle,mp,673,right,all,108,96.8801,560.241,108,96.8801,560.241
epithalamus related,mfbse,1083,left,all,4024,114.961,941.898,4024,114.961,941.898
epithalamus related,mfbse,1083,right,all,3841,114.866,926.84,3841,114.866,926.84
stria medullaris,sm,802,left,all,2475,114.829,902.717,2475,114.829,902.717
stria medullaris,sm,802,right,all,2135,117.113,926.88,2135,117.113,926.88
fasciculus retroflexus,fr,595,left,all,1148,118.623,1103.03,1148,118.623,1103.03
fasciculus retroflexus,fr,595,right,all,1278,117.444,1009.02,1278,117.444,1009.02
habenular commissure,hbc,611,left,all,401,105.287,722.424,401,105.287,722.424
habenular commissure,hbc,611,right,all,428,95.9642,681.264,428,95.9642,681.264
ventricular systems,VS,73,left,all,34240,150.101,749.165,34240,150.101,749.165
ventricular systems,VS,73,right,all,37444,152.325,696.432,37444,152.325,696.432
lateral ventricle,VL,81,left,all,25298,162.363,772.408,25298,162.363,772.408
lateral ventricle,VL,81,right,all,28539,160.698,694.106,28539,160.698,694.106
subependymal zone,SEZ,98,left,all,777,115.776,713.528,777,115.776,713.528
subependymal zone,SEZ,98,right,all,664,103.798,620.143,664,103.798,620.143
choroid plexus,chpl,108,left,all,11002,132.59,731.545,11002,132.59,731.545
choroid plexus,chpl,108,right,all,13493,155.437,726.75,13493,155.437,726.75
third ventricle,V3,129,left,all,4121,126.039,753.648,4121,126.039,753.648
third ventricle,V3,129,right,all,4121,136.35,780.171,4121,136.35,780.171
cerebral aqueduct,AQ,140,left,all,1254,119.466,637.463,1254,119.466,637.463
cerebral aqueduct,AQ,140,right,all,1112,118.367,615.96,1112,118.367,615.96
fourth ventricle,V4,145,left,all,3561,101.46,617.66,3561,101.46,617.66
fourth ventricle,V4,145,right,all,3658,115.061,643.366,3658,115.061,643.366
lateral recess,V4r,153,left,all,2553,100.874,589.7,2553,100.874,589.7
lateral recess,V4r,153,right,all,2860,119.927,655.586,2860,119.927,655.586
central canal/ spinal cord/medulla,c,164,left,all,6,247.787,1066.17,6,247.787,1066.17
central canal/ spinal cord/medulla,c,164,right,all,14,218.929,1045.71,14,218.929,1045.71
