Region,,,,Experiment,Marker 1,,,Total,,
name,acronym,id,hemisphere,section,count,strength,channel Ex: 561nm Em: 620nm,count,strength,channel Ex: 561nm Em: 620nm
Outside,,0,left,all,48621,4290.06,778.519,48621,4290.06,778.519
Outside,,0,right,all,61785,4176.36,727.331,61785,4176.36,727.331
root,root,997,left,all,2741147,5228.55,1040.36,2741147,5228.55,1040.36
root,root,997,right,all,2171100,4728.21,931.291,2171100,4728.21,931.291
Basic cell groups and regions,grey,8,left,all,2584013,5263.27,1045.53,2584013,5263.27,1045.53
Basic cell groups and regions,grey,8,right,all,2031908,4749.23,935.03,2031908,4749.23,935.03
Cerebrum,CH,567,left,all,1867035,5332.77,1031.92,1867035,5332.77,1031.92
Cerebrum,CH,567,right,all,1375912,4624.89,893.519,1375912,4624.89,893.519
Cerebral cortex,CTX,688,left,all,1599523,5614.79,1033.95,1599523,5614.79,1033.95
Cerebral cortex,CTX,688,right,all,1189131,4791.3,891.113,1189131,4791.3,891.113
Cortical plate,CTXpl,695,left,all,1539577,5637.6,1036.74,1539577,5637.6,1036.74
Cortical plate,CTXpl,695,right,all,1143677,4821.31,894.786,1143677,4821.31,894.786
Isocortex,Isocortex,315,left,all,1033374,5653.93,1031.08,1033374,5653.93,1031.08
Isocortex,Isocortex,315,right,all,750644,4709.31,880.947,750644,4709.31,880.947
Frontal pole/ cerebral cortex,FRP,184,left,all,7919,5656,983.476,7919,5656,983.476
Frontal pole/ cerebral cortex,FRP,184,right,all,7506,4903.55,871.888,7506,4903.55,871.888
Frontal pole/ layer 1,FRP1,68,left,all,1177,4893.15,852.929,1177,4893.15,852.929
Frontal pole/ layer 1,FRP1,68,right,all,1602,5203.74,875.149,1602,5203.74,875.149
Frontal pole/ layer 2/3,FRP2/3,667,left,all,2362,5622.41,1004.17,2362,5622.41,1004.17
Frontal pole/ layer 2/3,FRP2/3,667,right,all,1939,4340.77,854.108,1939,4340.77,854.108
Frontal pole/ layer 5,FRP5,526157192,left,all,3345,6404.46,1050.08,3345,6404.46,1050.08
Frontal pole/ layer 5,FRP5,526157192,right,all,3023,5462.04,911.466,3023,5462.04,911.466
Frontal pole/ layer 6a,FRP6a,526157196,left,all,1025,4190.82,870.389,1025,4190.82,870.389
Frontal pole/ layer 6a,FRP6a,526157196,right,all,939,3753.68,776.097,939,3753.68,776.097
Frontal pole/ layer 6b,FRP6b,526322264,left,all,10,3198.05,773.4,10,3198.05,773.4
Frontal pole/ layer 6b,FRP6b,526322264,right,all,3,5479,723.667,3,5479,723.667
Somatomotor areas,MO,500,left,all,194566,5481.81,992.996,194566,5481.81,992.996
Somatomotor areas,MO,500,right,all,153989,4832.46,869.447,153989,4832.46,869.447
Primary motor area,MOp,985,left,all,95739,5716.68,1030.9,95739,5716.68,1030.9
Primary motor area,MOp,985,right,all,70802,4987.8,884.235,70802,4987.8,884.235
Primary motor area/ Layer 1,MOp1,320,left,all,5497,4475.11,940.288,5497,4475.11,940.288
Primary motor area/ Layer 1,MOp1,320,right,all,4774,4118.46,751.323,4774,4118.46,751.323
Primary motor area/ Layer 2/3,MOp2/3,943,left,all,34670,5254.74,990.349,34670,5254.74,990.349
Primary motor area/ Layer 2/3,MOp2/3,943,right,all,24650,4475.7,838.822,24650,4475.7,838.822
Primary motor area/ Layer 5,MOp5,648,left,all,32286,7108.81,1136.92,32286,7108.81,1136.92
Primary motor area/ Layer 5,MOp5,648,right,all,23077,6106.26,976.545,23077,6106.26,976.545
Primary motor area/ Layer 6a,MOp6a,844,left,all,22968,4788.68,967.131,22968,4788.68,967.131
Primary motor area/ Layer 6a,MOp6a,844,right,all,18012,4513.16,864.964,18012,4513.16,864.964
Primary motor area/ Layer 6b,MOp6b,882,left,all,318,3225.36,860.132,318,3225.36,860.132
Primary motor area/ Layer 6b,MOp6b,882,right,all,289,3300.28,783.256,289,3300.28,783.256
Secondary motor area,MOs,993,left,all,98827,5254.29,956.274,98827,5254.29,956.274
Secondary motor area,MOs,993,right,all,83187,4700.25,856.862,83187,4700.25,856.862
Secondary motor area/ layer 1,MOs1,656,left,all,6501,4085.28,811.727,6501,4085.28,811.727
Secondary motor area/ layer 1,MOs1,656,right,all,5675,4238.76,774.034,5675,4238.76,774.034
Secondary motor area/ layer 2/3,MOs2/3,962,left,all,29138,5040.77,935.693,29138,5040.77,935.693
Secondary motor area/ layer 2/3,MOs2/3,962,right,all,24765,4274.74,817.222,24765,4274.74,817.222
Secondary motor area/ layer 5,MOs5,767,left,all,41338,6063.48,1018.31,41338,6063.48,1018.31
Secondary motor area/ layer 5,MOs5,767,right,all,34536,5379.43,914.837,34536,5379.43,914.837
Secondary motor area/ layer 6a,MOs6a,1021,left,all,21668,4360.92,910.03,21668,4360.92,910.03
Secondary motor area/ layer 6a,MOs6a,1021,right,all,18053,4138.81,826.887,18053,4138.81,826.887
Secondary motor area/ layer 6b,MOs6b,1085,left,all,182,3764.71,830.275,182,3764.71,830.275
Secondary motor area/ layer 6b,MOs6b,1085,right,all,158,3664.78,797.475,158,3664.78,797.475
Somatosensory areas,SS,453,left,all,326474,6136.54,1115.3,326474,6136.54,1115.3
Somatosensory areas,SS,453,right,all,206719,5145.83,927.89,206719,5145.83,927.89
Primary somatosensory area,SSp,322,left,all,225590,6186.84,1119.72,225590,6186.84,1119.72
Primary somatosensory area,SSp,322,right,all,142972,5201.8,930.187,142972,5201.8,930.187
Primary somatosensory area/ nose,SSp-n,353,left,all,33628,6682.11,1218.36,33628,6682.11,1218.36
Primary somatosensory area/ nose,SSp-n,353,right,all,20076,5693.31,1012.61,20076,5693.31,1012.61
Primary somatosensory area/ nose/ layer 1,SSp-n1,558,left,all,3635,5261.76,983.668,3635,5261.76,983.668
Primary somatosensory area/ nose/ layer 1,SSp-n1,558,right,all,2845,4109.62,821.381,2845,4109.62,821.381
Primary somatosensory area/ nose/ layer 2/3,SSp-n2/3,838,left,all,8561,6116.83,1207.8,8561,6116.83,1207.8
Primary somatosensory area/ nose/ layer 2/3,SSp-n2/3,838,right,all,4999,4810.65,982.93,4999,4810.65,982.93
Primary somatosensory area/ nose/ layer 4,SSp-n4,654,left,all,6266,6943.53,1337.53,6266,6943.53,1337.53
Primary somatosensory area/ nose/ layer 4,SSp-n4,654,right,all,3472,6512.87,1140.9,3472,6512.87,1140.9
Primary somatosensory area/ nose/ layer 5,SSp-n5,702,left,all,6521,10129.8,1444.5,6521,10129.8,1444.5
Primary somatosensory area/ nose/ layer 5,SSp-n5,702,right,all,3596,9329.79,1242.85,3596,9329.79,1242.85
Primary somatosensory area/ nose/ layer 6a,SSp-n6a,889,left,all,8505,5064.33,1072.24,8505,5064.33,1072.24
Primary somatosensory area/ nose/ layer 6a,SSp-n6a,889,right,all,5012,4334.94,901.184,5012,4334.94,901.184
Primary somatosensory area/ nose/ layer 6b,SSp-n6b,929,left,all,140,4119.35,967.414,140,4119.35,967.414
Primary somatosensory area/ nose/ layer 6b,SSp-n6b,929,right,all,152,4402.45,864.868,152,4402.45,864.868
Primary somatosensory area/ barrel field,SSp-bfd,329,left,all,54515,5404.74,1017.48,54515,5404.74,1017.48
Primary somatosensory area/ barrel field,SSp-bfd,329,right,all,35108,4489.93,823.403,35108,4489.93,823.403
Primary somatosensory area/ barrel field/ layer 1,SSp-bfd1,981,left,all,3060,4920.02,1204.69,3060,4920.02,1204.69
Primary somatosensory area/ barrel field/ layer 1,SSp-bfd1,981,right,all,2019,3794.11,734.483,2019,3794.11,734.483
Primary somatosensory area/ barrel field/ layer 2/3,SSp-bfd2/3,201,left,all,13878,4775.91,963.667,13878,4775.91,963.667
Primary somatosensory area/ barrel field/ layer 2/3,SSp-bfd2/3,201,right,all,7267,3861.21,786.876,7267,3861.21,786.876
Primary somatosensory area/ barrel field/ layer 4,SSp-bfd4,1047,left,all,12810,5663.49,1049.94,12810,5663.49,1049.94
Primary somatosensory area/ barrel field/ layer 4,SSp-bfd4,1047,right,all,7516,4613.27,855.306,7516,4613.27,855.306
Primary somatosensory area/ barrel field/ layer 5,SSp-bfd5,1070,left,all,12165,7164.56,1131.71,12165,7164.56,1131.71
Primary somatosensory area/ barrel field/ layer 5,SSp-bfd5,1070,right,all,8346,6003.76,940.769,8346,6003.76,940.769
Primary somatosensory area/ barrel field/ layer 6a,SSp-bfd6a,1038,left,all,12183,4250.88,888.61,12183,4250.88,888.61
Primary somatosensory area/ barrel field/ layer 6a,SSp-bfd6a,1038,right,all,9245,3733.82,747.709,9245,3733.82,747.709
Primary somatosensory area/ barrel field/ layer 6b,SSp-bfd6b,1062,left,all,419,4318.57,870.718,419,4318.57,870.718
Primary somatosensory area/ barrel field/ layer 6b,SSp-bfd6b,1062,right,all,715,3654.64,719.127,715,3654.64,719.127
Primary somatosensory area/ lower limb,SSp-ll,337,left,all,16776,6187.11,1044.94,16776,6187.11,1044.94
Primary somatosensory area/ lower limb,SSp-ll,337,right,all,10925,5389.58,897.531,10925,5389.58,897.531
Primary somatosensory area/ lower limb/ layer 1,SSp-ll1,1030,left,all,0,0,0,0,0,0
Primary somatosensory area/ lower limb/ layer 1,SSp-ll1,1030,right,all,0,0,0,0,0,0
Primary somatosensory area/ lower limb/ layer 2/3,SSp-ll2/3,113,left,all,832,4266.82,884.196,832,4266.82,884.196
Primary somatosensory area/ lower limb/ layer 2/3,SSp-ll2/3,113,right,all,329,3674.29,861.125,329,3674.29,861.125
Primary somatosensory area/ lower limb/ layer 4,SSp-ll4,1094,left,all,2403,4462.18,942.615,2403,4462.18,942.615
Primary somatosensory area/ lower limb/ layer 4,SSp-ll4,1094,right,all,1264,3708.94,831.153,1264,3708.94,831.153
Primary somatosensory area/ lower limb/ layer 5,SSp-ll5,1128,left,all,7445,7795.03,1159.1,7445,7795.03,1159.1
Primary somatosensory area/ lower limb/ layer 5,SSp-ll5,1128,right,all,4290,6011.99,924.443,4290,6011.99,924.443
Primary somatosensory area/ lower limb/ layer 6a,SSp-ll6a,478,left,all,5839,5243.23,974.836,5839,5243.23,974.836
Primary somatosensory area/ lower limb/ layer 6a,SSp-ll6a,478,right,all,4675,5552.49,905.124,4675,5552.49,905.124
Primary somatosensory area/ lower limb/ layer 6b,SSp-ll6b,510,left,all,257,3397.1,807.926,257,3397.1,807.926
Primary somatosensory area/ lower limb/ layer 6b,SSp-ll6b,510,right,all,367,3364.93,747.46,367,3364.93,747.46
Primary somatosensory area/ mouth,SSp-m,345,left,all,68352,6446.42,1177.92,68352,6446.42,1177.92
Primary somatosensory area/ mouth,SSp-m,345,right,all,43945,5644.32,1002.45,43945,5644.32,1002.45
Primary somatosensory area/ mouth/ layer 1,SSp-m1,878,left,all,6733,4822.38,953.911,6733,4822.38,953.911
Primary somatosensory area/ mouth/ layer 1,SSp-m1,878,right,all,5257,4210.54,814.734,5257,4210.54,814.734
Primary somatosensory area/ mouth/ layer 2/3,SSp-m2/3,657,left,all,19383,5339.85,1115.05,19383,5339.85,1115.05
Primary somatosensory area/ mouth/ layer 2/3,SSp-m2/3,657,right,all,12629,4695.34,963.318,12629,4695.34,963.318
Primary somatosensory area/ mouth/ layer 4,SSp-m4,950,left,all,11447,7205.74,1286.28,11447,7205.74,1286.28
Primary somatosensory area/ mouth/ layer 4,SSp-m4,950,right,all,6888,7233.91,1143.3,6888,7233.91,1143.3
Primary somatosensory area/ mouth/ layer 5,SSp-m5,974,left,all,14193,9140.05,1373.62,14193,9140.05,1373.62
Primary somatosensory area/ mouth/ layer 5,SSp-m5,974,right,all,8940,7805.21,1148.07,8940,7805.21,1148.07
Primary somatosensory area/ mouth/ layer 6a,SSp-m6a,1102,left,all,16158,5621.35,1102.88,16158,5621.35,1102.88
Primary somatosensory area/ mouth/ layer 6a,SSp-m6a,1102,right,all,9987,4613.48,926.418,9987,4613.48,926.418
Primary somatosensory area/ mouth/ layer 6b,SSp-m6b,2,left,all,438,3689.79,998.648,438,3689.79,998.648
Primary somatosensory area/ mouth/ layer 6b,SSp-m6b,2,right,all,244,3798.57,872.959,244,3798.57,872.959
Primary somatosensory area/ upper limb,SSp-ul,369,left,all,34631,6738.69,1158.82,34631,6738.69,1158.82
Primary somatosensory area/ upper limb,SSp-ul,369,right,all,22436,5251.21,943.921,22436,5251.21,943.921
Primary somatosensory area/ upper limb/ layer 1,SSp-ul1,450,left,all,1281,4293.62,895.468,1281,4293.62,895.468
Primary somatosensory area/ upper limb/ layer 1,SSp-ul1,450,right,all,877,4322.84,831.725,877,4322.84,831.725
Primary somatosensory area/ upper limb/ layer 2/3,SSp-ul2/3,854,left,all,9299,5235.82,1071.22,9299,5235.82,1071.22
Primary somatosensory area/ upper limb/ layer 2/3,SSp-ul2/3,854,right,all,5391,4216.35,888.456,5391,4216.35,888.456
Primary somatosensory area/ upper limb/ layer 4,SSp-ul4,577,left,all,6487,6919.24,1226.22,6487,6919.24,1226.22
Primary somatosensory area/ upper limb/ layer 4,SSp-ul4,577,right,all,3768,4810.2,963.384,3768,4810.2,963.384
Primary somatosensory area/ upper limb/ layer 5,SSp-ul5,625,left,all,9419,10279.8,1385.71,9419,10279.8,1385.71
Primary somatosensory area/ upper limb/ layer 5,SSp-ul5,625,right,all,5656,8153.72,1115.37,5656,8153.72,1115.37
Primary somatosensory area/ upper limb/ layer 6a,SSp-ul6a,945,left,all,8013,4620.2,986.352,8013,4620.2,986.352
Primary somatosensory area/ upper limb/ layer 6a,SSp-ul6a,945,right,all,6601,4026.66,850.526,6601,4026.66,850.526
Primary somatosensory area/ upper limb/ layer 6b,SSp-ul6b,1026,left,all,132,3390.91,853.167,132,3390.91,853.167
Primary somatosensory area/ upper limb/ layer 6b,SSp-ul6b,1026,right,all,143,3303.25,740.07,143,3303.25,740.07
Primary somatosensory area/ trunk,SSp-tr,361,left,all,5821,4285.65,830.941,5821,4285.65,830.941
Primary somatosensory area/ trunk,SSp-tr,361,right,all,3520,3900.14,721.41,3520,3900.14,721.41
Primary somatosensory area/ trunk/ layer 1,SSp-tr1,1006,left,all,0,0,0,0,0,0
Primary somatosensory area/ trunk/ layer 1,SSp-tr1,1006,right,all,0,0,0,0,0,0
Primary somatosensory area/ trunk/ layer 2/3,SSp-tr2/3,670,left,all,0,0,0,0,0,0
Primary somatosensory area/ trunk/ layer 2/3,SSp-tr2/3,670,right,all,0,0,0,0,0,0
Primary somatosensory area/ trunk/ layer 4,SSp-tr4,1086,left,all,97,3374.32,653.515,97,3374.32,653.515
Primary somatosensory area/ trunk/ layer 4,SSp-tr4,1086,right,all,27,4365.59,807.074,27,4365.59,807.074
Primary somatosensory area/ trunk/ layer 5,SSp-tr5,1111,left,all,2189,3684.41,772.365,2189,3684.41,772.365
Primary somatosensory area/ trunk/ layer 5,SSp-tr5,1111,right,all,903,3369.93,659.885,903,3369.93,659.885
Primary somatosensory area/ trunk/ layer 6a,SSp-tr6a,9,left,all,3036,4749.07,877.388,3036,4749.07,877.388
Primary somatosensory area/ trunk/ layer 6a,SSp-tr6a,9,right,all,2198,4067.4,738.109,2198,4067.4,738.109
Primary somatosensory area/ trunk/ layer 6b,SSp-tr6b,461,left,all,499,4280.75,839.802,499,4280.75,839.802
Primary somatosensory area/ trunk/ layer 6b,SSp-tr6b,461,right,all,392,4151.6,763.602,392,4151.6,763.602
Primary somatosensory area/ unassigned,SSp-un,182305689,left,all,11867,6202.87,1107.94,11867,6202.87,1107.94
Primary somatosensory area/ unassigned,SSp-un,182305689,right,all,6962,4785.23,887.395,6962,4785.23,887.395
Primary somatosensory area/ unassigned/ layer 1,SSp-un1,182305693,left,all,609,4520.63,901.818,609,4520.63,901.818
Primary somatosensory area/ unassigned/ layer 1,SSp-un1,182305693,right,all,380,3946.28,812.216,380,3946.28,812.216
Primary somatosensory area/ unassigned/ layer 2/3,SSp-un2/3,182305697,left,all,3242,5386.03,1081.4,3242,5386.03,1081.4
Primary somatosensory area/ unassigned/ layer 2/3,SSp-un2/3,182305697,right,all,1668,4193.38,862.562,1668,4193.38,862.562
Primary somatosensory area/ unassigned/ layer 4,SSp-un4,182305701,left,all,2215,6421.93,1150.53,2215,6421.93,1150.53
Primary somatosensory area/ unassigned/ layer 4,SSp-un4,182305701,right,all,1141,4904.79,908.546,1141,4904.79,908.546
Primary somatosensory area/ unassigned/ layer 5,SSp-un5,182305705,left,all,3023,8691.76,1270.87,3023,8691.76,1270.87
Primary somatosensory area/ unassigned/ layer 5,SSp-un5,182305705,right,all,1624,6701.89,1016.93,1624,6701.89,1016.93
Primary somatosensory area/ unassigned/ layer 6a,SSp-un6a,182305709,left,all,2717,4661.09,974.564,2717,4661.09,974.564
Primary somatosensory area/ unassigned/ layer 6a,SSp-un6a,182305709,right,all,2060,3875.96,813.524,2060,3875.96,813.524
Primary somatosensory area/ unassigned/ layer 6b,SSp-un6b,182305713,left,all,61,3786.36,897.115,61,3786.36,897.115
Primary somatosensory area/ unassigned/ layer 6b,SSp-un6b,182305713,right,all,89,3999.24,748.798,89,3999.24,748.798
Supplemental somatosensory area,SSs,378,left,all,100884,6024.04,1105.42,100884,6024.04,1105.42
Supplemental somatosensory area,SSs,378,right,all,63747,5020.3,922.736,63747,5020.3,922.736
Supplemental somatosensory area/ layer 1,SSs1,873,left,all,8818,4814.11,912.589,8818,4814.11,912.589
Supplemental somatosensory area/ layer 1,SSs1,873,right,all,7107,3897.86,769.32,7107,3897.86,769.32
Supplemental somatosensory area/ layer 2/3,SSs2/3,806,left,all,27066,5132.03,1063.31,27066,5132.03,1063.31
Supplemental somatosensory area/ layer 2/3,SSs2/3,806,right,all,16760,4474.17,907.64,16760,4474.17,907.64
Supplemental somatosensory area/ layer 4,SSs4,1035,left,all,14827,6328.67,1193.19,14827,6328.67,1193.19
Supplemental somatosensory area/ layer 4,SSs4,1035,right,all,8492,6219.49,1039.18,8492,6219.49,1039.18
Supplemental somatosensory area/ layer 5,SSs5,1090,left,all,25375,7828.98,1227.73,25375,7828.98,1227.73
Supplemental somatosensory area/ layer 5,SSs5,1090,right,all,16258,6022.22,996.695,16258,6022.22,996.695
Supplemental somatosensory area/ layer 6a,SSs6a,862,left,all,23627,5403.82,1044.15,23627,5403.82,1044.15
Supplemental somatosensory area/ layer 6a,SSs6a,862,right,all,14526,4418.65,867.665,14526,4418.65,867.665
Supplemental somatosensory area/ layer 6b,SSs6b,893,left,all,1171,5297.52,1005.17,1171,5297.52,1005.17
Supplemental somatosensory area/ layer 6b,SSs6b,893,right,all,604,4022.4,843.308,604,4022.4,843.308
Gustatory areas,GU,1057,left,all,18504,5698.66,1051.83,18504,5698.66,1051.83
Gustatory areas,GU,1057,right,all,12025,4207.69,857.766,12025,4207.69,857.766
Gustatory areas/ layer 1,GU1,36,left,all,1025,4747.77,864.873,1025,4747.77,864.873
Gustatory areas/ layer 1,GU1,36,right,all,821,3784.82,767.924,821,3784.82,767.924
Gustatory areas/ layer 2/3,GU2/3,180,left,all,4055,4339.73,929.445,4055,4339.73,929.445
Gustatory areas/ layer 2/3,GU2/3,180,right,all,2709,3338.21,774.152,2709,3338.21,774.152
Gustatory areas/ layer 4,GU4,148,left,all,1652,5037.61,1031.33,1652,5037.61,1031.33
Gustatory areas/ layer 4,GU4,148,right,all,1068,4170.81,864.436,1068,4170.81,864.436
Gustatory areas/ layer 5,GU5,187,left,all,6364,6224.98,1094.55,6364,6224.98,1094.55
Gustatory areas/ layer 5,GU5,187,right,all,4203,4476.91,892.329,4203,4476.91,892.329
Gustatory areas/ layer 6a,GU6a,638,left,all,5084,6551.68,1136.92,5084,6551.68,1136.92
Gustatory areas/ layer 6a,GU6a,638,right,all,2980,4802.95,903.863,2980,4802.95,903.863
Gustatory areas/ layer 6b,GU6b,662,left,all,324,5362.02,1105.15,324,5362.02,1105.15
Gustatory areas/ layer 6b,GU6b,662,right,all,244,3538.24,900.852,244,3538.24,900.852
Visceral area,VISC,677,left,all,24207,5508.91,978.203,24207,5508.91,978.203
Visceral area,VISC,677,right,all,15823,4542.96,824.667,15823,4542.96,824.667
Visceral area/ layer 1,VISC1,897,left,all,1563,4707.22,852.797,1563,4707.22,852.797
Visceral area/ layer 1,VISC1,897,right,all,1899,4051.55,721.079,1899,4051.55,721.079
Visceral area/ layer 2/3,VISC2/3,1106,left,all,5506,4551.92,918.935,5506,4551.92,918.935
Visceral area/ layer 2/3,VISC2/3,1106,right,all,3482,3885.45,789.112,3482,3885.45,789.112
Visceral area/ layer 4,VISC4,1010,left,all,2201,4928.77,972.191,2201,4928.77,972.191
Visceral area/ layer 4,VISC4,1010,right,all,1227,5405.15,904.361,1227,5405.15,904.361
Visceral area/ layer 5,VISC5,1058,left,all,7945,6406.59,1038.49,7945,6406.59,1038.49
Visceral area/ layer 5,VISC5,1058,right,all,5493,4912.08,852.248,5493,4912.08,852.248
Visceral area/ layer 6a,VISC6a,857,left,all,6657,5577.82,986.354,6657,5577.82,986.354
Visceral area/ layer 6a,VISC6a,857,right,all,3552,4657.1,847.494,3552,4657.1,847.494
Visceral area/ layer 6b,VISC6b,849,left,all,335,6130.6,985.227,335,6130.6,985.227
Visceral area/ layer 6b,VISC6b,849,right,all,170,2964.41,766.712,170,2964.41,766.712
Auditory areas,AUD,247,left,all,63033,5763.45,1023.7,63033,5763.45,1023.7
Auditory areas,AUD,247,right,all,45843,4682.71,869.281,45843,4682.71,869.281
Dorsal auditory area,AUDd,1011,left,all,11964,5538.42,984.276,11964,5538.42,984.276
Dorsal auditory area,AUDd,1011,right,all,8484,4477.01,815.573,8484,4477.01,815.573
Dorsal auditory area/ layer 1,AUDd1,527,left,all,1185,4277.2,835.519,1185,4277.2,835.519
Dorsal auditory area/ layer 1,AUDd1,527,right,all,1100,3470.47,681.709,1100,3470.47,681.709
Dorsal auditory area/ layer 2/3,AUDd2/3,600,left,all,3765,4422.06,918.328,3765,4422.06,918.328
Dorsal auditory area/ layer 2/3,AUDd2/3,600,right,all,2602,4057.12,791.309,2602,4057.12,791.309
Dorsal auditory area/ layer 4,AUDd4,678,left,all,1537,7096.91,1098.72,1537,7096.91,1098.72
Dorsal auditory area/ layer 4,AUDd4,678,right,all,995,6064.14,943.388,995,6064.14,943.388
Dorsal auditory area/ layer 5,AUDd5,252,left,all,3504,6695.57,1074.95,3504,6695.57,1074.95
Dorsal auditory area/ layer 5,AUDd5,252,right,all,2589,4794.23,861.214,2589,4794.23,861.214
Dorsal auditory area/ layer 6a,AUDd6a,156,left,all,1935,5179.62,951.248,1935,5179.62,951.248
Dorsal auditory area/ layer 6a,AUDd6a,156,right,all,1169,4312.9,786.044,1169,4312.9,786.044
Dorsal auditory area/ layer 6b,AUDd6b,243,left,all,38,4008.38,848.763,38,4008.38,848.763
Dorsal auditory area/ layer 6b,AUDd6b,243,right,all,29,4171.1,800.586,29,4171.1,800.586
Primary auditory area,AUDp,1002,left,all,24633,5925.21,1066.43,24633,5925.21,1066.43
Primary auditory area,AUDp,1002,right,all,17236,4831.23,902.349,17236,4831.23,902.349
Primary auditory area/ layer 1,AUDp1,735,left,all,2774,4776.82,934.19,2774,4776.82,934.19
Primary auditory area/ layer 1,AUDp1,735,right,all,2917,3508.88,727.858,2917,3508.88,727.858
Primary auditory area/ layer 2/3,AUDp2/3,251,left,all,6133,5137.79,1003.21,6133,5137.79,1003.21
Primary auditory area/ layer 2/3,AUDp2/3,251,right,all,4643,4262.81,876.973,4643,4262.81,876.973
Primary auditory area/ layer 4,AUDp4,816,left,all,3263,5862.96,1119.91,3263,5862.96,1119.91
Primary auditory area/ layer 4,AUDp4,816,right,all,2278,6338.41,1050.25,2278,6338.41,1050.25
Primary auditory area/ layer 5,AUDp5,847,left,all,8431,7052.34,1154.83,8431,7052.34,1154.83
Primary auditory area/ layer 5,AUDp5,847,right,all,5930,5437.22,963.368,5930,5437.22,963.368
Primary auditory area/ layer 6a,AUDp6a,954,left,all,3876,5600.43,1027.09,3876,5600.43,1027.09
Primary auditory area/ layer 6a,AUDp6a,954,right,all,1375,4444.47,850.777,1375,4444.47,850.777
Primary auditory area/ layer 6b,AUDp6b,1005,left,all,156,5759.07,984.308,156,5759.07,984.308
Primary auditory area/ layer 6b,AUDp6b,1005,right,all,93,4845.35,891.258,93,4845.35,891.258
Posterior auditory area,AUDpo,1027,left,all,6547,6703.25,1096.22,6547,6703.25,1096.22
Posterior auditory area,AUDpo,1027,right,all,4957,5101.15,928.237,4957,5101.15,928.237
Posterior auditory area/ layer 1,AUDpo1,696,left,all,601,4182.37,813.386,601,4182.37,813.386
Posterior auditory area/ layer 1,AUDpo1,696,right,all,845,3686.74,774.93,845,3686.74,774.93
Posterior auditory area/ layer 2/3,AUDpo2/3,643,left,all,1935,5314.06,1001.47,1935,5314.06,1001.47
Posterior auditory area/ layer 2/3,AUDpo2/3,643,right,all,1483,4807.77,910.933,1483,4807.77,910.933
Posterior auditory area/ layer 4,AUDpo4,759,left,all,926,7296.36,1169.28,926,7296.36,1169.28
Posterior auditory area/ layer 4,AUDpo4,759,right,all,687,6766.68,1074.69,687,6766.68,1074.69
Posterior auditory area/ layer 5,AUDpo5,791,left,all,2077,8262.1,1211.19,2077,8262.1,1211.19
Posterior auditory area/ layer 5,AUDpo5,791,right,all,1687,5250.21,954.368,1687,5250.21,954.368
Posterior auditory area/ layer 6a,AUDpo6a,249,left,all,974,7219.09,1148.79,974,7219.09,1148.79
Posterior auditory area/ layer 6a,AUDpo6a,249,right,all,182,5830.99,962.335,182,5830.99,962.335
Posterior auditory area/ layer 6b,AUDpo6b,456,left,all,34,4165.94,968.382,34,4165.94,968.382
Posterior auditory area/ layer 6b,AUDpo6b,456,right,all,73,6494.9,987.233,73,6494.9,987.233
Ventral auditory area,AUDv,1018,left,all,19889,5389.12,970.614,19889,5389.12,970.614
Ventral auditory area,AUDv,1018,right,all,15166,4492.23,842.473,15166,4492.23,842.473
Ventral auditory area/ layer 1,AUDv1,959,left,all,997,3607.59,737.411,997,3607.59,737.411
Ventral auditory area/ layer 1,AUDv1,959,right,all,1814,3428.43,682.937,1814,3428.43,682.937
Ventral auditory area/ layer 2/3,AUDv2/3,755,left,all,4079,4745.51,886.086,4079,4745.51,886.086
Ventral auditory area/ layer 2/3,AUDv2/3,755,right,all,3872,3805.64,780.089,3872,3805.64,780.089
Ventral auditory area/ layer 4,AUDv4,990,left,all,2680,5009.74,971.369,2680,5009.74,971.369
Ventral auditory area/ layer 4,AUDv4,990,right,all,2102,5121.23,925.508,2102,5121.23,925.508
Ventral auditory area/ layer 5,AUDv5,1023,left,all,7887,5989.26,1030.34,7887,5989.26,1030.34
Ventral auditory area/ layer 5,AUDv5,1023,right,all,5586,5040.95,912.273,5586,5040.95,912.273
Ventral auditory area/ layer 6a,AUDv6a,520,left,all,3940,5460.81,992.29,3940,5460.81,992.29
Ventral auditory area/ layer 6a,AUDv6a,520,right,all,1721,4598.77,822.398,1721,4598.77,822.398
Ventral auditory area/ layer 6b,AUDv6b,598,left,all,306,6704.07,1032.01,306,6704.07,1032.01
Ventral auditory area/ layer 6b,AUDv6b,598,right,all,71,4738.96,857.423,71,4738.96,857.423
Visual areas,VIS,669,left,all,96263,5632.79,1021.82,96263,5632.79,1021.82
Visual areas,VIS,669,right,all,60626,4248.81,838.443,60626,4248.81,838.443
Anterolateral visual area,VISal,402,left,all,7742,6643.35,1091.2,7742,6643.35,1091.2
Anterolateral visual area,VISal,402,right,all,5525,4820.11,891.151,5525,4820.11,891.151
Anterolateral visual area/ layer 1,VISal1,1074,left,all,543,4032.53,783.626,543,4032.53,783.626
Anterolateral visual area/ layer 1,VISal1,1074,right,all,454,3812.64,705.493,454,3812.64,705.493
Anterolateral visual area/ layer 2/3,VISal2/3,905,left,all,2603,5439.48,1013.98,2603,5439.48,1013.98
Anterolateral visual area/ layer 2/3,VISal2/3,905,right,all,1575,4115.42,821.106,1575,4115.42,821.106
Anterolateral visual area/ layer 4,VISal4,1114,left,all,1184,7742.31,1193.6,1184,7742.31,1193.6
Anterolateral visual area/ layer 4,VISal4,1114,right,all,825,5641.05,998.018,825,5641.05,998.018
Anterolateral visual area/ layer 5,VISal5,233,left,all,1992,8339.06,1210.75,1992,8339.06,1210.75
Anterolateral visual area/ layer 5,VISal5,233,right,all,1689,5669.75,974.226,1689,5669.75,974.226
Anterolateral visual area/ layer 6a,VISal6a,601,left,all,1359,6580.21,1098.34,1359,6580.21,1098.34
Anterolateral visual area/ layer 6a,VISal6a,601,right,all,932,4285.6,855.112,932,4285.6,855.112
Anterolateral visual area/ layer 6b,VISal6b,649,left,all,61,5956.89,1074.26,61,5956.89,1074.26
Anterolateral visual area/ layer 6b,VISal6b,649,right,all,50,3882.5,885.48,50,3882.5,885.48
Anteromedial visual area,VISam,394,left,all,1503,3440.18,771.693,1503,3440.18,771.693
Anteromedial visual area,VISam,394,right,all,515,3393.13,722.256,515,3393.13,722.256
Anteromedial visual area/ layer 1,VISam1,281,left,all,0,0,0,0,0,0
Anteromedial visual area/ layer 1,VISam1,281,right,all,0,0,0,0,0,0
Anteromedial visual area/ layer 2/3,VISam2/3,1066,left,all,0,0,0,0,0,0
Anteromedial visual area/ layer 2/3,VISam2/3,1066,right,all,0,0,0,0,0,0
Anteromedial visual area/ layer 4,VISam4,401,left,all,0,0,0,0,0,0
Anteromedial visual area/ layer 4,VISam4,401,right,all,0,0,0,0,0,0
Anteromedial visual area/ layer 5,VISam5,433,left,all,24,3225.8,793.5,24,3225.8,793.5
Anteromedial visual area/ layer 5,VISam5,433,right,all,0,0,0,0,0,0
Anteromedial visual area/ layer 6a,VISam6a,1046,left,all,1114,3505.13,768.434,1114,3505.13,768.434
Anteromedial visual area/ layer 6a,VISam6a,1046,right,all,331,3604.34,759.35,331,3604.34,759.35
Anteromedial visual area/ layer 6b,VISam6b,441,left,all,365,3256.06,780.205,365,3256.06,780.205
Anteromedial visual area/ layer 6b,VISam6b,441,right,all,184,3013.17,655.527,184,3013.17,655.527
Lateral visual area,VISl,409,left,all,13135,6360.74,1064.69,13135,6360.74,1064.69
Lateral visual area,VISl,409,right,all,9068,4345.5,868.551,9068,4345.5,868.551
Lateral visual area/ layer 1,VISl1,421,left,all,1160,4321.56,790.297,1160,4321.56,790.297
Lateral visual area/ layer 1,VISl1,421,right,all,908,3424,728.601,908,3424,728.601
Lateral visual area/ layer 2/3,VISl2/3,973,left,all,3878,4984.64,954.302,3878,4984.64,954.302
Lateral visual area/ layer 2/3,VISl2/3,973,right,all,2293,3577.56,817.703,2293,3577.56,817.703
Lateral visual area/ layer 4,VISl4,573,left,all,2122,7211.1,1154.59,2122,7211.1,1154.59
Lateral visual area/ layer 4,VISl4,573,right,all,1515,5074.51,954.568,1515,5074.51,954.568
Lateral visual area/ layer 5,VISl5,613,left,all,3240,8086.23,1199.8,3240,8086.23,1199.8
Lateral visual area/ layer 5,VISl5,613,right,all,2553,4939.14,915.679,2553,4939.14,915.679
Lateral visual area/ layer 6a,VISl6a,74,left,all,2587,6493.15,1107.13,2587,6493.15,1107.13
Lateral visual area/ layer 6a,VISl6a,74,right,all,1746,4259.29,859.789,1746,4259.29,859.789
Lateral visual area/ layer 6b,VISl6b,121,left,all,148,6120.35,1119.51,148,6120.35,1119.51
Lateral visual area/ layer 6b,VISl6b,121,right,all,53,6762.16,1025.83,53,6762.16,1025.83
Primary visual area,VISp,385,left,all,47380,5239.35,1029.46,47380,5239.35,1029.46
Primary visual area,VISp,385,right,all,27135,4105.61,840.726,27135,4105.61,840.726
Primary visual area/ layer 1,VISp1,593,left,all,849,4272.91,767.416,849,4272.91,767.416
Primary visual area/ layer 1,VISp1,593,right,all,516,3848.99,720.107,516,3848.99,720.107
Primary visual area/ layer 2/3,VISp2/3,821,left,all,5678,4411.42,931.184,5678,4411.42,931.184
Primary visual area/ layer 2/3,VISp2/3,821,right,all,2413,3387.24,732.101,2413,3387.24,732.101
Primary visual area/ layer 4,VISp4,721,left,all,7093,4699.24,1008.71,7093,4699.24,1008.71
Primary visual area/ layer 4,VISp4,721,right,all,2921,3635.01,780.552,2921,3635.01,780.552
Primary visual area/ layer 5,VISp5,778,left,all,15930,5553.02,1060.07,15930,5553.02,1060.07
Primary visual area/ layer 5,VISp5,778,right,all,8774,4159.94,858.527,8774,4159.94,858.527
Primary visual area/ layer 6a,VISp6a,33,left,all,15429,5390.13,1048.82,15429,5390.13,1048.82
Primary visual area/ layer 6a,VISp6a,33,right,all,10590,4299.44,866.752,10590,4299.44,866.752
Primary visual area/ layer 6b,VISp6b,305,left,all,2401,6084.59,1088.35,2401,6084.59,1088.35
Primary visual area/ layer 6b,VISp6b,305,right,all,1921,4475.74,876.29,1921,4475.74,876.29
Posterolateral visual area,VISpl,425,left,all,7298,5025.87,901.711,7298,5025.87,901.711
Posterolateral visual area,VISpl,425,right,all,5075,3755.42,745.631,5075,3755.42,745.631
Posterolateral visual area/ layer 1,VISpl1,750,left,all,773,3974.93,726.904,773,3974.93,726.904
Posterolateral visual area/ layer 1,VISpl1,750,right,all,613,3016.71,629.21,613,3016.71,629.21
Posterolateral visual area/ layer 2/3,VISpl2/3,269,left,all,2318,4469.41,865.75,2318,4469.41,865.75
Posterolateral visual area/ layer 2/3,VISpl2/3,269,right,all,1295,3208.36,688.673,1295,3208.36,688.673
Posterolateral visual area/ layer 4,VISpl4,869,left,all,405,4866.41,906.165,405,4866.41,906.165
Posterolateral visual area/ layer 4,VISpl4,869,right,all,268,3694.44,770.657,268,3694.44,770.657
Posterolateral visual area/ layer 5,VISpl5,902,left,all,2578,5711.89,958.424,2578,5711.89,958.424
Posterolateral visual area/ layer 5,VISpl5,902,right,all,1906,4229,792.846,1906,4229,792.846
Posterolateral visual area/ layer 6a,VISpl6a,377,left,all,1170,5333.89,958.238,1170,5333.89,958.238
Posterolateral visual area/ layer 6a,VISpl6a,377,right,all,922,3921.46,787.093,922,3921.46,787.093
Posterolateral visual area/ layer 6b,VISpl6b,393,left,all,54,5728.1,982.056,54,5728.1,982.056
Posterolateral visual area/ layer 6b,VISpl6b,393,right,all,71,5471.94,889.282,71,5471.94,889.282
posteromedial visual area,VISpm,533,left,all,1873,3931.17,867.336,1873,3931.17,867.336
posteromedial visual area,VISpm,533,right,all,596,3534.68,748.738,596,3534.68,748.738
posteromedial visual area/ layer 1,VISpm1,805,left,all,0,0,0,0,0,0
posteromedial visual area/ layer 1,VISpm1,805,right,all,0,0,0,0,0,0
posteromedial visual area/ layer 2/3,VISpm2/3,41,left,all,0,0,0,0,0,0
posteromedial visual area/ layer 2/3,VISpm2/3,41,right,all,0,0,0,0,0,0
posteromedial visual area/ layer 4,VISpm4,501,left,all,0,0,0,0,0,0
posteromedial visual area/ layer 4,VISpm4,501,right,all,0,0,0,0,0,0
posteromedial visual area/ layer 5,VISpm5,565,left,all,81,4758.83,902.037,81,4758.83,902.037
posteromedial visual area/ layer 5,VISpm5,565,right,all,1,4935.34,1320,1,4935.34,1320
posteromedial visual area/ layer 6a,VISpm6a,257,left,all,1418,3891.94,857.321,1418,3891.94,857.321
posteromedial visual area/ layer 6a,VISpm6a,257,right,all,384,3905.06,769.536,384,3905.06,769.536
posteromedial visual area/ layer 6b,VISpm6b,469,left,all,374,3900.65,897.791,374,3900.65,897.791
posteromedial visual area/ layer 6b,VISpm6b,469,right,all,211,2854.01,708.18,211,2854.01,708.18
Laterointermediate area,VISli,312782574,left,all,5111,6199.2,1063.81,5111,6199.2,1063.81
Laterointermediate area,VISli,312782574,right,all,3808,4577.24,878.308,3808,4577.24,878.308
Laterointermediate area/ layer 1,VISli1,312782578,left,all,335,4275.49,762.409,335,4275.49,762.409
Laterointermediate area/ layer 1,VISli1,312782578,right,all,480,3478.16,746.267,480,3478.16,746.267
Laterointermediate area/ layer 2/3,VISli2/3,312782582,left,all,1434,4975.1,975.72,1434,4975.1,975.72
Laterointermediate area/ layer 2/3,VISli2/3,312782582,right,all,1035,4147.7,855.344,1035,4147.7,855.344
Laterointermediate area/ layer 4,VISli4,312782586,left,all,659,6274.1,1119.34,659,6274.1,1119.34
Laterointermediate area/ layer 4,VISli4,312782586,right,all,546,6507.27,1010.46,546,6507.27,1010.46
Laterointermediate area/ layer 5,VISli5,312782590,left,all,1579,7743.32,1158.99,1579,7743.32,1158.99
Laterointermediate area/ layer 5,VISli5,312782590,right,all,1310,4508.57,877.467,1310,4508.57,877.467
Laterointermediate area/ layer 6a,VISli6a,312782594,left,all,1084,6162.8,1103.16,1084,6162.8,1103.16
Laterointermediate area/ layer 6a,VISli6a,312782594,right,all,367,4464.33,906.147,367,4464.33,906.147
Laterointermediate area/ layer 6b,VISli6b,312782598,left,all,20,3785.48,950.2,20,3785.48,950.2
Laterointermediate area/ layer 6b,VISli6b,312782598,right,all,70,5287.61,962.286,70,5287.61,962.286
Postrhinal area,VISpor,312782628,left,all,12221,6391.54,1010.75,12221,6391.54,1010.75
Postrhinal area,VISpor,312782628,right,all,8904,4470.33,816.695,8904,4470.33,816.695
Postrhinal area/ layer 1,VISpor1,312782632,left,all,999,4510.49,741.998,999,4510.49,741.998
Postrhinal area/ layer 1,VISpor1,312782632,right,all,936,3569,673.409,936,3569,673.409
Postrhinal area/ layer 2/3,VISpor2/3,312782636,left,all,4187,6272.24,993.547,4187,6272.24,993.547
Postrhinal area/ layer 2/3,VISpor2/3,312782636,right,all,2988,3712.52,750.581,2988,3712.52,750.581
Postrhinal area/ layer 4,VISpor4,312782640,left,all,714,5244.83,965.832,714,5244.83,965.832
Postrhinal area/ layer 4,VISpor4,312782640,right,all,530,5149.17,902.434,530,5149.17,902.434
Postrhinal area/ layer 5,VISpor5,312782644,left,all,4234,7054.88,1063.24,4234,7054.88,1063.24
Postrhinal area/ layer 5,VISpor5,312782644,right,all,3120,4967.12,858.517,3120,4967.12,858.517
Postrhinal area/ layer 6a,VISpor6a,312782648,left,all,2012,6595.53,1084.72,2012,6595.53,1084.72
Postrhinal area/ layer 6a,VISpor6a,312782648,right,all,1163,5152.72,914.709,1163,5152.72,914.709
Postrhinal area/ layer 6b,VISpor6b,312782652,left,all,75,6104.38,1030.53,75,6104.38,1030.53
Postrhinal area/ layer 6b,VISpor6b,312782652,right,all,167,6893.08,1066.65,167,6893.08,1066.65
Anterior cingulate area,ACA,31,left,all,41959,4401.45,953.951,41959,4401.45,953.951
Anterior cingulate area,ACA,31,right,all,44565,4284.79,923.507,44565,4284.79,923.507
Anterior cingulate area/ dorsal part,ACAd,39,left,all,27803,4438.09,934.04,27803,4438.09,934.04
Anterior cingulate area/ dorsal part,ACAd,39,right,all,29544,4526.91,911.917,29544,4526.91,911.917
Anterior cingulate area/ dorsal part/ layer 1,ACAd1,935,left,all,1807,4721.11,797.243,1807,4721.11,797.243
Anterior cingulate area/ dorsal part/ layer 1,ACAd1,935,right,all,2513,4254.35,825.963,2513,4254.35,825.963
Anterior cingulate area/ dorsal part/ layer 2/3,ACAd2/3,211,left,all,5110,3810.22,859.664,5110,3810.22,859.664
Anterior cingulate area/ dorsal part/ layer 2/3,ACAd2/3,211,right,all,7872,4580.42,930.777,7872,4580.42,930.777
Anterior cingulate area/ dorsal part/ layer 5,ACAd5,1015,left,all,13797,4850.51,984.095,13797,4850.51,984.095
Anterior cingulate area/ dorsal part/ layer 5,ACAd5,1015,right,all,12148,4887.58,952.276,12148,4887.58,952.276
Anterior cingulate area/ dorsal part/ layer 6a,ACAd6a,919,left,all,6956,4023.46,926.253,6956,4023.46,926.253
Anterior cingulate area/ dorsal part/ layer 6a,ACAd6a,919,right,all,6918,3951.18,852.559,6918,3951.18,852.559
Anterior cingulate area/ dorsal part/ layer 6b,ACAd6b,927,left,all,133,3617.19,865.038,133,3617.19,865.038
Anterior cingulate area/ dorsal part/ layer 6b,ACAd6b,927,right,all,93,3077.6,781.634,93,3077.6,781.634
Anterior cingulate area/ ventral part,ACAv,48,left,all,14156,4329.49,993.058,14156,4329.49,993.058
Anterior cingulate area/ ventral part,ACAv,48,right,all,15021,3808.56,946.303,15021,3808.56,946.303
Anterior cingulate area/ ventral part/ layer 1,ACAv1,588,left,all,2056,7537.66,1141.95,2056,7537.66,1141.95
Anterior cingulate area/ ventral part/ layer 1,ACAv1,588,right,all,2528,3934.52,950.431,2528,3934.52,950.431
Anterior cingulate area/ ventral part/ layer 2/3,ACAv2/3,296,left,all,2451,3267.11,898.816,2451,3267.11,898.816
Anterior cingulate area/ ventral part/ layer 2/3,ACAv2/3,296,right,all,4397,3849.55,973.849,4397,3849.55,973.849
Anterior cingulate area/ ventral part/ layer 5,ACAv5,772,left,all,7415,4010.28,997.234,7415,4010.28,997.234
Anterior cingulate area/ ventral part/ layer 5,ACAv5,772,right,all,6379,3846.37,949.776,6379,3846.37,949.776
Anterior cingulate area/ ventral part/ 6a,ACAv6a,810,left,all,2122,3623.26,950.465,2122,3623.26,950.465
Anterior cingulate area/ ventral part/ 6a,ACAv6a,810,right,all,1629,3365.3,858.901,1629,3365.3,858.901
Anterior cingulate area/ ventral part/ 6b,ACAv6b,819,left,all,112,3199.45,852.768,112,3199.45,852.768
Anterior cingulate area/ ventral part/ 6b,ACAv6b,819,right,all,88,3606.73,817.489,88,3606.73,817.489
Prelimbic area,PL,972,left,all,15470,3991.49,838.773,15470,3991.49,838.773
Prelimbic area,PL,972,right,all,15773,4427.99,840.887,15773,4427.99,840.887
Prelimbic area/ layer 1,PL1,171,left,all,1244,5463.74,827.308,1244,5463.74,827.308
Prelimbic area/ layer 1,PL1,171,right,all,1505,8521.78,1064.14,1505,8521.78,1064.14
Prelimbic area/ layer 2/3,PL2/3,304,left,all,2508,3759.7,815.31,2508,3759.7,815.31
Prelimbic area/ layer 2/3,PL2/3,304,right,all,3325,4047.05,819.742,3325,4047.05,819.742
Prelimbic area/ layer 5,PL5,363,left,all,8365,4079.87,859.218,8365,4079.87,859.218
Prelimbic area/ layer 5,PL5,363,right,all,7897,4283.73,845.539,7897,4283.73,845.539
Prelimbic area/ layer 6a,PL6a,84,left,all,3309,3391.82,809.944,3309,3391.82,809.944
Prelimbic area/ layer 6a,PL6a,84,right,all,3027,3195.57,742.261,3027,3195.57,742.261
Prelimbic area/ layer 6b,PL6b,132,left,all,44,3876.41,781.591,44,3876.41,781.591
Prelimbic area/ layer 6b,PL6b,132,right,all,19,3122.9,636.789,19,3122.9,636.789
Infralimbic area,ILA,44,left,all,3550,3785.9,812.675,3550,3785.9,812.675
Infralimbic area,ILA,44,right,all,2969,2867.31,727.441,2969,2867.31,727.441
Infralimbic area/ layer 1,ILA1,707,left,all,388,10835.6,1182.29,388,10835.6,1182.29
Infralimbic area/ layer 1,ILA1,707,right,all,128,4603.51,769.328,128,4603.51,769.328
Infralimbic area/ layer 2/3,ILA2/3,556,left,all,204,2746.15,698.225,204,2746.15,698.225
Infralimbic area/ layer 2/3,ILA2/3,556,right,all,287,2576.57,667.763,287,2576.57,667.763
Infralimbic area/ layer 5,ILA5,827,left,all,1722,2871.61,761.491,1722,2871.61,761.491
Infralimbic area/ layer 5,ILA5,827,right,all,1516,2747.61,727.503,1516,2747.61,727.503
Infralimbic area/ layer 6a,ILA6a,1054,left,all,1220,3010.6,787.565,1220,3010.6,787.565
Infralimbic area/ layer 6a,ILA6a,1054,right,all,1033,2909.34,739.118,1033,2909.34,739.118
Infralimbic area/ layer 6b,ILA6b,1081,left,all,16,3604.69,732.188,16,3604.69,732.188
Infralimbic area/ layer 6b,ILA6b,1081,right,all,5,2718.62,649.4,5,2718.62,649.4
Orbital area,ORB,714,left,all,49675,4751.41,956.381,49675,4751.41,956.381
Orbital area,ORB,714,right,all,42244,4104.85,849.812,42244,4104.85,849.812
Orbital area/ lateral part,ORBl,723,left,all,24093,5171.28,1021.96,24093,5171.28,1021.96
Orbital area/ lateral part,ORBl,723,right,all,18934,4408.15,884.694,18934,4408.15,884.694
Orbital area/ lateral part/ layer 1,ORBl1,448,left,all,2495,8813.47,1335.13,2495,8813.47,1335.13
Orbital area/ lateral part/ layer 1,ORBl1,448,right,all,2261,6799.91,1091.91,2261,6799.91,1091.91
Orbital area/ lateral part/ layer 2/3,ORBl2/3,412,left,all,5830,4757.63,1014.37,5830,4757.63,1014.37
Orbital area/ lateral part/ layer 2/3,ORBl2/3,412,right,all,4577,4064.94,887.825,4577,4064.94,887.825
Orbital area/ lateral part/ layer 5,ORBl5,630,left,all,12031,5057.79,1014.92,12031,5057.79,1014.92
Orbital area/ lateral part/ layer 5,ORBl5,630,right,all,9333,4324.01,877.874,9333,4324.01,877.874
Orbital area/ lateral part/ layer 6a,ORBl6a,440,left,all,3604,3771.84,850.421,3604,3771.84,850.421
Orbital area/ lateral part/ layer 6a,ORBl6a,440,right,all,2696,3313.02,734.669,2696,3313.02,734.669
Orbital area/ lateral part/ layer 6b,ORBl6b,488,left,all,133,3165.32,765.414,133,3165.32,765.414
Orbital area/ lateral part/ layer 6b,ORBl6b,488,right,all,67,2926.44,664.881,67,2926.44,664.881
Orbital area/ medial part,ORBm,731,left,all,9981,4613.48,885.434,9981,4613.48,885.434
Orbital area/ medial part,ORBm,731,right,all,9954,3677.75,798.814,9954,3677.75,798.814
Orbital area/ medial part/ layer 1,ORBm1,484,left,all,1884,8718.19,1082.52,1884,8718.19,1082.52
Orbital area/ medial part/ layer 1,ORBm1,484,right,all,2428,3934.57,792.042,2428,3934.57,792.042
Orbital area/ medial part/ layer 2/3,ORBm2/3,582,left,all,2576,3663.43,836.918,2576,3663.43,836.918
Orbital area/ medial part/ layer 2/3,ORBm2/3,582,right,all,2802,3643.93,811.326,2802,3643.93,811.326
Orbital area/ medial part/ layer 5,ORBm5,620,left,all,4280,3843.18,861.45,4280,3843.18,861.45
Orbital area/ medial part/ layer 5,ORBm5,620,right,all,3531,3768.76,821.269,3531,3768.76,821.269
Orbital area/ medial part/ layer 6a,ORBm6a,910,left,all,1226,3008.15,770.252,1226,3008.15,770.252
Orbital area/ medial part/ layer 6a,ORBm6a,910,right,all,1187,2964.09,716.81,1187,2964.09,716.81
Orbital area/ medial part/ layer 6b,ORBm6b,527696977,left,all,15,3221.7,720.4,15,3221.7,720.4
Orbital area/ medial part/ layer 6b,ORBm6b,527696977,right,all,6,3181.1,704,6,3181.1,704
Orbital area/ ventrolateral part,ORBvl,746,left,all,15601,4191.25,900.493,15601,4191.25,900.493
Orbital area/ ventrolateral part,ORBvl,746,right,all,13356,3993.18,838.37,13356,3993.18,838.37
Orbital area/ ventrolateral part/ layer 1,ORBvl1,969,left,all,3412,4407.23,920.896,3412,4407.23,920.896
Orbital area/ ventrolateral part/ layer 1,ORBvl1,969,right,all,2784,3902.38,831.286,2784,3902.38,831.286
Orbital area/ ventrolateral part/ layer 2/3,ORBvl2/3,288,left,all,4646,4146.72,900.689,4646,4146.72,900.689
Orbital area/ ventrolateral part/ layer 2/3,ORBvl2/3,288,right,all,3772,4280.48,864.76,3772,4280.48,864.76
Orbital area/ ventrolateral part/ layer 5,ORBvl5,1125,left,all,5902,4321.87,920.602,5902,4321.87,920.602
Orbital area/ ventrolateral part/ layer 5,ORBvl5,1125,right,all,5470,4047.47,851.3,5470,4047.47,851.3
Orbital area/ ventrolateral part/ layer 6a,ORBvl6a,608,left,all,1615,3396.16,785.733,1615,3396.16,785.733
Orbital area/ ventrolateral part/ layer 6a,ORBvl6a,608,right,all,1320,3137.16,725.054,1320,3137.16,725.054
Orbital area/ ventrolateral part/ layer 6b,ORBvl6b,680,left,all,26,3543.11,751.385,26,3543.11,751.385
Orbital area/ ventrolateral part/ layer 6b,ORBvl6b,680,right,all,10,4202.35,741.7,10,4202.35,741.7
Agranular insular area,AI,95,left,all,69400,5908.65,1019.44,69400,5908.65,1019.44
Agranular insular area,AI,95,right,all,52384,4523.1,829.678,52384,4523.1,829.678
Agranular insular area/ dorsal part,AId,104,left,all,34756,5584.47,997.684,34756,5584.47,997.684
Agranular insular area/ dorsal part,AId,104,right,all,26470,4291.88,811.248,26470,4291.88,811.248
Agranular insular area/ dorsal part/ layer 1,AId1,996,left,all,2008,4908.18,883.839,2008,4908.18,883.839
Agranular insular area/ dorsal part/ layer 1,AId1,996,right,all,1370,4105.55,763.22,1370,4105.55,763.22
Agranular insular area/ dorsal part/ layer 2/3,AId2/3,328,left,all,9313,5266.23,973.672,9313,5266.23,973.672
Agranular insular area/ dorsal part/ layer 2/3,AId2/3,328,right,all,7289,3956.19,782.526,7289,3956.19,782.526
Agranular insular area/ dorsal part/ layer 5,AId5,1101,left,all,15905,6130,1036.59,15905,6130,1036.59
Agranular insular area/ dorsal part/ layer 5,AId5,1101,right,all,12081,4676.26,842.608,12081,4676.26,842.608
Agranular insular area/ dorsal part/ layer 6a,AId6a,783,left,all,7305,5048.96,977.129,7305,5048.96,977.129
Agranular insular area/ dorsal part/ layer 6a,AId6a,783,right,all,5552,3973.09,792.506,5552,3973.09,792.506
Agranular insular area/ dorsal part/ layer 6b,AId6b,831,left,all,225,3615.67,925.058,225,3615.67,925.058
Agranular insular area/ dorsal part/ layer 6b,AId6b,831,right,all,178,3327.25,813.236,178,3327.25,813.236
Agranular insular area/ posterior part,AIp,111,left,all,20445,6287.76,1034.55,20445,6287.76,1034.55
Agranular insular area/ posterior part,AIp,111,right,all,14221,4822.28,850.029,14221,4822.28,850.029
Agranular insular area/ posterior part/ layer 1,AIp1,120,left,all,2313,4276.84,885.838,2313,4276.84,885.838
Agranular insular area/ posterior part/ layer 1,AIp1,120,right,all,1438,3789.75,772.268,1438,3789.75,772.268
Agranular insular area/ posterior part/ layer 2/3,AIp2/3,163,left,all,7594,6785.72,1095.02,7594,6785.72,1095.02
Agranular insular area/ posterior part/ layer 2/3,AIp2/3,163,right,all,5869,5010.53,879.624,5869,5010.53,879.624
Agranular insular area/ posterior part/ layer 5,AIp5,344,left,all,5853,6904.03,1051.2,5853,6904.03,1051.2
Agranular insular area/ posterior part/ layer 5,AIp5,344,right,all,4123,5164.66,851.057,4123,5164.66,851.057
Agranular insular area/ posterior part/ layer 6a,AIp6a,314,left,all,4608,5709.47,990.632,4608,5709.47,990.632
Agranular insular area/ posterior part/ layer 6a,AIp6a,314,right,all,2712,4489.63,829.314,2712,4489.63,829.314
Agranular insular area/ posterior part/ layer 6b,AIp6b,355,left,all,77,5346.45,899.688,77,5346.45,899.688
Agranular insular area/ posterior part/ layer 6b,AIp6b,355,right,all,79,3182.49,724.266,79,3182.49,724.266
Agranular insular area/ ventral part,AIv,119,left,all,14199,6156.28,1050.94,14199,6156.28,1050.94
Agranular insular area/ ventral part,AIv,119,right,all,11693,4682.68,846.647,11693,4682.68,846.647
Agranular insular area/ ventral part/ layer 1,AIv1,704,left,all,1301,8484.28,1221.58,1301,8484.28,1221.58
Agranular insular area/ ventral part/ layer 1,AIv1,704,right,all,917,10016.3,1261.56,917,10016.3,1261.56
Agranular insular area/ ventral part/ layer 2/3,AIv2/3,694,left,all,4624,5728.35,1011.8,4624,5728.35,1011.8
Agranular insular area/ ventral part/ layer 2/3,AIv2/3,694,right,all,4070,4208.76,800.355,4070,4208.76,800.355
Agranular insular area/ ventral part/ layer 5,AIv5,800,left,all,6843,6092.98,1044.39,6843,6092.98,1044.39
Agranular insular area/ ventral part/ layer 5,AIv5,800,right,all,5648,4265.58,816.79,5648,4265.58,816.79
Agranular insular area/ ventral part/ layer 6a,AIv6a,675,left,all,1418,5747.07,1055.94,1418,5747.07,1055.94
Agranular insular area/ ventral part/ layer 6a,AIv6a,675,right,all,1052,4111.66,825,1052,4111.66,825
Agranular insular area/ ventral part/ layer 6b,AIv6b,699,left,all,13,3339.32,799.769,13,3339.32,799.769
Agranular insular area/ ventral part/ layer 6b,AIv6b,699,right,all,6,3754.15,737.5,6,3754.15,737.5
Retrosplenial area,RSP,254,left,all,55383,4444.24,936.767,55383,4444.24,936.767
Retrosplenial area,RSP,254,right,all,41871,4455.95,913.989,41871,4455.95,913.989
Retrosplenial area/ lateral agranular part,RSPagl,894,left,all,5108,4088.23,849.885,5108,4088.23,849.885
Retrosplenial area/ lateral agranular part,RSPagl,894,right,all,3141,3894.24,773.325,3141,3894.24,773.325
Retrosplenial area/ lateral agranular part/ layer 1,RSPagl1,671,left,all,265,3412.56,684.728,265,3412.56,684.728
Retrosplenial area/ lateral agranular part/ layer 1,RSPagl1,671,right,all,160,3455.33,616.569,160,3455.33,616.569
Retrosplenial area/ lateral agranular part/ layer 2/3,RSPagl2/3,965,left,all,672,3577.87,818.336,672,3577.87,818.336
Retrosplenial area/ lateral agranular part/ layer 2/3,RSPagl2/3,965,right,all,445,3280.5,709.56,445,3280.5,709.56
Retrosplenial area/ lateral agranular part/ layer 5,RSPagl5,774,left,all,848,4679.02,932.091,848,4679.02,932.091
Retrosplenial area/ lateral agranular part/ layer 5,RSPagl5,774,right,all,598,4022.65,811.487,598,4022.65,811.487
Retrosplenial area/ lateral agranular part/ layer 6a,RSPagl6a,906,left,all,2892,4115.79,855.959,2892,4115.79,855.959
Retrosplenial area/ lateral agranular part/ layer 6a,RSPagl6a,906,right,all,1659,3997.52,795.442,1659,3997.52,795.442
Retrosplenial area/ lateral agranular part/ layer 6b,RSPagl6b,279,left,all,431,3952.12,798.118,431,3952.12,798.118
Retrosplenial area/ lateral agranular part/ layer 6b,RSPagl6b,279,right,all,279,4235.47,751.616,279,4235.47,751.616
Retrosplenial area/ dorsal part,RSPd,879,left,all,8616,4147.31,888.633,8616,4147.31,888.633
Retrosplenial area/ dorsal part,RSPd,879,right,all,5041,4051.23,795.06,5041,4051.23,795.06
Retrosplenial area/ dorsal part/ layer 1,RSPd1,442,left,all,878,3632.03,808.025,878,3632.03,808.025
Retrosplenial area/ dorsal part/ layer 1,RSPd1,442,right,all,484,3441.3,700.99,484,3441.3,700.99
Retrosplenial area/ dorsal part/ layer 2/3,RSPd2/3,434,left,all,1156,3678.85,862.771,1156,3678.85,862.771
Retrosplenial area/ dorsal part/ layer 2/3,RSPd2/3,434,right,all,586,3480.67,742.22,586,3480.67,742.22
Retrosplenial area/ dorsal part/ layer 4,RSPd4,545,left,all,0,0,0,0,0,0
Retrosplenial area/ dorsal part/ layer 4,RSPd4,545,right,all,0,0,0,0,0,0
Retrosplenial area/ dorsal part/ layer 5,RSPd5,610,left,all,2358,4371.16,935.141,2358,4371.16,935.141
Retrosplenial area/ dorsal part/ layer 5,RSPd5,610,right,all,1457,4033.52,803.981,1457,4033.52,803.981
Retrosplenial area/ dorsal part/ layer 6a,RSPd6a,274,left,all,3902,4285.03,891.913,3902,4285.03,891.913
Retrosplenial area/ dorsal part/ layer 6a,RSPd6a,274,right,all,2330,4342.75,822.526,2330,4342.75,822.526
Retrosplenial area/ dorsal part/ layer 6b,RSPd6b,330,left,all,322,3925.88,820.957,322,3925.88,820.957
Retrosplenial area/ dorsal part/ layer 6b,RSPd6b,330,right,all,184,3921.52,792.348,184,3921.52,792.348
Retrosplenial area/ ventral part,RSPv,886,left,all,41659,4549.3,957.375,41659,4549.3,957.375
Retrosplenial area/ ventral part,RSPv,886,right,all,33689,4568.88,944.899,33689,4568.88,944.899
Retrosplenial area/ ventral part/ layer 1,RSPv1,542,left,all,5097,4158.15,922.022,5097,4158.15,922.022
Retrosplenial area/ ventral part/ layer 1,RSPv1,542,right,all,4617,4058.84,921.413,4617,4058.84,921.413
Retrosplenial area/ ventral part/ layer 2/3,RSPv2/3,430,left,all,8168,4299.69,957.967,8168,4299.69,957.967
Retrosplenial area/ ventral part/ layer 2/3,RSPv2/3,430,right,all,7218,4693.64,975.182,7218,4693.64,975.182
Retrosplenial area/ ventral part/ layer 5,RSPv5,687,left,all,19427,4924.19,992.5,19427,4924.19,992.5
Retrosplenial area/ ventral part/ layer 5,RSPv5,687,right,all,14894,4825.11,975.057,14894,4825.11,975.057
Retrosplenial area/ ventral part/ layer 6a,RSPv6a,590,left,all,8214,4217.68,904.228,8214,4217.68,904.228
Retrosplenial area/ ventral part/ layer 6a,RSPv6a,590,right,all,6357,4222.26,867.155,6357,4222.26,867.155
Retrosplenial area/ ventral part/ layer 6b,RSPv6b,622,left,all,753,3850.25,863.829,753,3850.25,863.829
Retrosplenial area/ ventral part/ layer 6b,RSPv6b,622,right,all,603,4305.82,836.944,603,4305.82,836.944
Posterior parietal association areas,PTLp,22,left,all,13357,5427.7,972.129,13357,5427.7,972.129
Posterior parietal association areas,PTLp,22,right,all,8030,4339.8,817.243,8030,4339.8,817.243
Anterior area,VISa,312782546,left,all,4801,4422.2,845.623,4801,4422.2,845.623
Anterior area,VISa,312782546,right,all,2580,3638.64,710.09,2580,3638.64,710.09
Anterior area/ layer 1,VISa1,312782550,left,all,0,0,0,0,0,0
Anterior area/ layer 1,VISa1,312782550,right,all,0,0,0,0,0,0
Anterior area/ layer 2/3,VISa2/3,312782554,left,all,0,0,0,0,0,0
Anterior area/ layer 2/3,VISa2/3,312782554,right,all,0,0,0,0,0,0
Anterior area/ layer 4,VISa4,312782558,left,all,19,2667.14,518.579,19,2667.14,518.579
Anterior area/ layer 4,VISa4,312782558,right,all,0,0,0,0,0,0
Anterior area/ layer 5,VISa5,312782562,left,all,1327,3665.38,772.022,1327,3665.38,772.022
Anterior area/ layer 5,VISa5,312782562,right,all,455,3553.06,701.253,455,3553.06,701.253
Anterior area/ layer 6a,VISa6a,312782566,left,all,2837,4559.89,862.933,2837,4559.89,862.933
Anterior area/ layer 6a,VISa6a,312782566,right,all,1682,3542.61,701.995,1682,3542.61,701.995
Anterior area/ layer 6b,VISa6b,312782570,left,all,618,5469.14,934.257,618,5469.14,934.257
Anterior area/ layer 6b,VISa6b,312782570,right,all,443,4091.18,749.901,443,4091.18,749.901
Rostrolateral visual area,VISrl,417,left,all,8556,5991.91,1043.12,8556,5991.91,1043.12
Rostrolateral visual area,VISrl,417,right,all,5450,4671.72,867.969,5450,4671.72,867.969
Rostrolateral area/ layer 1,VISrl1,312782604,left,all,18,2915.69,662.611,18,2915.69,662.611
Rostrolateral area/ layer 1,VISrl1,312782604,right,all,0,0,0,0,0,0
Rostrolateral area/ layer 2/3,VISrl2/3,312782608,left,all,1062,5035.4,929.984,1062,5035.4,929.984
Rostrolateral area/ layer 2/3,VISrl2/3,312782608,right,all,319,3621.18,718.661,319,3621.18,718.661
Rostrolateral area/ layer 4,VISrl4,312782612,left,all,1654,5165.01,976.322,1654,5165.01,976.322
Rostrolateral area/ layer 4,VISrl4,312782612,right,all,791,3599.91,787.765,791,3599.91,787.765
Rostrolateral area/ layer 5,VISrl5,312782616,left,all,3427,6576.27,1104.51,3427,6576.27,1104.51
Rostrolateral area/ layer 5,VISrl5,312782616,right,all,2365,4907.36,896.37,2365,4907.36,896.37
Rostrolateral area/ layer 6a,VISrl6a,312782620,left,all,2059,6310.33,1067.92,2059,6310.33,1067.92
Rostrolateral area/ layer 6a,VISrl6a,312782620,right,all,1656,5148.66,906.052,1656,5148.66,906.052
Rostrolateral area/ layer 6b,VISrl6b,312782624,left,all,336,5339.14,971.637,336,5339.14,971.637
Rostrolateral area/ layer 6b,VISrl6b,312782624,right,all,319,4157.01,807.893,319,4157.01,807.893
Temporal association areas,TEa,541,left,all,31639,5589.7,970.223,31639,5589.7,970.223
Temporal association areas,TEa,541,right,all,24023,4646.15,846.215,24023,4646.15,846.215
Temporal association areas/ layer 1,TEa1,97,left,all,1859,3745.95,716.714,1859,3745.95,716.714
Temporal association areas/ layer 1,TEa1,97,right,all,2774,3553.4,703.756,2774,3553.4,703.756
Temporal association areas/ layer 2/3,TEa2/3,1127,left,all,7201,4595.7,875.049,7201,4595.7,875.049
Temporal association areas/ layer 2/3,TEa2/3,1127,right,all,6187,3850.88,773.137,6187,3850.88,773.137
Temporal association areas/ layer 4,TEa4,234,left,all,3520,5442.09,952.537,3520,5442.09,952.537
Temporal association areas/ layer 4,TEa4,234,right,all,2827,5552.14,933.167,2827,5552.14,933.167
Temporal association areas/ layer 5,TEa5,289,left,all,11702,6269.17,1030.01,11702,6269.17,1030.01
Temporal association areas/ layer 5,TEa5,289,right,all,9385,5046.93,899.204,9385,5046.93,899.204
Temporal association areas/ layer 6a,TEa6a,729,left,all,6920,6043.92,1042.79,6920,6043.92,1042.79
Temporal association areas/ layer 6a,TEa6a,729,right,all,2502,5112.14,869.351,2502,5112.14,869.351
Temporal association areas/ layer 6b,TEa6b,786,left,all,437,5613.77,1009.43,437,5613.77,1009.43
Temporal association areas/ layer 6b,TEa6b,786,right,all,348,5977.31,979.261,348,5977.31,979.261
Perirhinal area,PERI,922,left,all,7219,12295.9,1382.87,7219,12295.9,1382.87
Perirhinal area,PERI,922,right,all,4542,5869.8,915.198,4542,5869.8,915.198
Perirhinal area/ layer 1,PERI1,540,left,all,1380,17423.8,1659.56,1380,17423.8,1659.56
Perirhinal area/ layer 1,PERI1,540,right,all,870,5547.39,830.578,870,5547.39,830.578
Perirhinal area/ layer 2/3,PERI2/3,888,left,all,3386,13230.7,1435.73,3386,13230.7,1435.73
Perirhinal area/ layer 2/3,PERI2/3,888,right,all,2195,5960.37,931.986,2195,5960.37,931.986
Perirhinal area/ layer 5,PERI5,692,left,all,1566,8679.29,1168.43,1566,8679.29,1168.43
Perirhinal area/ layer 5,PERI5,692,right,all,1219,5962.77,941.565,1219,5962.77,941.565
Perirhinal area/ layer 6a,PERI6a,335,left,all,759,7039.08,1117.98,759,7039.08,1117.98
Perirhinal area/ layer 6a,PERI6a,335,right,all,205,5966.28,931.332,205,5966.28,931.332
Perirhinal area/ layer 6b,PERI6b,368,left,all,128,7698.41,1195.46,128,7698.41,1195.46
Perirhinal area/ layer 6b,PERI6b,368,right,all,53,4899.75,940.113,53,4899.75,940.113
Ectorhinal area,ECT,895,left,all,14756,6323.93,993.237,14756,6323.93,993.237
Ectorhinal area,ECT,895,right,all,11712,4801.31,830.959,11712,4801.31,830.959
Ectorhinal area/Layer 1,ECT1,836,left,all,846,4436.27,764.684,846,4436.27,764.684
Ectorhinal area/Layer 1,ECT1,836,right,all,1173,3688.28,697.972,1173,3688.28,697.972
Ectorhinal area/Layer 2/3,ECT2/3,427,left,all,3887,5716.99,936.481,3887,5716.99,936.481
Ectorhinal area/Layer 2/3,ECT2/3,427,right,all,3468,4313.71,782.281,3468,4313.71,782.281
Ectorhinal area/Layer 5,ECT5,988,left,all,5484,6999.38,1039.23,5484,6999.38,1039.23
Ectorhinal area/Layer 5,ECT5,988,right,all,4894,5274.68,894.988,4894,5274.68,894.988
Ectorhinal area/Layer 6a,ECT6a,977,left,all,4214,6477.77,1035.75,4214,6477.77,1035.75
Ectorhinal area/Layer 6a,ECT6a,977,right,all,1969,5142.04,836,1969,5142.04,836
Ectorhinal area/Layer 6b,ECT6b,1045,left,all,325,5104.68,939.766,325,5104.68,939.766
Ectorhinal area/Layer 6b,ECT6b,1045,right,all,208,4844.8,838.298,208,4844.8,838.298
Olfactory areas,OLF,698,left,all,220402,5488.27,1011.35,220402,5488.27,1011.35
Olfactory areas,OLF,698,right,all,185169,4956.09,906.645,185169,4956.09,906.645
Main olfactory bulb,MOB,507,left,all,84342,5748.04,1044.65,84342,5748.04,1044.65
Main olfactory bulb,MOB,507,right,all,60932,5472.97,969.694,60932,5472.97,969.694
Accessory olfactory bulb,AOB,151,left,all,3086,5696.75,970.329,3086,5696.75,970.329
Accessory olfactory bulb,AOB,151,right,all,1657,6119.17,932.407,1657,6119.17,932.407
Accessory olfactory bulb/ glomerular layer,AOBgl,188,left,all,585,5674.83,940.885,585,5674.83,940.885
Accessory olfactory bulb/ glomerular layer,AOBgl,188,right,all,409,5074.53,853.795,409,5074.53,853.795
Accessory olfactory bulb/ granular layer,AOBgr,196,left,all,969,4534.22,935.822,969,4534.22,935.822
Accessory olfactory bulb/ granular layer,AOBgr,196,right,all,916,4667.54,863.148,916,4667.54,863.148
Accessory olfactory bulb/ mitral layer,AOBmi,204,left,all,1532,6440.44,1003.4,1532,6440.44,1003.4
Accessory olfactory bulb/ mitral layer,AOBmi,204,right,all,332,11411.2,1220.34,332,11411.2,1220.34
Anterior olfactory nucleus,AON,159,left,all,31914,3675.03,832.078,31914,3675.03,832.078
Anterior olfactory nucleus,AON,159,right,all,26399,3933.92,802.361,26399,3933.92,802.361
Taenia tecta,TT,589,left,all,4692,5489.81,952.192,4692,5489.81,952.192
Taenia tecta,TT,589,right,all,5328,4592.67,863.239,5328,4592.67,863.239
Taenia tecta/ dorsal part,TTd,597,left,all,3493,5043.82,922.746,3493,5043.82,922.746
Taenia tecta/ dorsal part,TTd,597,right,all,3395,3563.94,788.904,3395,3563.94,788.904
Taenia tecta/ ventral part,TTv,605,left,all,1199,6789.12,1037.98,1199,6789.12,1037.98
Taenia tecta/ ventral part,TTv,605,right,all,1933,6399.46,993.797,1933,6399.46,993.797
Dorsal peduncular area,DP,814,left,all,2780,3803.35,846.31,2780,3803.35,846.31
Dorsal peduncular area,DP,814,right,all,2520,3683.59,803.037,2520,3683.59,803.037
Piriform area,PIR,961,left,all,68159,5957.67,1067.17,68159,5957.67,1067.17
Piriform area,PIR,961,right,all,65518,4870.29,903.014,65518,4870.29,903.014
Nucleus of the lateral olfactory tract,NLOT,619,left,all,81,3280.22,860.21,81,3280.22,860.21
Nucleus of the lateral olfactory tract,NLOT,619,right,all,108,3721.52,765.509,108,3721.52,765.509
Nucleus of the lateral olfactory tract/ molecular layer,NLOT1,260,left,all,0,0,0,0,0,0
Nucleus of the lateral olfactory tract/ molecular layer,NLOT1,260,right,all,0,0,0,0,0,0
Nucleus of the lateral olfactory tract/ pyramidal layer,NLOT2,268,left,all,0,0,0,0,0,0
Nucleus of the lateral olfactory tract/ pyramidal layer,NLOT2,268,right,all,0,0,0,0,0,0
Nucleus of the lateral olfactory tract/ layer 3,NLOT3,1139,left,all,81,3280.22,860.21,81,3280.22,860.21
Nucleus of the lateral olfactory tract/ layer 3,NLOT3,1139,right,all,108,3721.52,765.509,108,3721.52,765.509
Cortical amygdalar area,COA,631,left,all,1957,3528.71,887.929,1957,3528.71,887.929
Cortical amygdalar area,COA,631,right,all,2694,3156.27,738.676,2694,3156.27,738.676
Cortical amygdalar area/ anterior part,COAa,639,left,all,0,0,0,0,0,0
Cortical amygdalar area/ anterior part,COAa,639,right,all,0,0,0,0,0,0
Cortical amygdalar area/ posterior part,COAp,647,left,all,1957,3528.71,887.929,1957,3528.71,887.929
Cortical amygdalar area/ posterior part,COAp,647,right,all,2694,3156.27,738.676,2694,3156.27,738.676
Cortical amygdalar area/ posterior part/ lateral zone,COApl,655,left,all,1146,3656.64,905.945,1146,3656.64,905.945
Cortical amygdalar area/ posterior part/ lateral zone,COApl,655,right,all,1308,3269.52,758.122,1308,3269.52,758.122
Cortical amygdalar area/ posterior part/ medial zone,COApm,663,left,all,811,3347.93,862.471,811,3347.93,862.471
Cortical amygdalar area/ posterior part/ medial zone,COApm,663,right,all,1386,3049.38,720.325,1386,3049.38,720.325
Piriform-amygdalar area,PAA,788,left,all,107,3054.2,833,107,3054.2,833
Piriform-amygdalar area,PAA,788,right,all,245,3360.76,820.89,245,3360.76,820.89
Postpiriform transition area,TR,566,left,all,5458,5253.78,972.445,5458,5253.78,972.445
Postpiriform transition area,TR,566,right,all,6064,4183.63,828.108,6064,4183.63,828.108
Hippocampal formation,HPF,1089,left,all,285801,5693.74,1076.82,285801,5693.74,1076.82
Hippocampal formation,HPF,1089,right,all,207864,5105.7,934.196,207864,5105.7,934.196
Hippocampal region,HIP,1080,left,all,128910,5035.67,1088.83,128910,5035.67,1088.83
Hippocampal region,HIP,1080,right,all,85043,4674.81,975.182,85043,4674.81,975.182
Ammon's horn,CA,375,left,all,100870,5293.85,1109.82,100870,5293.85,1109.82
Ammon's horn,CA,375,right,all,65386,4799.38,988.112,65386,4799.38,988.112
Field CA1,CA1,382,left,all,59464,4929.64,1053.3,59464,4929.64,1053.3
Field CA1,CA1,382,right,all,35216,4405.63,916.432,35216,4405.63,916.432
Field CA2,CA2,423,left,all,2708,7199.67,1266.52,2708,7199.67,1266.52
Field CA2,CA2,423,right,all,1767,6307.02,1120.09,1767,6307.02,1120.09
Field CA3,CA3,463,left,all,38698,5720.13,1185.72,38698,5720.13,1185.72
Field CA3,CA3,463,right,all,28403,5193.78,1068.78,28403,5193.78,1068.78
Dentate gyrus,DG,726,left,all,27602,4118.94,1016.19,27602,4118.94,1016.19
Dentate gyrus,DG,726,right,all,19250,4275.91,935.097,19250,4275.91,935.097
Dentate gyrus/ molecular layer,DG-mo,10703,left,all,14335,3730.21,972.971,14335,3730.21,972.971
Dentate gyrus/ molecular layer,DG-mo,10703,right,all,10993,4156.4,912.245,10993,4156.4,912.245
Dentate gyrus/ polymorph layer,DG-po,10704,left,all,4789,5471.15,1109.79,4789,5471.15,1109.79
Dentate gyrus/ polymorph layer,DG-po,10704,right,all,3323,4854.25,989.8,3323,4854.25,989.8
Dentate gyrus/ granule cell layer,DG-sg,632,left,all,8478,4012.4,1036.39,8478,4012.4,1036.39
Dentate gyrus/ granule cell layer,DG-sg,632,right,all,4934,4152.67,949.17,4934,4152.67,949.17
Fasciola cinerea,FC,982,left,all,242,3332.49,817.934,242,3332.49,817.934
Fasciola cinerea,FC,982,right,all,195,3872.23,786.882,195,3872.23,786.882
Induseum griseum,IG,19,left,all,196,3370.76,850.643,196,3370.76,850.643
Induseum griseum,IG,19,right,all,212,3212.37,799.962,212,3212.37,799.962
Retrohippocampal region,RHP,822,left,all,155122,6254.25,1068.48,155122,6254.25,1068.48
Retrohippocampal region,RHP,822,right,all,121088,5408.28,906.072,121088,5408.28,906.072
Entorhinal area,ENT,909,left,all,94606,7149.99,1084.08,94606,7149.99,1084.08
Entorhinal area,ENT,909,right,all,78031,5983.27,907.159,78031,5983.27,907.159
Entorhinal area/ lateral part,ENTl,918,left,all,53891,7985.72,1123.29,53891,7985.72,1123.29
Entorhinal area/ lateral part,ENTl,918,right,all,42934,6747.79,947.277,42934,6747.79,947.277
Entorhinal area/ lateral part/ layer 1,ENTl1,1121,left,all,4982,5726.69,915.86,4982,5726.69,915.86
Entorhinal area/ lateral part/ layer 1,ENTl1,1121,right,all,4572,8502.95,996.914,4572,8502.95,996.914
Entorhinal area/ lateral part/ layer 2,ENTl2,20,left,all,15274,10559.9,1284.8,15274,10559.9,1284.8
Entorhinal area/ lateral part/ layer 2,ENTl2,20,right,all,13240,8490.23,1073.69,13240,8490.23,1073.69
Entorhinal area/ lateral part/ layer 3,ENTl3,52,left,all,12034,8431.4,1148.34,12034,8431.4,1148.34
Entorhinal area/ lateral part/ layer 3,ENTl3,52,right,all,7949,6271.19,939.238,7949,6271.19,939.238
Entorhinal area/ lateral part/ layer 5,ENTl5,139,left,all,11567,6970.39,1062.09,11567,6970.39,1062.09
Entorhinal area/ lateral part/ layer 5,ENTl5,139,right,all,9756,5329.12,846.564,9756,5329.12,846.564
Entorhinal area/ lateral part/ layer 6a,ENTl6a,28,left,all,10034,5824.91,1020.95,10034,5824.91,1020.95
Entorhinal area/ lateral part/ layer 6a,ENTl6a,28,right,all,7417,4932.28,832.105,7417,4932.28,832.105
Entorhinal area/ medial part/ dorsal zone,ENTm,926,left,all,40715,6043.8,1032.17,40715,6043.8,1032.17
Entorhinal area/ medial part/ dorsal zone,ENTm,926,right,all,35097,5048.05,858.083,35097,5048.05,858.083
Entorhinal area/ medial part/ dorsal zone/ layer 1,ENTm1,526,left,all,3914,4562.6,802.054,3914,4562.6,802.054
Entorhinal area/ medial part/ dorsal zone/ layer 1,ENTm1,526,right,all,4086,5294.5,849.03,4086,5294.5,849.03
Entorhinal area/ medial part/ dorsal zone/ layer 2,ENTm2,543,left,all,10407,8248.53,1185.53,10407,8248.53,1185.53
Entorhinal area/ medial part/ dorsal zone/ layer 2,ENTm2,543,right,all,10291,5837.84,928.551,10291,5837.84,928.551
Entorhinal area/ medial part/ dorsal zone/ layer 3,ENTm3,664,left,all,10276,6116.2,1046.81,10276,6116.2,1046.81
Entorhinal area/ medial part/ dorsal zone/ layer 3,ENTm3,664,right,all,7969,4728.87,834.53,7969,4728.87,834.53
Entorhinal area/ medial part/ dorsal zone/ layer 5,ENTm5,727,left,all,9057,5304.76,990.689,9057,5304.76,990.689
Entorhinal area/ medial part/ dorsal zone/ layer 5,ENTm5,727,right,all,7913,4677.59,824.955,7913,4677.59,824.955
Entorhinal area/ medial part/ dorsal zone/ layer 6,ENTm6,743,left,all,7061,4457.94,965.582,7061,4457.94,965.582
Entorhinal area/ medial part/ dorsal zone/ layer 6,ENTm6,743,right,all,4838,4291.59,808.817,4838,4291.59,808.817
Parasubiculum,PAR,843,left,all,8376,5298.54,1046.77,8376,5298.54,1046.77
Parasubiculum,PAR,843,right,all,6460,4580.25,884.036,6460,4580.25,884.036
Postsubiculum,POST,1037,left,all,10176,4067.15,959.478,10176,4067.15,959.478
Postsubiculum,POST,1037,right,all,6618,3477.33,843.893,6618,3477.33,843.893
Presubiculum,PRE,1084,left,all,6186,4320.16,992.984,6186,4320.16,992.984
Presubiculum,PRE,1084,right,all,4487,3882.32,860.595,4487,3882.32,860.595
Subiculum,SUB,502,left,all,19143,5008.52,1095.36,19143,5008.52,1095.36
Subiculum,SUB,502,right,all,14273,4760.36,950.999,14273,4760.36,950.999
Prosubiculum,ProS,484682470,left,all,10418,5738.05,1131.86,10418,5738.05,1131.86
Prosubiculum,ProS,484682470,right,all,6474,5072.25,976.24,6474,5072.25,976.24
Hippocampo-amygdalar transition area,HATA,589508447,left,all,3167,3740.79,928.562,3167,3740.79,928.562
Hippocampo-amygdalar transition area,HATA,589508447,right,all,2398,3285.28,809.759,2398,3285.28,809.759
Area prostriata,APr,484682508,left,all,3050,4505.78,921.145,3050,4505.78,921.145
Area prostriata,APr,484682508,right,all,2347,3968.87,824.509,2347,3968.87,824.509
Cortical subplate,CTXsp,703,left,all,59946,5028.85,962.084,59946,5028.85,962.084
Cortical subplate,CTXsp,703,right,all,45454,4036.31,798.69,45454,4036.31,798.69
Claustrum,CLA,583,left,all,5684,6357.95,1109.02,5684,6357.95,1109.02
Claustrum,CLA,583,right,all,3603,4287.44,864.109,3603,4287.44,864.109
Endopiriform nucleus,EP,942,left,all,19439,5909.55,1016.01,19439,5909.55,1016.01
Endopiriform nucleus,EP,942,right,all,14615,4624.23,844.997,14615,4624.23,844.997
Endopiriform nucleus/ dorsal part,EPd,952,left,all,12663,6063.6,1011.08,12663,6063.6,1011.08
Endopiriform nucleus/ dorsal part,EPd,952,right,all,9438,4642.34,844.63,9438,4642.34,844.63
Endopiriform nucleus/ ventral part,EPv,966,left,all,6776,5621.67,1025.22,6776,5621.67,1025.22
Endopiriform nucleus/ ventral part,EPv,966,right,all,5177,4591.22,845.665,5177,4591.22,845.665
Lateral amygdalar nucleus,LA,131,left,all,5928,4520.32,901.698,5928,4520.32,901.698
Lateral amygdalar nucleus,LA,131,right,all,3866,3666.11,742.084,3866,3666.11,742.084
Basolateral amygdalar nucleus,BLA,295,left,all,11749,4686.8,934.871,11749,4686.8,934.871
Basolateral amygdalar nucleus,BLA,295,right,all,9411,3969.82,785.706,9411,3969.82,785.706
Basolateral amygdalar nucleus/ anterior part,BLAa,303,left,all,5041,4624.03,926.624,5041,4624.03,926.624
Basolateral amygdalar nucleus/ anterior part,BLAa,303,right,all,3887,4081.3,796.512,3887,4081.3,796.512
Basolateral amygdalar nucleus/ posterior part,BLAp,311,left,all,4864,4911.43,912.743,4864,4911.43,912.743
Basolateral amygdalar nucleus/ posterior part,BLAp,311,right,all,4057,3927.49,785.412,4057,3927.49,785.412
Basolateral amygdalar nucleus/ ventral part,BLAv,451,left,all,1844,4265.89,1015.78,1844,4265.89,1015.78
Basolateral amygdalar nucleus/ ventral part,BLAv,451,right,all,1467,3791.54,757.887,1467,3791.54,757.887
Basomedial amygdalar nucleus,BMA,319,left,all,8750,3793.74,876.01,8750,3793.74,876.01
Basomedial amygdalar nucleus,BMA,319,right,all,7387,3426.19,751.342,7387,3426.19,751.342
Basomedial amygdalar nucleus/ anterior part,BMAa,327,left,all,3469,3675.61,923.65,3469,3675.61,923.65
Basomedial amygdalar nucleus/ anterior part,BMAa,327,right,all,3515,3432.56,776.127,3515,3432.56,776.127
Basomedial amygdalar nucleus/ posterior part,BMAp,334,left,all,5281,3871.33,844.716,5281,3871.33,844.716
Basomedial amygdalar nucleus/ posterior part,BMAp,334,right,all,3872,3420.41,728.843,3872,3420.41,728.843
Posterior amygdalar nucleus,PA,780,left,all,5876,3683.28,864.501,5876,3683.28,864.501
Posterior amygdalar nucleus,PA,780,right,all,4688,3255.26,729.537,4688,3255.26,729.537
Cerebral nuclei,CNU,623,left,all,267512,3646.5,1019.79,267512,3646.5,1019.79
Cerebral nuclei,CNU,623,right,all,186781,3565.44,908.838,186781,3565.44,908.838
Striatum,STR,477,left,all,223043,3505.08,1010.11,223043,3505.08,1010.11
Striatum,STR,477,right,all,145252,3342.29,885.169,145252,3342.29,885.169
Striatum dorsal region,STRd,485,left,all,154853,3405.36,1049.23,154853,3405.36,1049.23
Striatum dorsal region,STRd,485,right,all,91359,3230.22,910.338,91359,3230.22,910.338
Caudoputamen,CP,672,left,all,154853,3405.36,1049.23,154853,3405.36,1049.23
Caudoputamen,CP,672,right,all,91359,3230.22,910.338,91359,3230.22,910.338
Striatum ventral region,STRv,493,left,all,19201,3784.95,954.047,19201,3784.95,954.047
Striatum ventral region,STRv,493,right,all,13769,3610.04,876.279,13769,3610.04,876.279
Nucleus accumbens,ACB,56,left,all,15732,3428.85,920.135,15732,3428.85,920.135
Nucleus accumbens,ACB,56,right,all,10886,3282.93,846.816,10886,3282.93,846.816
Fundus of striatum,FS,998,left,all,3107,5654.21,1132.39,3107,5654.21,1132.39
Fundus of striatum,FS,998,right,all,2258,5227.21,1024.38,2258,5227.21,1024.38
Olfactory tubercle,OT,754,left,all,362,3216.56,897.113,362,3216.56,897.113
Olfactory tubercle,OT,754,right,all,625,3465.06,854.368,625,3465.06,854.368
Lateral septal complex,LSX,275,left,all,12549,2835.98,879.545,12549,2835.98,879.545
Lateral septal complex,LSX,275,right,all,10674,2805.8,845.374,10674,2805.8,845.374
Lateral septal nucleus,LS,242,left,all,11263,2841.13,875.818,11263,2841.13,875.818
Lateral septal nucleus,LS,242,right,all,9494,2807.67,840.329,9494,2807.67,840.329
Lateral septal nucleus/ caudal (caudodorsal) part,LSc,250,left,all,1242,2685.9,807.324,1242,2685.9,807.324
Lateral septal nucleus/ caudal (caudodorsal) part,LSc,250,right,all,1037,2585.18,754.268,1037,2585.18,754.268
Lateral septal nucleus/ rostral (rostroventral) part,LSr,258,left,all,7320,2804.69,870.272,7320,2804.69,870.272
Lateral septal nucleus/ rostral (rostroventral) part,LSr,258,right,all,6495,2808.42,841.245,6495,2808.42,841.245
Lateral septal nucleus/ ventral part,LSv,266,left,all,2701,3011.26,922.344,2701,3011.26,922.344
Lateral septal nucleus/ ventral part,LSv,266,right,all,1962,2922.75,882.782,1962,2922.75,882.782
Septofimbrial nucleus,SF,310,left,all,1176,2798.65,919.429,1176,2798.65,919.429
Septofimbrial nucleus,SF,310,right,all,1051,2829.21,895.686,1051,2829.21,895.686
Septohippocampal nucleus,SH,333,left,all,110,2708.26,834.736,110,2708.26,834.736
Septohippocampal nucleus,SH,333,right,all,129,2477.73,806.798,129,2477.73,806.798
Striatum-like amygdalar nuclei,sAMY,278,left,all,22882,3943.58,895.415,22882,3943.58,895.415
Striatum-like amygdalar nuclei,sAMY,278,right,all,18264,3643.08,791.648,18264,3643.08,791.648
Anterior amygdalar area,AAA,23,left,all,2803,4506.99,1070.47,2803,4506.99,1070.47
Anterior amygdalar area,AAA,23,right,all,2245,4418.53,992.22,2245,4418.53,992.22
Bed nucleus of the accessory olfactory tract,BA,292,left,all,0,0,0,0,0,0
Bed nucleus of the accessory olfactory tract,BA,292,right,all,0,0,0,0,0,0
Central amygdalar nucleus,CEA,536,left,all,9594,4166.33,922.104,9594,4166.33,922.104
Central amygdalar nucleus,CEA,536,right,all,7991,3855.04,793.087,7991,3855.04,793.087
Central amygdalar nucleus/ capsular part,CEAc,544,left,all,2023,3893.37,888.288,2023,3893.37,888.288
Central amygdalar nucleus/ capsular part,CEAc,544,right,all,1452,3274.49,735.905,1452,3274.49,735.905
Central amygdalar nucleus/ lateral part,CEAl,551,left,all,1763,4072.13,926.15,1763,4072.13,926.15
Central amygdalar nucleus/ lateral part,CEAl,551,right,all,1804,4110.4,798.501,1804,4110.4,798.501
Central amygdalar nucleus/ medial part,CEAm,559,left,all,5808,4290.01,932.654,5808,4290.01,932.654
Central amygdalar nucleus/ medial part,CEAm,559,right,all,4735,3935.77,808.56,4735,3935.77,808.56
Intercalated amygdalar nucleus,IA,1105,left,all,1525,4260.71,876.809,1525,4260.71,876.809
Intercalated amygdalar nucleus,IA,1105,right,all,1277,3404,725.493,1277,3404,725.493
Medial amygdalar nucleus,MEA,403,left,all,8960,3474.85,815.239,8960,3474.85,815.239
Medial amygdalar nucleus,MEA,403,right,all,6751,3179.54,735.759,6751,3179.54,735.759
Pallidum,PAL,803,left,all,44469,4355.84,1068.33,44469,4355.84,1068.33
Pallidum,PAL,803,right,all,41529,4345.95,991.626,41529,4345.95,991.626
Pallidum/ dorsal region,PALd,818,left,all,9186,4702.72,1085.66,9186,4702.72,1085.66
Pallidum/ dorsal region,PALd,818,right,all,6940,4763.42,968.011,6940,4763.42,968.011
Globus pallidus/ external segment,GPe,1022,left,all,7484,4816.81,1121.42,7484,4816.81,1121.42
Globus pallidus/ external segment,GPe,1022,right,all,5399,4966.09,996.251,5399,4966.09,996.251
Globus pallidus/ internal segment,GPi,1031,left,all,1702,4201.05,928.418,1702,4201.05,928.418
Globus pallidus/ internal segment,GPi,1031,right,all,1541,4053.36,869.071,1541,4053.36,869.071
Pallidum/ ventral region,PALv,835,left,all,16174,4723.29,1104.04,16174,4723.29,1104.04
Pallidum/ ventral region,PALv,835,right,all,15581,4607.88,1010.56,15581,4607.88,1010.56
Substantia innominata,SI,342,left,all,14781,4791.83,1101.4,14781,4791.83,1101.4
Substantia innominata,SI,342,right,all,14171,4625.4,1007.3,14171,4625.4,1007.3
Magnocellular nucleus,MA,298,left,all,1393,3996.04,1132.09,1393,3996.04,1132.09
Magnocellular nucleus,MA,298,right,all,1410,4431.83,1043.3,1410,4431.83,1043.3
Pallidum/ medial region,PALm,826,left,all,5270,4291.8,1099.12,5270,4291.8,1099.12
Pallidum/ medial region,PALm,826,right,all,5820,4320.82,1067.15,5820,4320.82,1067.15
Medial septal complex,MSC,904,left,all,4351,4589.46,1132.35,4351,4589.46,1132.35
Medial septal complex,MSC,904,right,all,4890,4608.94,1094.91,4890,4608.94,1094.91
Medial septal nucleus,MS,564,left,all,3313,4806.43,1165.61,3313,4806.43,1165.61
Medial septal nucleus,MS,564,right,all,3597,4777.61,1137.93,3597,4777.61,1137.93
Diagonal band nucleus,NDB,596,left,all,1038,3896.97,1026.19,1038,3896.97,1026.19
Diagonal band nucleus,NDB,596,right,all,1293,4139.71,975.227,1293,4139.71,975.227
Triangular nucleus of septum,TRS,581,left,all,919,2882.53,941.788,919,2882.53,941.788
Triangular nucleus of septum,TRS,581,right,all,930,2805.86,921.192,930,2805.86,921.192
Pallidum/ caudal region,PALc,809,left,all,8662,3496.94,1006.71,8662,3496.94,1006.71
Pallidum/ caudal region,PALc,809,right,all,8069,3607.56,959.644,8069,3607.56,959.644
Bed nuclei of the stria terminalis,BST,351,left,all,8644,3498.32,1006.9,8644,3498.32,1006.9
Bed nuclei of the stria terminalis,BST,351,right,all,8051,3608.52,959.724,8051,3608.52,959.724
Bed nucleus of the anterior commissure,BAC,287,left,all,18,2836.52,914.222,18,2836.52,914.222
Bed nucleus of the anterior commissure,BAC,287,right,all,18,3177.62,923.889,18,3177.62,923.889
Brain stem,BS,343,left,all,587440,4526.22,1058.69,587440,4526.22,1058.69
Brain stem,BS,343,right,all,541680,4481.04,998.776,541680,4481.04,998.776
Interbrain,IB,1129,left,all,205493,4493.48,1118.51,205493,4493.48,1118.51
Interbrain,IB,1129,right,all,182407,4239.79,1040.11,182407,4239.79,1040.11
Thalamus,TH,549,left,all,148426,4882.86,1185.16,148426,4882.86,1185.16
Thalamus,TH,549,right,all,127537,4539.33,1092.32,127537,4539.33,1092.32
Thalamus/ sensory-motor cortex related,DORsm,864,left,all,51285,5659.4,1264.8,51285,5659.4,1264.8
Thalamus/ sensory-motor cortex related,DORsm,864,right,all,42808,5316.33,1169.02,42808,5316.33,1169.02
Ventral group of the dorsal thalamus,VENT,637,left,all,36779,5823.58,1267.51,36779,5823.58,1267.51
Ventral group of the dorsal thalamus,VENT,637,right,all,31263,5574.38,1183.05,31263,5574.38,1183.05
Ventral anterior-lateral complex of the thalamus,VAL,629,left,all,6185,5218.63,1199.69,6185,5218.63,1199.69
Ventral anterior-lateral complex of the thalamus,VAL,629,right,all,5005,4753.57,1105.28,5005,4753.57,1105.28
Ventral medial nucleus of the thalamus,VM,685,left,all,6106,3571.37,991.681,6106,3571.37,991.681
Ventral medial nucleus of the thalamus,VM,685,right,all,4325,3323.6,941.007,4325,3323.6,941.007
Ventral posterior complex of the thalamus,VP,709,left,all,22440,6704.31,1362.67,22440,6704.31,1362.67
Ventral posterior complex of the thalamus,VP,709,right,all,20535,6309.58,1255.67,20535,6309.58,1255.67
Ventral posterolateral nucleus of the thalamus,VPL,718,left,all,5791,5393.45,1210.01,5791,5393.45,1210.01
Ventral posterolateral nucleus of the thalamus,VPL,718,right,all,5538,5566.33,1135.68,5538,5566.33,1135.68
Ventral posterolateral nucleus of the thalamus/ parvicellular part,VPLpc,725,left,all,520,4754.49,1218.08,520,4754.49,1218.08
Ventral posterolateral nucleus of the thalamus/ parvicellular part,VPLpc,725,right,all,473,5682.93,1282.27,473,5682.93,1282.27
Ventral posteromedial nucleus of the thalamus,VPM,733,left,all,14698,7532.74,1452.28,14698,7532.74,1452.28
Ventral posteromedial nucleus of the thalamus,VPM,733,right,all,13240,6867.26,1323.25,13240,6867.26,1323.25
Ventral posteromedial nucleus of the thalamus/ parvicellular part,VPMpc,741,left,all,1431,4208.71,1112.56,1431,4208.71,1112.56
Ventral posteromedial nucleus of the thalamus/ parvicellular part,VPMpc,741,right,all,1284,3995.61,1066.51,1284,3995.61,1066.51
Posterior triangular thalamic nucleus,PoT,563807435,left,all,2048,4715.29,1251.98,2048,4715.29,1251.98
Posterior triangular thalamic nucleus,PoT,563807435,right,all,1398,4676.93,1143.62,1398,4676.93,1143.62
Subparafascicular nucleus,SPF,406,left,all,1021,3825.88,1162.47,1021,3825.88,1162.47
Subparafascicular nucleus,SPF,406,right,all,726,3549.07,1055.63,726,3549.07,1055.63
Subparafascicular nucleus/ magnocellular part,SPFm,414,left,all,321,2998.44,1030.62,321,2998.44,1030.62
Subparafascicular nucleus/ magnocellular part,SPFm,414,right,all,300,3102.17,970.177,300,3102.17,970.177
Subparafascicular nucleus/ parvicellular part,SPFp,422,left,all,700,4205.32,1222.93,700,4205.32,1222.93
Subparafascicular nucleus/ parvicellular part,SPFp,422,right,all,426,3863.8,1115.81,426,3863.8,1115.81
Subparafascicular area,SPA,609,left,all,561,3073.72,965.439,561,3073.72,965.439
Subparafascicular area,SPA,609,right,all,582,3105.23,940.426,582,3105.23,940.426
Peripeduncular nucleus,PP,1044,left,all,237,9835.69,1399.7,237,9835.69,1399.7
Peripeduncular nucleus,PP,1044,right,all,298,4773.19,1050.85,298,4773.19,1050.85
Geniculate group/ dorsal thalamus,GENd,1008,left,all,12687,5367.31,1275.92,12687,5367.31,1275.92
Geniculate group/ dorsal thalamus,GENd,1008,right,all,9939,4779.47,1150.11,9939,4779.47,1150.11
Medial geniculate complex,MG,475,left,all,6689,5212.25,1254.87,6689,5212.25,1254.87
Medial geniculate complex,MG,475,right,all,4978,4608.49,1158.97,4978,4608.49,1158.97
Medial geniculate complex/ dorsal part,MGd,1072,left,all,1892,5305.13,1211.45,1892,5305.13,1211.45
Medial geniculate complex/ dorsal part,MGd,1072,right,all,1368,4463.89,1107.26,1368,4463.89,1107.26
Medial geniculate complex/ ventral part,MGv,1079,left,all,2544,5244.78,1234.64,2544,5244.78,1234.64
Medial geniculate complex/ ventral part,MGv,1079,right,all,2023,4529.96,1159.42,2023,4529.96,1159.42
Medial geniculate complex/ medial part,MGm,1088,left,all,2253,5097.53,1314.18,2253,5097.53,1314.18
Medial geniculate complex/ medial part,MGm,1088,right,all,1587,4833.24,1202.98,1587,4833.24,1202.98
Dorsal part of the lateral geniculate complex,LGd,170,left,all,5998,5540.24,1299.4,5998,5540.24,1299.4
Dorsal part of the lateral geniculate complex,LGd,170,right,all,4961,4951.04,1141.22,4961,4951.04,1141.22
Dorsal part of the lateral geniculate complex/ shell,LGd-sh,496345664,left,all,1754,5163.29,1271.58,1754,5163.29,1271.58
Dorsal part of the lateral geniculate complex/ shell,LGd-sh,496345664,right,all,1554,4472.77,1134.66,1554,4472.77,1134.66
Dorsal part of the lateral geniculate complex/ core,LGd-co,496345668,left,all,3301,5628.1,1290.42,3301,5628.1,1290.42
Dorsal part of the lateral geniculate complex/ core,LGd-co,496345668,right,all,2661,5063.57,1125.74,2661,5063.57,1125.74
Dorsal part of the lateral geniculate complex/ ipsilateral zone,LGd-ip,496345672,left,all,943,5933.79,1382.57,943,5933.79,1382.57
Dorsal part of the lateral geniculate complex/ ipsilateral zone,LGd-ip,496345672,right,all,746,5545.89,1210.12,746,5545.89,1210.12
Thalamus/ polymodal association cortex related,DORpm,856,left,all,91865,4473.91,1143.24,91865,4473.91,1143.24
Thalamus/ polymodal association cortex related,DORpm,856,right,all,80330,4141.59,1053.35,80330,4141.59,1053.35
Lateral group of the dorsal thalamus,LAT,138,left,all,25706,5376.11,1236.12,25706,5376.11,1236.12
Lateral group of the dorsal thalamus,LAT,138,right,all,18827,4593.1,1108.15,18827,4593.1,1108.15
Lateral posterior nucleus of the thalamus,LP,218,left,all,9618,4704.88,1149.36,9618,4704.88,1149.36
Lateral posterior nucleus of the thalamus,LP,218,right,all,6514,4261.88,1044.77,6514,4261.88,1044.77
Posterior complex of the thalamus,PO,1020,left,all,10546,6232.26,1320.36,10546,6232.26,1320.36
Posterior complex of the thalamus,PO,1020,right,all,8398,4971.81,1155.17,8398,4971.81,1155.17
Posterior limiting nucleus of the thalamus,POL,1029,left,all,1901,4793.5,1228.07,1901,4793.5,1228.07
Posterior limiting nucleus of the thalamus,POL,1029,right,all,1087,4237.56,1110.76,1087,4237.56,1110.76
Suprageniculate nucleus,SGN,325,left,all,1844,5240.53,1253.65,1844,5240.53,1253.65
Suprageniculate nucleus,SGN,325,right,all,1328,5118.32,1154.04,1328,5118.32,1154.04
Ethmoid nucleus of the thalamus,Eth,560581551,left,all,1797,4699.71,1196.71,1797,4699.71,1196.71
Ethmoid nucleus of the thalamus,Eth,560581551,right,all,1500,3703.88,1077.58,1500,3703.88,1077.58
Anterior group of the dorsal thalamus,ATN,239,left,all,15879,4543.73,1188.03,15879,4543.73,1188.03
Anterior group of the dorsal thalamus,ATN,239,right,all,13982,4507.03,1109.39,13982,4507.03,1109.39
Anteroventral nucleus of thalamus,AV,255,left,all,3526,3697.3,1190.61,3526,3697.3,1190.61
Anteroventral nucleus of thalamus,AV,255,right,all,3665,4331.02,1173.77,3665,4331.02,1173.77
Anteromedial nucleus,AM,127,left,all,3031,3579.86,1074.27,3031,3579.86,1074.27
Anteromedial nucleus,AM,127,right,all,2718,3681.41,1031.14,2718,3681.41,1031.14
Anteromedial nucleus/ dorsal part,AMd,1096,left,all,1935,3691.82,1087.81,1935,3691.82,1087.81
Anteromedial nucleus/ dorsal part,AMd,1096,right,all,1816,3757.54,1040.4,1816,3757.54,1040.4
Anteromedial nucleus/ ventral part,AMv,1104,left,all,1096,3382.19,1050.36,1096,3382.19,1050.36
Anteromedial nucleus/ ventral part,AMv,1104,right,all,902,3528.14,1012.51,902,3528.14,1012.51
Anterodorsal nucleus,AD,64,left,all,1688,6600.11,1453.59,1688,6600.11,1453.59
Anterodorsal nucleus,AD,64,right,all,1180,6192.07,1309.98,1180,6192.07,1309.98
Interanteromedial nucleus of the thalamus,IAM,1120,left,all,319,2973.54,963.937,319,2973.54,963.937
Interanteromedial nucleus of the thalamus,IAM,1120,right,all,338,3515,980.645,338,3515,980.645
Interanterodorsal nucleus of the thalamus,IAD,1113,left,all,751,3693.54,1097.13,751,3693.54,1097.13
Interanterodorsal nucleus of the thalamus,IAD,1113,right,all,866,3536.42,1036.62,866,3536.42,1036.62
Lateral dorsal nucleus of thalamus,LD,155,left,all,6564,5088.25,1192.17,6564,5088.25,1192.17
Lateral dorsal nucleus of thalamus,LD,155,right,all,5215,4905.23,1079.96,5215,4905.23,1079.96
Medial group of the dorsal thalamus,MED,444,left,all,14109,3521.73,1036.34,14109,3521.73,1036.34
Medial group of the dorsal thalamus,MED,444,right,all,13724,3630.99,1012.33,13724,3630.99,1012.33
Intermediodorsal nucleus of the thalamus,IMD,59,left,all,1187,2864.18,977.922,1187,2864.18,977.922
Intermediodorsal nucleus of the thalamus,IMD,59,right,all,1493,2998.39,981.877,1493,2998.39,981.877
Mediodorsal nucleus of thalamus,MD,362,left,all,10420,3626.01,1073.48,10420,3626.01,1073.48
Mediodorsal nucleus of thalamus,MD,362,right,all,10002,3852.43,1047.24,10002,3852.43,1047.24
Submedial nucleus of the thalamus,SMT,366,left,all,1828,3440.3,936.205,1828,3440.3,936.205
Submedial nucleus of the thalamus,SMT,366,right,all,1689,3087.2,892.95,1689,3087.2,892.95
Perireunensis nucleus,PR,1077,left,all,674,3288.38,836.697,674,3288.38,836.697
Perireunensis nucleus,PR,1077,right,all,540,2979.38,823.278,540,2979.38,823.278
Midline group of the dorsal thalamus,MTN,571,left,all,8886,3286.15,964.25,8886,3286.15,964.25
Midline group of the dorsal thalamus,MTN,571,right,all,8635,3405.29,951.169,8635,3405.29,951.169
Paraventricular nucleus of the thalamus,PVT,149,left,all,3963,3330.29,1010,3963,3330.29,1010
Paraventricular nucleus of the thalamus,PVT,149,right,all,3481,3484.05,988.243,3481,3484.05,988.243
Parataenial nucleus,PT,15,left,all,1757,3658.24,1058.58,1757,3658.24,1058.58
Parataenial nucleus,PT,15,right,all,1902,3824.26,1047.81,1902,3824.26,1047.81
Nucleus of reuniens,RE,181,left,all,2631,3055.24,867.932,2631,3055.24,867.932
Nucleus of reuniens,RE,181,right,all,2635,3095.72,866.478,2635,3095.72,866.478
Xiphoid thalamic nucleus,Xi,560581559,left,all,535,2872.72,789.209,535,2872.72,789.209
Xiphoid thalamic nucleus,Xi,560581559,right,all,617,2991.45,805.797,617,2991.45,805.797
Intralaminar nuclei of the dorsal thalamus,ILM,51,left,all,13366,4151.93,1131.33,13366,4151.93,1131.33
Intralaminar nuclei of the dorsal thalamus,ILM,51,right,all,10984,3776.84,1059.54,10984,3776.84,1059.54
Rhomboid nucleus,RH,189,left,all,566,3321.62,947.067,566,3321.62,947.067
Rhomboid nucleus,RH,189,right,all,608,2923.07,911.378,608,2923.07,911.378
Central medial nucleus of the thalamus,CM,599,left,all,1855,3204.38,1004.64,1855,3204.38,1004.64
Central medial nucleus of the thalamus,CM,599,right,all,1813,2995.02,978.672,1813,2995.02,978.672
Paracentral nucleus,PCN,907,left,all,2078,4778.59,1166.83,2078,4778.59,1166.83
Paracentral nucleus,PCN,907,right,all,1795,4294.78,1082.79,1795,4294.78,1082.79
Central lateral nucleus of the thalamus,CL,575,left,all,2975,4057.12,1106.16,2975,4057.12,1106.16
Central lateral nucleus of the thalamus,CL,575,right,all,1962,3524.44,1024.74,1962,3524.44,1024.74
Parafascicular nucleus,PF,930,left,all,4574,4148.31,1196.76,4574,4148.31,1196.76
Parafascicular nucleus,PF,930,right,all,3627,3999.16,1141.4,3627,3999.16,1141.4
Posterior intralaminar thalamic nucleus,PIL,560581563,left,all,1318,5080.69,1162.52,1318,5080.69,1162.52
Posterior intralaminar thalamic nucleus,PIL,560581563,right,all,1179,4366.92,1031.02,1179,4366.92,1031.02
Reticular nucleus of the thalamus,RT,262,left,all,8802,4548.82,1130.53,8802,4548.82,1130.53
Reticular nucleus of the thalamus,RT,262,right,all,9619,4388.94,1009.05,9619,4388.94,1009.05
Geniculate group/ ventral thalamus,GENv,1014,left,all,3270,5785.29,1279.37,3270,5785.29,1279.37
Geniculate group/ ventral thalamus,GENv,1014,right,all,3099,4806.91,1081.29,3099,4806.91,1081.29
Intergeniculate leaflet of the lateral geniculate complex,IGL,27,left,all,614,5302.74,1285.23,614,5302.74,1285.23
Intergeniculate leaflet of the lateral geniculate complex,IGL,27,right,all,413,5217.9,1110.97,413,5217.9,1110.97
Intermediate geniculate nucleus,IntG,563807439,left,all,197,5337.35,1352.27,197,5337.35,1352.27
Intermediate geniculate nucleus,IntG,563807439,right,all,118,3830.61,1111.65,118,3830.61,1111.65
Ventral part of the lateral geniculate complex,LGv,178,left,all,2407,5940.23,1274.48,2407,5940.23,1274.48
Ventral part of the lateral geniculate complex,LGv,178,right,all,2464,4738.08,1076.88,2464,4738.08,1076.88
Subgeniculate nucleus,SubG,321,left,all,52,6007.72,1160.5,52,6007.72,1160.5
Subgeniculate nucleus,SubG,321,right,all,104,5913.3,1033.41,104,5913.3,1033.41
Epithalamus,EPI,958,left,all,1847,3956.5,1048.95,1847,3956.5,1048.95
Epithalamus,EPI,958,right,all,1460,3676.04,986.021,1460,3676.04,986.021
Medial habenula,MH,483,left,all,402,3052.31,826.59,402,3052.31,826.59
Medial habenula,MH,483,right,all,435,2806.18,784.91,435,2806.18,784.91
Lateral habenula,LH,186,left,all,1445,4208.04,1110.82,1445,4208.04,1110.82
Lateral habenula,LH,186,right,all,1025,4045.21,1071.37,1025,4045.21,1071.37
Hypothalamus,HY,1097,left,all,57067,3480.74,945.173,57067,3480.74,945.173
Hypothalamus,HY,1097,right,all,54870,3543.54,918.765,54870,3543.54,918.765
Periventricular zone,PVZ,157,left,all,722,2712.37,696.848,722,2712.37,696.848
Periventricular zone,PVZ,157,right,all,682,2703.44,705.198,682,2703.44,705.198
Supraoptic nucleus,SO,390,left,all,0,0,0,0,0,0
Supraoptic nucleus,SO,390,right,all,0,0,0,0,0,0
Accessory supraoptic group,ASO,332,left,all,22,2512.56,759.5,22,2512.56,759.5
Accessory supraoptic group,ASO,332,right,all,27,2356.98,738.259,27,2356.98,738.259
Paraventricular hypothalamic nucleus,PVH,38,left,all,550,2655.54,726.298,550,2655.54,726.298
Paraventricular hypothalamic nucleus,PVH,38,right,all,534,2737,732.833,534,2737,732.833
Periventricular hypothalamic nucleus/ anterior part,PVa,30,left,all,30,3754.87,608.033,30,3754.87,608.033
Periventricular hypothalamic nucleus/ anterior part,PVa,30,right,all,18,2501.83,599.778,18,2501.83,599.778
Periventricular hypothalamic nucleus/ intermediate part,PVi,118,left,all,120,2748.85,572.583,120,2748.85,572.583
Periventricular hypothalamic nucleus/ intermediate part,PVi,118,right,all,103,2655.5,571.68,103,2655.5,571.68
Arcuate hypothalamic nucleus,ARH,223,left,all,0,0,0,0,0,0
Arcuate hypothalamic nucleus,ARH,223,right,all,0,0,0,0,0,0
Periventricular region,PVR,141,left,all,7054,3278.85,928.745,7054,3278.85,928.745
Periventricular region,PVR,141,right,all,7033,3516.51,923.965,7033,3516.51,923.965
Anterodorsal preoptic nucleus,ADP,72,left,all,684,3189.53,988.651,684,3189.53,988.651
Anterodorsal preoptic nucleus,ADP,72,right,all,614,3243.44,965.816,614,3243.44,965.816
Anteroventral preoptic nucleus,AVP,263,left,all,78,2757.97,627.205,78,2757.97,627.205
Anteroventral preoptic nucleus,AVP,263,right,all,49,3528.36,702.755,49,3528.36,702.755
Anteroventral periventricular nucleus,AVPV,272,left,all,85,3023.35,708.459,85,3023.35,708.459
Anteroventral periventricular nucleus,AVPV,272,right,all,102,2825.16,697.618,102,2825.16,697.618
Dorsomedial nucleus of the hypothalamus,DMH,830,left,all,1101,2607.5,744.841,1101,2607.5,744.841
Dorsomedial nucleus of the hypothalamus,DMH,830,right,all,957,2605.06,727.052,957,2605.06,727.052
Median preoptic nucleus,MEPO,452,left,all,250,3060.66,939.836,250,3060.66,939.836
Median preoptic nucleus,MEPO,452,right,all,313,3600.15,964.246,313,3600.15,964.246
Medial preoptic area,MPO,523,left,all,3531,3531.17,972.611,3531,3531.17,972.611
Medial preoptic area,MPO,523,right,all,3843,3738.14,958.032,3843,3738.14,958.032
Vascular organ of the lamina terminalis,OV,763,left,all,0,0,0,0,0,0
Vascular organ of the lamina terminalis,OV,763,right,all,1,4989.14,832,1,4989.14,832
Posterodorsal preoptic nucleus,PD,914,left,all,133,3245.43,984.308,133,3245.43,984.308
Posterodorsal preoptic nucleus,PD,914,right,all,120,3585.05,975.992,120,3585.05,975.992
Parastrial nucleus,PS,1109,left,all,867,3528.07,1042.54,867,3528.07,1042.54
Parastrial nucleus,PS,1109,right,all,755,4075.62,1051.87,755,4075.62,1051.87
Periventricular hypothalamic nucleus/ posterior part,PVp,126,left,all,0,0,0,0,0,0
Periventricular hypothalamic nucleus/ posterior part,PVp,126,right,all,0,0,0,0,0,0
Periventricular hypothalamic nucleus/ preoptic part,PVpo,133,left,all,135,2817.34,728.119,135,2817.34,728.119
Periventricular hypothalamic nucleus/ preoptic part,PVpo,133,right,all,121,2951.18,717.165,121,2951.18,717.165
Subparaventricular zone,SBPV,347,left,all,129,2717.81,708.457,129,2717.81,708.457
Subparaventricular zone,SBPV,347,right,all,111,2766.69,728.414,111,2766.69,728.414
Suprachiasmatic nucleus,SCH,286,left,all,0,0,0,0,0,0
Suprachiasmatic nucleus,SCH,286,right,all,0,0,0,0,0,0
Subfornical organ,SFO,338,left,all,61,2447.71,855.508,61,2447.71,855.508
Subfornical organ,SFO,338,right,all,47,2491.13,863.426,47,2491.13,863.426
Ventromedial preoptic nucleus,VMPO,576073699,left,all,0,0,0,0,0,0
Ventromedial preoptic nucleus,VMPO,576073699,right,all,0,0,0,0,0,0
Ventrolateral preoptic nucleus,VLPO,689,left,all,0,0,0,0,0,0
Ventrolateral preoptic nucleus,VLPO,689,right,all,0,0,0,0,0,0
Hypothalamic medial zone,MEZ,467,left,all,11318,2874.17,835.548,11318,2874.17,835.548
Hypothalamic medial zone,MEZ,467,right,all,10109,2892.78,827.558,10109,2892.78,827.558
Anterior hypothalamic nucleus,AHN,88,left,all,2445,2819.86,824.166,2445,2819.86,824.166
Anterior hypothalamic nucleus,AHN,88,right,all,2459,2947.23,822.794,2459,2947.23,822.794
Mammillary body,MBO,331,left,all,1862,2883.55,830.91,1862,2883.55,830.91
Mammillary body,MBO,331,right,all,1548,2821.4,808.607,1548,2821.4,808.607
Lateral mammillary nucleus,LM,210,left,all,40,2362.28,600.325,40,2362.28,600.325
Lateral mammillary nucleus,LM,210,right,all,22,2414.21,638.136,22,2414.21,638.136
Medial mammillary nucleus,MM,491,left,all,1018,2713.9,791.572,1018,2713.9,791.572
Medial mammillary nucleus,MM,491,right,all,866,2682.74,771.215,866,2682.74,771.215
Medial mammillary nucleus/ median part,MMme,732,left,all,98,2356.7,718.224,98,2356.7,718.224
Medial mammillary nucleus/ median part,MMme,732,right,all,57,2195.42,694.368,57,2195.42,694.368
Medial mammillary nucleus/ lateral part,MMl,606826647,left,all,469,2784.23,805.098,469,2784.23,805.098
Medial mammillary nucleus/ lateral part,MMl,606826647,right,all,448,2633.15,773.498,448,2633.15,773.498
Medial mammillary nucleus/ medial part,MMm,606826651,left,all,335,2546.1,773.594,335,2546.1,773.594
Medial mammillary nucleus/ medial part,MMm,606826651,right,all,249,2638.64,759.357,249,2638.64,759.357
Medial mammillary nucleus/ posterior part,MMp,606826655,left,all,1,1801.38,617,1,1801.38,617
Medial mammillary nucleus/ posterior part,MMp,606826655,right,all,3,1911.69,598.667,3,1911.69,598.667
Medial mammillary nucleus/ dorsal part,MMd,606826659,left,all,115,3228.26,852.8,115,3228.26,852.8
Medial mammillary nucleus/ dorsal part,MMd,606826659,right,all,109,3263.36,833.853,109,3263.36,833.853
Supramammillary nucleus,SUM,525,left,all,784,3131.97,895.385,784,3131.97,895.385
Supramammillary nucleus,SUM,525,right,all,638,3039.72,872.027,638,3039.72,872.027
Tuberomammillary nucleus,TM,557,left,all,20,2822.66,766.95,20,2822.66,766.95
Tuberomammillary nucleus,TM,557,right,all,22,2355.9,611.818,22,2355.9,611.818
Tuberomammillary nucleus/ dorsal part,TMd,1126,left,all,20,2822.66,766.95,20,2822.66,766.95
Tuberomammillary nucleus/ dorsal part,TMd,1126,right,all,20,2265.33,621.7,20,2265.33,621.7
Tuberomammillary nucleus/ ventral part,TMv,1,left,all,0,0,0,0,0,0
Tuberomammillary nucleus/ ventral part,TMv,1,right,all,2,3261.62,513,2,3261.62,513
Medial preoptic nucleus,MPN,515,left,all,2126,2958.2,853.937,2126,2958.2,853.937
Medial preoptic nucleus,MPN,515,right,all,2065,3007.66,859.151,2065,3007.66,859.151
Dorsal premammillary nucleus,PMd,980,left,all,560,2646.52,768.9,560,2646.52,768.9
Dorsal premammillary nucleus,PMd,980,right,all,465,2665.46,764.338,465,2665.46,764.338
Ventral premammillary nucleus,PMv,1004,left,all,71,3128.29,735.085,71,3128.29,735.085
Ventral premammillary nucleus,PMv,1004,right,all,57,3392.6,739.211,57,3392.6,739.211
Paraventricular hypothalamic nucleus/ descending division,PVHd,63,left,all,723,3068.77,837.599,723,3068.77,837.599
Paraventricular hypothalamic nucleus/ descending division,PVHd,63,right,all,560,2906.16,820.016,560,2906.16,820.016
Ventromedial hypothalamic nucleus,VMH,693,left,all,87,2494.4,657.759,87,2494.4,657.759
Ventromedial hypothalamic nucleus,VMH,693,right,all,42,2341.34,599.405,42,2341.34,599.405
Posterior hypothalamic nucleus,PH,946,left,all,3444,2856.3,851.755,3444,2856.3,851.755
Posterior hypothalamic nucleus,PH,946,right,all,2913,2835.22,835.814,2913,2835.22,835.814
Hypothalamic lateral zone,LZ,290,left,all,27625,3854.41,1011.8,27625,3854.41,1011.8
Hypothalamic lateral zone,LZ,290,right,all,27385,3855.11,965.085,27385,3855.11,965.085
Lateral hypothalamic area,LHA,194,left,all,9628,3485.48,891.18,9628,3485.48,891.18
Lateral hypothalamic area,LHA,194,right,all,10033,3682.01,864.723,10033,3682.01,864.723
Lateral preoptic area,LPO,226,left,all,3620,3900.83,1045.41,3620,3900.83,1045.41
Lateral preoptic area,LPO,226,right,all,4534,4219.76,1015.51,4534,4219.76,1015.51
Preparasubthalamic nucleus,PST,356,left,all,66,3671.87,860.152,66,3671.87,860.152
Preparasubthalamic nucleus,PST,356,right,all,52,3925.57,762.788,52,3925.57,762.788
Parasubthalamic nucleus,PSTN,364,left,all,995,3455.19,872.926,995,3455.19,872.926
Parasubthalamic nucleus,PSTN,364,right,all,889,3231.71,834.458,889,3231.71,834.458
Perifornical nucleus,PeF,576073704,left,all,1198,3040.72,847.878,1198,3040.72,847.878
Perifornical nucleus,PeF,576073704,right,all,1200,3333.6,841.106,1200,3333.6,841.106
Retrochiasmatic area,RCH,173,left,all,0,0,0,0,0,0
Retrochiasmatic area,RCH,173,right,all,0,0,0,0,0,0
Subthalamic nucleus,STN,470,left,all,330,4419.28,899.385,330,4419.28,899.385
Subthalamic nucleus,STN,470,right,all,323,4019.19,855.991,323,4019.19,855.991
Tuberal nucleus,TU,614,left,all,0,0,0,0,0,0
Tuberal nucleus,TU,614,right,all,0,0,0,0,0,0
Zona incerta,ZI,797,left,all,11788,4243.08,1132.37,11788,4243.08,1132.37
Zona incerta,ZI,797,right,all,10354,3971.65,1070.26,10354,3971.65,1070.26
Fields of Forel,FF,804,left,all,1756,4161.9,1174.64,1756,4161.9,1174.64
Fields of Forel,FF,804,right,all,1303,3922.64,1120.92,1303,3922.64,1120.92
Median eminence,ME,10671,left,all,0,0,0,0,0,0
Median eminence,ME,10671,right,all,0,0,0,0,0,0
Midbrain,MB,313,left,all,206092,4531.18,1057.53,206092,4531.18,1057.53
Midbrain,MB,313,right,all,175888,4574.98,1019.81,175888,4574.98,1019.81
Midbrain/ sensory related,MBsen,339,left,all,32906,4440.67,924.37,32906,4440.67,924.37
Midbrain/ sensory related,MBsen,339,right,all,27337,4636.86,905.563,27337,4636.86,905.563
Superior colliculus/ sensory related,SCs,302,left,all,9928,4200.72,897.089,9928,4200.72,897.089
Superior colliculus/ sensory related,SCs,302,right,all,7339,4571.58,867.479,7339,4571.58,867.479
Superior colliculus/ optic layer,SCop,851,left,all,3620,4135.78,918.406,3620,4135.78,918.406
Superior colliculus/ optic layer,SCop,851,right,all,2703,4308.77,884.92,2703,4308.77,884.92
Superior colliculus/ superficial gray layer,SCsg,842,left,all,4838,4285.09,884.374,4838,4285.09,884.374
Superior colliculus/ superficial gray layer,SCsg,842,right,all,3467,4668.17,856.647,3467,4668.17,856.647
Superior colliculus/ zonal layer,SCzo,834,left,all,1470,4082.96,886.439,1470,4082.96,886.439
Superior colliculus/ zonal layer,SCzo,834,right,all,1169,4892.78,859.278,1169,4892.78,859.278
Inferior colliculus,IC,4,left,all,21779,4543.22,936.235,21779,4543.22,936.235
Inferior colliculus,IC,4,right,all,18782,4641.64,917.03,18782,4641.64,917.03
Inferior colliculus/ central nucleus,ICc,811,left,all,6248,4483.86,1003.27,6248,4483.86,1003.27
Inferior colliculus/ central nucleus,ICc,811,right,all,4847,4230.84,957.915,4847,4230.84,957.915
Inferior colliculus/ dorsal nucleus,ICd,820,left,all,5974,4295.89,905.633,5974,4295.89,905.633
Inferior colliculus/ dorsal nucleus,ICd,820,right,all,4679,4551.01,899.949,4679,4551.01,899.949
Inferior colliculus/ external nucleus,ICe,828,left,all,9557,4736.64,911.54,9557,4736.64,911.54
Inferior colliculus/ external nucleus,ICe,828,right,all,9256,4902.58,904.255,9256,4902.58,904.255
Nucleus of the brachium of the inferior colliculus,NB,580,left,all,329,3920.29,957.717,329,3920.29,957.717
Nucleus of the brachium of the inferior colliculus,NB,580,right,all,508,4986.29,1016.25,508,4986.29,1016.25
Nucleus sagulum,SAG,271,left,all,611,4586.85,955.841,611,4586.85,955.841
Nucleus sagulum,SAG,271,right,all,432,4783.39,901.699,432,4783.39,901.699
Parabigeminal nucleus,PBG,874,left,all,172,3684.26,703.907,172,3684.26,703.907
Parabigeminal nucleus,PBG,874,right,all,175,4736.5,864.92,175,4736.5,864.92
Midbrain trigeminal nucleus,MEV,460,left,all,66,10284.8,1248.7,66,10284.8,1248.7
Midbrain trigeminal nucleus,MEV,460,right,all,66,7370.19,1171.56,66,7370.19,1171.56
Subcommissural organ,SCO,599626923,left,all,21,3244.81,865.048,21,3244.81,865.048
Subcommissural organ,SCO,599626923,right,all,35,3226.39,880.743,35,3226.39,880.743
Midbrain/ motor related,MBmot,323,left,all,131202,4593.22,1098.92,131202,4593.22,1098.92
Midbrain/ motor related,MBmot,323,right,all,109758,4589.37,1053.39,109758,4589.37,1053.39
Substantia nigra/ reticular part,SNr,381,left,all,6612,4426.75,1001.64,6612,4426.75,1001.64
Substantia nigra/ reticular part,SNr,381,right,all,4503,4593.76,970.787,4503,4593.76,970.787
Ventral tegmental area,VTA,749,left,all,2491,4103.64,1048.79,2491,4103.64,1048.79
Ventral tegmental area,VTA,749,right,all,2219,3825.83,1010.79,2219,3825.83,1010.79
Paranigral nucleus,PN,607344830,left,all,83,3953.5,1029.86,83,3953.5,1029.86
Paranigral nucleus,PN,607344830,right,all,64,4928.93,1014.11,64,4928.93,1014.11
Midbrain reticular nucleus/ retrorubral area,RR,246,left,all,915,4542.82,1055.18,915,4542.82,1055.18
Midbrain reticular nucleus/ retrorubral area,RR,246,right,all,1015,4467.59,1018.88,1015,4467.59,1018.88
Midbrain reticular nucleus,MRN,128,left,all,29942,4816.36,1164.2,29942,4816.36,1164.2
Midbrain reticular nucleus,MRN,128,right,all,26818,4828.02,1107.67,26818,4828.02,1107.67
Superior colliculus/ motor related,SCm,294,left,all,39337,4439.66,1053.63,39337,4439.66,1053.63
Superior colliculus/ motor related,SCm,294,right,all,31828,4254.73,999.656,31828,4254.73,999.656
Superior colliculus/ motor related/ deep gray layer,SCdg,26,left,all,7803,4234.48,1018.51,7803,4234.48,1018.51
Superior colliculus/ motor related/ deep gray layer,SCdg,26,right,all,6611,3980.61,964.432,6611,3980.61,964.432
Superior colliculus/ motor related/ deep white layer,SCdw,42,left,all,2036,4101.35,1004.25,2036,4101.35,1004.25
Superior colliculus/ motor related/ deep white layer,SCdw,42,right,all,1681,4088.62,973.055,1681,4088.62,973.055
Superior colliculus/ motor related/ intermediate white layer,SCiw,17,left,all,15260,4924.58,1120.44,15260,4924.58,1120.44
Superior colliculus/ motor related/ intermediate white layer,SCiw,17,right,all,12127,4535.19,1045.16,12127,4535.19,1045.16
Superior colliculus/ motor related/ intermediate gray layer,SCig,10,left,all,14238,4080.77,1008.33,14238,4080.77,1008.33
Superior colliculus/ motor related/ intermediate gray layer,SCig,10,right,all,11409,4139.93,975.615,11409,4139.93,975.615
Periaqueductal gray,PAG,795,left,all,28402,4311.74,1033.86,28402,4311.74,1033.86
Periaqueductal gray,PAG,795,right,all,25431,4279.57,998.78,25431,4279.57,998.78
Precommissural nucleus,PRC,50,left,all,632,3578.41,942.733,632,3578.41,942.733
Precommissural nucleus,PRC,50,right,all,450,3434.73,866.262,450,3434.73,866.262
Interstitial nucleus of Cajal,INC,67,left,all,592,4901.88,1392.69,592,4901.88,1392.69
Interstitial nucleus of Cajal,INC,67,right,all,526,4309.74,1323.18,526,4309.74,1323.18
Nucleus of Darkschewitsch,ND,587,left,all,891,4654.35,1369.04,891,4654.35,1369.04
Nucleus of Darkschewitsch,ND,587,right,all,772,4238.83,1258.95,772,4238.83,1258.95
Supraoculomotor periaqueductal gray,Su3,614454277,left,all,380,4903.86,1234.92,380,4903.86,1234.92
Supraoculomotor periaqueductal gray,Su3,614454277,right,all,403,4425.89,1206,403,4425.89,1206
Pretectal region,PRT,1100,left,all,14524,4262.17,1188.45,14524,4262.17,1188.45
Pretectal region,PRT,1100,right,all,10135,4166.97,1125.82,10135,4166.97,1125.82
Anterior pretectal nucleus,APN,215,left,all,8919,4264.76,1241.29,8919,4264.76,1241.29
Anterior pretectal nucleus,APN,215,right,all,6067,4208.36,1169.62,6067,4208.36,1169.62
Medial pretectal area,MPT,531,left,all,340,3944.02,1050.84,340,3944.02,1050.84
Medial pretectal area,MPT,531,right,all,154,4096.22,972.045,154,4096.22,972.045
Nucleus of the optic tract,NOT,628,left,all,1056,4514.11,1033.65,1056,4514.11,1033.65
Nucleus of the optic tract,NOT,628,right,all,800,4131.39,999.656,800,4131.39,999.656
Nucleus of the posterior commissure,NPC,634,left,all,1936,3939.43,1098.52,1936,3939.43,1098.52
Nucleus of the posterior commissure,NPC,634,right,all,1415,3982.53,1058.98,1415,3982.53,1058.98
Olivary pretectal nucleus,OP,706,left,all,447,4090.79,1056.25,447,4090.79,1056.25
Olivary pretectal nucleus,OP,706,right,all,303,3589.38,981.432,303,3589.38,981.432
Posterior pretectal nucleus,PPT,1061,left,all,1324,4424.68,1140.71,1324,4424.68,1140.71
Posterior pretectal nucleus,PPT,1061,right,all,990,4254.12,1101.7,990,4254.12,1101.7
Retroparafascicular nucleus,RPF,549009203,left,all,502,4870.22,1258.95,502,4870.22,1258.95
Retroparafascicular nucleus,RPF,549009203,right,all,406,4506.7,1177.65,406,4506.7,1177.65
Cuneiform nucleus,CUN,616,left,all,2131,3987.31,841.058,2131,3987.31,841.058
Cuneiform nucleus,CUN,616,right,all,1848,4745.68,860.962,1848,4745.68,860.962
Red nucleus,RN,214,left,all,5104,7711.68,1425.49,5104,7711.68,1425.49
Red nucleus,RN,214,right,all,4213,8776.02,1439.89,4213,8776.02,1439.89
Oculomotor nucleus,III,35,left,all,257,4962.91,1263.37,257,4962.91,1263.37
Oculomotor nucleus,III,35,right,all,286,5581.44,1293.21,286,5581.44,1293.21
Medial accesory oculomotor nucleus,MA3,549009211,left,all,180,3834.84,1265.53,180,3834.84,1265.53
Medial accesory oculomotor nucleus,MA3,549009211,right,all,195,4836.61,1245.49,195,4836.61,1245.49
Edinger-Westphal nucleus,EW,975,left,all,273,4961.95,1264.63,273,4961.95,1264.63
Edinger-Westphal nucleus,EW,975,right,all,330,4797.72,1213.41,330,4797.72,1213.41
Trochlear nucleus,IV,115,left,all,37,5589.09,1183.14,37,5589.09,1183.14
Trochlear nucleus,IV,115,right,all,29,5746.53,1196.24,29,5746.53,1196.24
Paratrochlear nucleus,Pa4,606826663,left,all,78,3626.12,1023.37,78,3626.12,1023.37
Paratrochlear nucleus,Pa4,606826663,right,all,88,4449.51,1025.49,88,4449.51,1025.49
Ventral tegmental nucleus,VTN,757,left,all,249,4765.07,1059.02,249,4765.07,1059.02
Ventral tegmental nucleus,VTN,757,right,all,306,4506.02,1032.5,306,4506.02,1032.5
Anterior tegmental nucleus,AT,231,left,all,222,4030.73,1026.18,222,4030.73,1026.18
Anterior tegmental nucleus,AT,231,right,all,211,4412.56,1054.31,211,4412.56,1054.31
Lateral terminal nucleus of the accessory optic tract,LT,66,left,all,62,7266.64,1252.61,62,7266.64,1252.61
Lateral terminal nucleus of the accessory optic tract,LT,66,right,all,39,5310.75,1017.51,39,5310.75,1017.51
Dorsal terminal nucleus of the accessory optic tract,DT,75,left,all,80,4137.2,950.987,80,4137.2,950.987
Dorsal terminal nucleus of the accessory optic tract,DT,75,right,all,41,3285.43,893.854,41,3285.43,893.854
Medial terminal nucleus of the accessory optic tract,MT,58,left,all,223,4089.88,1029.98,223,4089.88,1029.98
Medial terminal nucleus of the accessory optic tract,MT,58,right,all,159,4121.57,1017.05,159,4121.57,1017.05
Midbrain/ behavioral state related,MBsta,348,left,all,9331,4829.47,1039.86,9331,4829.47,1039.86
Midbrain/ behavioral state related,MBsta,348,right,all,10308,4995.55,1020.65,10308,4995.55,1020.65
Substantia nigra/ compact part,SNc,374,left,all,644,4731.77,1066.05,644,4731.77,1066.05
Substantia nigra/ compact part,SNc,374,right,all,443,4874.51,1019.35,443,4874.51,1019.35
Pedunculopontine nucleus,PPN,1052,left,all,4870,4890.03,999.897,4870,4890.03,999.897
Pedunculopontine nucleus,PPN,1052,right,all,5612,4935.33,951.349,5612,4935.33,951.349
Midbrain raphe nuclei,RAmb,165,left,all,3817,4768.67,1086.44,3817,4768.67,1086.44
Midbrain raphe nuclei,RAmb,165,right,all,4253,5087.61,1112.23,4253,5087.61,1112.23
Interfascicular nucleus raphe,IF,12,left,all,594,4380.17,1118.86,594,4380.17,1118.86
Interfascicular nucleus raphe,IF,12,right,all,549,4868.67,1148.99,549,4868.67,1148.99
Interpeduncular nucleus,IPN,100,left,all,1017,3564.94,1044.09,1017,3564.94,1044.09
Interpeduncular nucleus,IPN,100,right,all,1003,3712.06,1047.87,1003,3712.06,1047.87
Interpeduncular nucleus/ rostral,IPR,607344834,left,all,252,3971.2,1050.94,252,3971.2,1050.94
Interpeduncular nucleus/ rostral,IPR,607344834,right,all,261,4019.69,1065.84,261,4019.69,1065.84
Interpeduncular nucleus/ caudal,IPC,607344838,left,all,80,2977.68,777.237,80,2977.68,777.237
Interpeduncular nucleus/ caudal,IPC,607344838,right,all,88,3026.83,804.295,88,3026.83,804.295
Interpeduncular nucleus/ apical,IPA,607344842,left,all,162,3377.81,1136.3,162,3377.81,1136.3
Interpeduncular nucleus/ apical,IPA,607344842,right,all,167,3532.54,1135.75,167,3532.54,1135.75
Interpeduncular nucleus/ lateral,IPL,607344846,left,all,82,3477.48,919.439,82,3477.48,919.439
Interpeduncular nucleus/ lateral,IPL,607344846,right,all,60,3370.76,861.617,60,3370.76,861.617
Interpeduncular nucleus/ intermediate,IPI,607344850,left,all,37,3917.49,901.946,37,3917.49,901.946
Interpeduncular nucleus/ intermediate,IPI,607344850,right,all,35,3343.82,846.143,35,3343.82,846.143
Interpeduncular nucleus/ dorsomedial,IPDM,607344854,left,all,161,3417.94,1168.87,161,3417.94,1168.87
Interpeduncular nucleus/ dorsomedial,IPDM,607344854,right,all,152,3538.96,1160.68,152,3538.96,1160.68
Interpeduncular nucleus/ dorsolateral,IPDL,607344858,left,all,90,3503.02,1017.81,90,3503.02,1017.81
Interpeduncular nucleus/ dorsolateral,IPDL,607344858,right,all,66,3374.64,1021.55,66,3374.64,1021.55
Interpeduncular nucleus/ rostrolateral,IPRL,607344862,left,all,84,3857.95,1050.52,84,3857.95,1050.52
Interpeduncular nucleus/ rostrolateral,IPRL,607344862,right,all,91,4679.06,1041.55,91,4679.06,1041.55
Rostral linear nucleus raphe,RL,197,left,all,311,4913.85,1136.75,311,4913.85,1136.75
Rostral linear nucleus raphe,RL,197,right,all,321,4321.29,1123.27,321,4321.29,1123.27
Central linear nucleus raphe,CLI,591,left,all,260,4570.57,1015.17,260,4570.57,1015.17
Central linear nucleus raphe,CLI,591,right,all,276,3685.93,994.333,276,3685.93,994.333
Dorsal nucleus raphe,DR,872,left,all,1635,5662.44,1102.77,1635,5662.44,1102.77
Dorsal nucleus raphe,DR,872,right,all,2104,6101.27,1147.11,2104,6101.27,1147.11
Hindbrain,HB,1065,left,all,175855,4558.65,990.145,175855,4558.65,990.145
Hindbrain,HB,1065,right,all,183385,4630.9,937.485,183385,4630.9,937.485
Pons,P,771,left,all,61908,4677.94,976.745,61908,4677.94,976.745
Pons,P,771,right,all,64511,4664.55,945.766,64511,4664.55,945.766
Pons/ sensory related,P-sen,1132,left,all,11358,5049.92,970.361,11358,5049.92,970.361
Pons/ sensory related,P-sen,1132,right,all,10888,4965.39,936.699,10888,4965.39,936.699
Nucleus of the lateral lemniscus,NLL,612,left,all,2386,4612.22,974.062,2386,4612.22,974.062
Nucleus of the lateral lemniscus,NLL,612,right,all,2117,4889.05,943.067,2117,4889.05,943.067
Principal sensory nucleus of the trigeminal,PSV,7,left,all,2670,4045.32,904.32,2670,4045.32,904.32
Principal sensory nucleus of the trigeminal,PSV,7,right,all,2988,3921.62,838.82,2988,3921.62,838.82
Parabrachial nucleus,PB,867,left,all,6291,5643.59,997.227,6291,5643.59,997.227
Parabrachial nucleus,PB,867,right,all,5750,5540.84,986.043,5750,5540.84,986.043
Koelliker-Fuse subnucleus,KF,123,left,all,1002,5055.67,995.8,1002,5055.67,995.8
Koelliker-Fuse subnucleus,KF,123,right,all,1151,4664.65,941.047,1151,4664.65,941.047
Superior olivary complex,SOC,398,left,all,11,4306.21,832.727,11,4306.21,832.727
Superior olivary complex,SOC,398,right,all,33,4104.41,792.848,33,4104.41,792.848
Superior olivary complex/ periolivary region,POR,122,left,all,0,0,0,0,0,0
Superior olivary complex/ periolivary region,POR,122,right,all,0,0,0,0,0,0
Superior olivary complex/ medial part,SOCm,105,left,all,1,2784.85,454,1,2784.85,454
Superior olivary complex/ medial part,SOCm,105,right,all,1,2276.72,456,1,2276.72,456
Superior olivary complex/ lateral part,SOCl,114,left,all,10,4458.34,870.6,10,4458.34,870.6
Superior olivary complex/ lateral part,SOCl,114,right,all,32,4161.52,803.375,32,4161.52,803.375
Pons/ motor related,P-mot,987,left,all,18996,4398.77,931.389,18996,4398.77,931.389
Pons/ motor related,P-mot,987,right,all,18457,4360.41,902.004,18457,4360.41,902.004
Barrington's nucleus,B,280,left,all,145,4886.2,962.648,145,4886.2,962.648
Barrington's nucleus,B,280,right,all,103,4528.85,950.272,103,4528.85,950.272
Dorsal tegmental nucleus,DTN,880,left,all,577,4118.1,1011.15,577,4118.1,1011.15
Dorsal tegmental nucleus,DTN,880,right,all,662,4586.15,1021.39,662,4586.15,1021.39
Posterodorsal tegmental nucleus,PDTg,599626927,left,all,251,3960.53,998.625,251,3960.53,998.625
Posterodorsal tegmental nucleus,PDTg,599626927,right,all,250,4833.27,1023.88,250,4833.27,1023.88
Pontine central gray,PCG,898,left,all,2538,4322.49,936.245,2538,4322.49,936.245
Pontine central gray,PCG,898,right,all,2414,4298.7,937.073,2414,4298.7,937.073
Pontine gray,PG,931,left,all,22,5571.99,725.773,22,5571.99,725.773
Pontine gray,PG,931,right,all,13,5903.22,609.308,13,5903.22,609.308
Pontine reticular nucleus/ caudal part,PRNc,1093,left,all,7170,4422.96,893.526,7170,4422.96,893.526
Pontine reticular nucleus/ caudal part,PRNc,1093,right,all,6736,4418.87,867.569,6736,4418.87,867.569
Supragenual nucleus,SG,318,left,all,51,4162.24,970.784,51,4162.24,970.784
Supragenual nucleus,SG,318,right,all,46,3871.8,936.848,46,3871.8,936.848
Supratrigeminal nucleus,SUT,534,left,all,1031,5168.45,969.535,1031,5168.45,969.535
Supratrigeminal nucleus,SUT,534,right,all,1138,5206.63,932.66,1138,5206.63,932.66
Tegmental reticular nucleus,TRN,574,left,all,3799,4019.83,991.387,3799,4019.83,991.387
Tegmental reticular nucleus,TRN,574,right,all,3815,3794.66,931.374,3815,3794.66,931.374
Motor nucleus of trigeminal,V,621,left,all,1615,5399.14,968.273,1615,5399.14,968.273
Motor nucleus of trigeminal,V,621,right,all,1475,5272.35,932.976,1475,5272.35,932.976
Peritrigeminal zone,P5,549009215,left,all,1364,4061.9,860.438,1364,4061.9,860.438
Peritrigeminal zone,P5,549009215,right,all,1342,4070.15,815.754,1342,4070.15,815.754
Accessory trigeminal nucleus,Acs5,549009219,left,all,60,3759.34,798.533,60,3759.34,798.533
Accessory trigeminal nucleus,Acs5,549009219,right,all,57,3536.94,759.86,57,3536.94,759.86
Parvicellular motor 5 nucleus,PC5,549009223,left,all,146,4467.95,815.103,146,4467.95,815.103
Parvicellular motor 5 nucleus,PC5,549009223,right,all,175,3975.22,774.44,175,3975.22,774.44
Intertrigeminal nucleus,I5,549009227,left,all,227,3191.63,883.502,227,3191.63,883.502
Intertrigeminal nucleus,I5,549009227,right,all,231,3609.74,852.571,231,3609.74,852.571
Pons/ behavioral state related,P-sat,1117,left,all,22929,4832.63,1032.59,22929,4832.63,1032.59
Pons/ behavioral state related,P-sat,1117,right,all,25962,4836.02,997.053,25962,4836.02,997.053
Superior central nucleus raphe,CS,679,left,all,5320,4348.31,1034.69,5320,4348.31,1034.69
Superior central nucleus raphe,CS,679,right,all,5498,4602.15,1052.16,5498,4602.15,1052.16
Locus ceruleus,LC,147,left,all,190,9349.61,1351.6,190,9349.61,1351.6
Locus ceruleus,LC,147,right,all,182,7565.43,1182.71,182,7565.43,1182.71
Laterodorsal tegmental nucleus,LDT,162,left,all,1378,5119.42,991.714,1378,5119.42,991.714
Laterodorsal tegmental nucleus,LDT,162,right,all,1244,4508.94,959.941,1244,4508.94,959.941
Nucleus incertus,NI,604,left,all,354,3465.21,883.819,354,3465.21,883.819
Nucleus incertus,NI,604,right,all,373,3733.36,875.595,373,3733.36,875.595
Pontine reticular nucleus,PRNr,146,left,all,14799,4968.23,1038.18,14799,4968.23,1038.18
Pontine reticular nucleus,PRNr,146,right,all,17736,4950.91,984.916,17736,4950.91,984.916
Nucleus raphe pontis,RPO,238,left,all,602,4816.06,1002.83,602,4816.06,1002.83
Nucleus raphe pontis,RPO,238,right,all,644,4346.5,972.811,644,4346.5,972.811
Subceruleus nucleus,SLC,350,left,all,132,4699.9,979.682,132,4699.9,979.682
Subceruleus nucleus,SLC,350,right,all,118,4938.6,990.271,118,4938.6,990.271
Sublaterodorsal nucleus,SLD,358,left,all,154,3715.44,897.857,154,3715.44,897.857
Sublaterodorsal nucleus,SLD,358,right,all,167,4073.96,915.407,167,4073.96,915.407
Medulla,MY,354,left,all,113947,4493.84,997.425,113947,4493.84,997.425
Medulla,MY,354,right,all,118874,4612.63,932.991,118874,4612.63,932.991
Medulla/ sensory related,MY-sen,386,left,all,39819,4678.02,1011.1,39819,4678.02,1011.1
Medulla/ sensory related,MY-sen,386,right,all,45446,4706.89,915.504,45446,4706.89,915.504
Area postrema,AP,207,left,all,94,3620.46,663.66,94,3620.46,663.66
Area postrema,AP,207,right,all,68,3948.04,724.809,68,3948.04,724.809
Cochlear nuclei,CN,607,left,all,5248,4372.21,1037.09,5248,4372.21,1037.09
Cochlear nuclei,CN,607,right,all,4612,4529.42,952.234,4612,4529.42,952.234
Dorsal cochlear nucleus,DCO,96,left,all,2715,4521.4,1083.04,2715,4521.4,1083.04
Dorsal cochlear nucleus,DCO,96,right,all,2737,4732.53,1011.89,2737,4732.53,1011.89
Ventral cochlear nucleus,VCO,101,left,all,2533,4212.29,987.843,2533,4212.29,987.843
Ventral cochlear nucleus,VCO,101,right,all,1875,4232.94,865.152,1875,4232.94,865.152
Dorsal column nuclei,DCN,720,left,all,4398,4483.31,947.929,4398,4483.31,947.929
Dorsal column nuclei,DCN,720,right,all,4072,4988.06,885.943,4072,4988.06,885.943
Cuneate nucleus,CU,711,left,all,3645,4622.29,976.948,3645,4622.29,976.948
Cuneate nucleus,CU,711,right,all,3742,5079.49,902.526,3742,5079.49,902.526
Gracile nucleus,GR,1039,left,all,753,3810.56,807.457,753,3810.56,807.457
Gracile nucleus,GR,1039,right,all,330,3951.36,697.903,330,3951.36,697.903
External cuneate nucleus,ECU,903,left,all,954,6208.93,1150.76,954,6208.93,1150.76
External cuneate nucleus,ECU,903,right,all,1513,7909.09,1109.89,1513,7909.09,1109.89
Nucleus of the trapezoid body,NTB,642,left,all,0,0,0,0,0,0
Nucleus of the trapezoid body,NTB,642,right,all,0,0,0,0,0,0
Nucleus of the solitary tract,NTS,651,left,all,7825,3963.85,982.563,7825,3963.85,982.563
Nucleus of the solitary tract,NTS,651,right,all,6924,4146.92,922.493,6924,4146.92,922.493
Spinal nucleus of the trigeminal/ caudal part,SPVC,429,left,all,11866,4687.3,990.637,11866,4687.3,990.637
Spinal nucleus of the trigeminal/ caudal part,SPVC,429,right,all,14048,4503.62,843.72,14048,4503.62,843.72
Spinal nucleus of the trigeminal/ interpolar part,SPVI,437,left,all,7139,5580.46,1095.47,7139,5580.46,1095.47
Spinal nucleus of the trigeminal/ interpolar part,SPVI,437,right,all,11573,4887.75,974.467,11573,4887.75,974.467
Spinal nucleus of the trigeminal/ oral part,SPVO,445,left,all,2186,4792.51,980.602,2186,4792.51,980.602
Spinal nucleus of the trigeminal/ oral part,SPVO,445,right,all,2475,4591.19,907.174,2475,4591.19,907.174
Paratrigeminal nucleus,Pa5,589508451,left,all,109,3628.33,749.083,109,3628.33,749.083
Paratrigeminal nucleus,Pa5,589508451,right,all,161,3503.16,717.41,161,3503.16,717.41
Medulla/ motor related,MY-mot,370,left,all,68069,4397.69,993.128,68069,4397.69,993.128
Medulla/ motor related,MY-mot,370,right,all,65457,4547.75,948.696,65457,4547.75,948.696
Abducens nucleus,VI,653,left,all,65,3221.86,838.892,65,3221.86,838.892
Abducens nucleus,VI,653,right,all,58,5017.25,953.224,58,5017.25,953.224
Facial motor nucleus,VII,661,left,all,1,1871.92,1059,1,1871.92,1059
Facial motor nucleus,VII,661,right,all,0,0,0,0,0,0
Accessory facial motor nucleus,ACVII,576,left,all,11,3753.22,790.091,11,3753.22,790.091
Accessory facial motor nucleus,ACVII,576,right,all,20,4013.6,845.15,20,4013.6,845.15
Nucleus ambiguus,AMB,135,left,all,0,0,0,0,0,0
Nucleus ambiguus,AMB,135,right,all,0,0,0,0,0,0
Nucleus ambiguus/ dorsal division,AMBd,939,left,all,0,0,0,0,0,0
Nucleus ambiguus/ dorsal division,AMBd,939,right,all,0,0,0,0,0,0
Nucleus ambiguus/ ventral division,AMBv,143,left,all,0,0,0,0,0,0
Nucleus ambiguus/ ventral division,AMBv,143,right,all,0,0,0,0,0,0
Dorsal motor nucleus of the vagus nerve,DMX,839,left,all,1831,4004.82,931.906,1831,4004.82,931.906
Dorsal motor nucleus of the vagus nerve,DMX,839,right,all,1912,5187.22,979.883,1912,5187.22,979.883
Gigantocellular reticular nucleus,GRN,1048,left,all,10249,4258.48,955.162,10249,4258.48,955.162
Gigantocellular reticular nucleus,GRN,1048,right,all,10073,4257.36,923.06,10073,4257.36,923.06
Infracerebellar nucleus,ICB,372,left,all,232,6028.92,1123,232,6028.92,1123
Infracerebellar nucleus,ICB,372,right,all,179,5621.1,1046.41,179,5621.1,1046.41
Inferior olivary complex,IO,83,left,all,0,0,0,0,0,0
Inferior olivary complex,IO,83,right,all,0,0,0,0,0,0
Intermediate reticular nucleus,IRN,136,left,all,13577,4054.94,983.482,13577,4054.94,983.482
Intermediate reticular nucleus,IRN,136,right,all,12564,4234.52,921.137,12564,4234.52,921.137
Inferior salivatory nucleus,ISN,106,left,all,40,4628.15,993.375,40,4628.15,993.375
Inferior salivatory nucleus,ISN,106,right,all,48,2987.88,852.083,48,2987.88,852.083
Linear nucleus of the medulla,LIN,203,left,all,385,3420.05,961.486,385,3420.05,961.486
Linear nucleus of the medulla,LIN,203,right,all,448,3619.82,915.185,448,3619.82,915.185
Lateral reticular nucleus,LRN,235,left,all,0,0,0,0,0,0
Lateral reticular nucleus,LRN,235,right,all,0,0,0,0,0,0
Lateral reticular nucleus/ magnocellular part,LRNm,955,left,all,0,0,0,0,0,0
Lateral reticular nucleus/ magnocellular part,LRNm,955,right,all,0,0,0,0,0,0
Lateral reticular nucleus/ parvicellular part,LRNp,963,left,all,0,0,0,0,0,0
Lateral reticular nucleus/ parvicellular part,LRNp,963,right,all,0,0,0,0,0,0
Magnocellular reticular nucleus,MARN,307,left,all,0,0,0,0,0,0
Magnocellular reticular nucleus,MARN,307,right,all,0,0,0,0,0,0
Medullary reticular nucleus,MDRN,395,left,all,9124,3953.93,899.079,9124,3953.93,899.079
Medullary reticular nucleus,MDRN,395,right,all,7330,3892.16,810.192,7330,3892.16,810.192
Medullary reticular nucleus/ dorsal part,MDRNd,1098,left,all,7538,3927.04,903.358,7538,3927.04,903.358
Medullary reticular nucleus/ dorsal part,MDRNd,1098,right,all,6680,3898.72,813.993,6680,3898.72,813.993
Medullary reticular nucleus/ ventral part,MDRNv,1107,left,all,1586,4081.78,878.739,1586,4081.78,878.739
Medullary reticular nucleus/ ventral part,MDRNv,1107,right,all,650,3824.68,771.129,650,3824.68,771.129
Parvicellular reticular nucleus,PARN,852,left,all,9357,4136.36,984.106,9357,4136.36,984.106
Parvicellular reticular nucleus,PARN,852,right,all,10549,4198.98,926.65,10549,4198.98,926.65
Parasolitary nucleus,PAS,859,left,all,249,4630.64,1011.41,249,4630.64,1011.41
Parasolitary nucleus,PAS,859,right,all,271,3961.83,932.882,271,3961.83,932.882
Paragigantocellular reticular nucleus,PGRN,938,left,all,1065,4358.59,966.885,1065,4358.59,966.885
Paragigantocellular reticular nucleus,PGRN,938,right,all,982,4567.3,965.993,982,4567.3,965.993
Paragigantocellular reticular nucleus/ dorsal part,PGRNd,970,left,all,1065,4358.59,966.885,1065,4358.59,966.885
Paragigantocellular reticular nucleus/ dorsal part,PGRNd,970,right,all,982,4567.3,965.993,982,4567.3,965.993
Paragigantocellular reticular nucleus/ lateral part,PGRNl,978,left,all,0,0,0,0,0,0
Paragigantocellular reticular nucleus/ lateral part,PGRNl,978,right,all,0,0,0,0,0,0
Perihypoglossal nuclei,PHY,154,left,all,1869,3927.51,992.429,1869,3927.51,992.429
Perihypoglossal nuclei,PHY,154,right,all,1326,3951.91,955.034,1326,3951.91,955.034
Nucleus of Roller,NR,177,left,all,178,3928.19,897.983,178,3928.19,897.983
Nucleus of Roller,NR,177,right,all,118,4076.5,850.305,118,4076.5,850.305
Nucleus prepositus,PRP,169,left,all,1691,3927.44,1002.37,1691,3927.44,1002.37
Nucleus prepositus,PRP,169,right,all,1208,3939.74,965.264,1208,3939.74,965.264
Parapyramidal nucleus,PPY,1069,left,all,0,0,0,0,0,0
Parapyramidal nucleus,PPY,1069,right,all,0,0,0,0,0,0
Vestibular nuclei,VNC,701,left,all,18054,5244.46,1090.44,18054,5244.46,1090.44
Vestibular nuclei,VNC,701,right,all,17551,5481.25,1055.44,17551,5481.25,1055.44
Lateral vestibular nucleus,LAV,209,left,all,660,6700.18,1055.98,660,6700.18,1055.98
Lateral vestibular nucleus,LAV,209,right,all,807,8593.53,1110.57,807,8593.53,1110.57
Medial vestibular nucleus,MV,202,left,all,11819,4656.95,1074.34,11819,4656.95,1074.34
Medial vestibular nucleus,MV,202,right,all,10125,4703.79,1041.76,10125,4703.79,1041.76
Spinal vestibular nucleus,SPIV,225,left,all,4025,5833.2,1108.15,4025,5833.2,1108.15
Spinal vestibular nucleus,SPIV,225,right,all,5161,5340.13,1023.58,5161,5340.13,1023.58
Superior vestibular nucleus,SUV,217,left,all,1550,7575.63,1181.9,1550,7575.63,1181.9
Superior vestibular nucleus,SUV,217,right,all,1458,9657.16,1232.72,1458,9657.16,1232.72
Nucleus x,x,765,left,all,181,6196.21,1068.76,181,6196.21,1068.76
Nucleus x,x,765,right,all,318,5160.95,1026.47,318,5160.95,1026.47
Hypoglossal nucleus,XII,773,left,all,1760,3588.22,892.714,1760,3588.22,892.714
Hypoglossal nucleus,XII,773,right,all,1812,3841.69,880.985,1812,3841.69,880.985
Nucleus y,y,781,left,all,19,6636.82,984.158,19,6636.82,984.158
Nucleus y,y,781,right,all,16,6731.5,947.812,16,6731.5,947.812
Medulla/ behavioral state related,MY-sat,379,left,all,15,2899.19,754.2,15,2899.19,754.2
Medulla/ behavioral state related,MY-sat,379,right,all,18,2736.93,703.5,18,2736.93,703.5
Nucleus raphe magnus,RM,206,left,all,6,2272.45,676.167,6,2272.45,676.167
Nucleus raphe magnus,RM,206,right,all,10,2099.79,529.6,10,2099.79,529.6
Nucleus raphe pallidus,RPA,230,left,all,0,0,0,0,0,0
Nucleus raphe pallidus,RPA,230,right,all,0,0,0,0,0,0
Nucleus raphe obscurus,RO,222,left,all,9,3317.02,806.222,9,3317.02,806.222
Nucleus raphe obscurus,RO,222,right,all,8,3533.36,920.875,8,3533.36,920.875
Cerebellum,CB,512,left,all,129538,7603.92,1182,129538,7603.92,1182
Cerebellum,CB,512,right,all,114316,7516.66,1132.6,114316,7516.66,1132.6
Cerebellar cortex,CBX,528,left,all,123104,7686.24,1187.58,123104,7686.24,1187.58
Cerebellar cortex,CBX,528,right,all,107970,7613.37,1138.14,107970,7613.37,1138.14
Vermal regions,VERM,645,left,all,47430,6188.34,1128.51,47430,6188.34,1128.51
Vermal regions,VERM,645,right,all,40996,6089.39,1110.78,40996,6089.39,1110.78
Lingula (I),LING,912,left,all,14,3941.99,923.071,14,3941.99,923.071
Lingula (I),LING,912,right,all,11,6050.71,966.636,11,6050.71,966.636
Central lobule,CENT,920,left,all,8746,5784.24,1155.36,8746,5784.24,1155.36
Central lobule,CENT,920,right,all,7663,5641.29,1138.16,7663,5641.29,1138.16
Lobule II,CENT2,976,left,all,2173,5432.11,1060.84,2173,5432.11,1060.84
Lobule II,CENT2,976,right,all,1917,5136.32,1049.51,1917,5136.32,1049.51
Lobule III,CENT3,984,left,all,6573,5900.66,1186.61,6573,5900.66,1186.61
Lobule III,CENT3,984,right,all,5746,5809.76,1167.73,5746,5809.76,1167.73
Culmen,CUL,928,left,all,15870,7311.56,1225.45,15870,7311.56,1225.45
Culmen,CUL,928,right,all,12858,7283.96,1208.89,12858,7283.96,1208.89
Lobules IV-V,CUL4/ 5,1091,left,all,15870,7311.56,1225.45,15870,7311.56,1225.45
Lobules IV-V,CUL4/ 5,1091,right,all,12858,7283.96,1208.89,12858,7283.96,1208.89
Declive (VI),DEC,936,left,all,9753,6815.27,1136.95,9753,6815.27,1136.95
Declive (VI),DEC,936,right,all,7371,6824.05,1161.94,7371,6824.05,1161.94
Folium-tuber vermis (VII),FOTU,944,left,all,3419,5561.13,996.254,3419,5561.13,996.254
Folium-tuber vermis (VII),FOTU,944,right,all,3302,5855.55,1011.48,3302,5855.55,1011.48
Pyramus (VIII),PYR,951,left,all,4333,5058.18,1071.64,4333,5058.18,1071.64
Pyramus (VIII),PYR,951,right,all,4475,5162.26,1039.62,4475,5162.26,1039.62
Uvula (IX),UVU,957,left,all,3062,3961.94,961.009,3062,3961.94,961.009
Uvula (IX),UVU,957,right,all,3049,3952.82,913.555,3049,3952.82,913.555
Nodulus (X),NOD,968,left,all,2233,3270.4,841.391,2233,3270.4,841.391
Nodulus (X),NOD,968,right,all,2267,3484.49,846.395,2267,3484.49,846.395
Hemispheric regions,HEM,1073,left,all,75674,8625.08,1224.61,75674,8625.08,1224.61
Hemispheric regions,HEM,1073,right,all,66974,8546.22,1154.9,66974,8546.22,1154.9
Simple lobule,SIM,1007,left,all,14874,9462.06,1301.94,14874,9462.06,1301.94
Simple lobule,SIM,1007,right,all,10732,8846.37,1231.64,10732,8846.37,1231.64
Ansiform lobule,AN,1017,left,all,34834,10510.6,1332.59,34834,10510.6,1332.59
Ansiform lobule,AN,1017,right,all,28251,10504.7,1255.2,28251,10504.7,1255.2
Crus 1,ANcr1,1056,left,all,15830,9650.02,1306.3,15830,9650.02,1306.3
Crus 1,ANcr1,1056,right,all,13075,9371.7,1201.31,13075,9371.7,1201.31
Crus 2,ANcr2,1064,left,all,19004,11227.5,1354.49,19004,11227.5,1354.49
Crus 2,ANcr2,1064,right,all,15176,11480.9,1301.63,15176,11480.9,1301.63
Paramedian lobule,PRM,1025,left,all,9943,6735.23,1117.55,9943,6735.23,1117.55
Paramedian lobule,PRM,1025,right,all,11628,8545.52,1147.51,11628,8545.52,1147.51
Copula pyramidis,COPY,1033,left,all,5213,5079,1019.36,5213,5079,1019.36
Copula pyramidis,COPY,1033,right,all,5488,5862.41,999.718,5488,5862.41,999.718
Paraflocculus,PFL,1041,left,all,9119,4901.14,958.193,9119,4901.14,958.193
Paraflocculus,PFL,1041,right,all,8571,4604.12,905.981,8571,4604.12,905.981
Flocculus,FL,1049,left,all,1691,4547.91,1018.97,1691,4547.91,1018.97
Flocculus,FL,1049,right,all,2304,4194.18,900.396,2304,4194.18,900.396
Cerebellar nuclei,CBN,519,left,all,4799,6317.75,1119.6,4799,6317.75,1119.6
Cerebellar nuclei,CBN,519,right,all,4532,6251.17,1101.53,4532,6251.17,1101.53
Fastigial nucleus,FN,989,left,all,1122,5706.6,1113.82,1122,5706.6,1113.82
Fastigial nucleus,FN,989,right,all,1141,5306.99,1084.12,1141,5306.99,1084.12
Interposed nucleus,IP,91,left,all,2333,6732.47,1150.75,2333,6732.47,1150.75
Interposed nucleus,IP,91,right,all,2171,6528.74,1133.52,2171,6528.74,1133.52
Dentate nucleus,DN,846,left,all,1046,6239.69,1092.51,1046,6239.69,1092.51
Dentate nucleus,DN,846,right,all,915,6767.55,1094.59,915,6767.55,1094.59
Vestibulocerebellar nucleus,VeCB,589508455,left,all,298,5646.02,992.57,298,5646.02,992.57
Vestibulocerebellar nucleus,VeCB,589508455,right,all,305,6258.37,959.702,305,6258.37,959.702
fiber tracts,fiber tracts,1009,left,all,139027,4694.93,963.674,139027,4694.93,963.674
fiber tracts,fiber tracts,1009,right,all,121104,4500.46,887.601,121104,4500.46,887.601
cranial nerves,cm,967,left,all,26707,4690.1,910.815,26707,4690.1,910.815
cranial nerves,cm,967,right,all,24554,4904.07,872.102,24554,4904.07,872.102
vomeronasal nerve,von,949,left,all,14,7892.87,931.071,14,7892.87,931.071
vomeronasal nerve,von,949,right,all,27,5407.67,797.333,27,5407.67,797.333
olfactory nerve,In,840,left,all,15216,5001.31,899.986,15216,5001.31,899.986
olfactory nerve,In,840,right,all,13866,5384.16,870.783,13866,5384.16,870.783
olfactory nerve layer of main olfactory bulb,onl,1016,left,all,10592,4660.07,834.034,10592,4660.07,834.034
olfactory nerve layer of main olfactory bulb,onl,1016,right,all,10596,4839.5,823.703,10596,4839.5,823.703
lateral olfactory tract/ general,lotg,21,left,all,3256,6873.29,1142.51,3256,6873.29,1142.51
lateral olfactory tract/ general,lotg,21,right,all,2157,9212.14,1147.5,2157,9212.14,1147.5
lateral olfactory tract/ body,lot,665,left,all,1836,6445.61,1119.97,1836,6445.61,1119.97
lateral olfactory tract/ body,lot,665,right,all,1611,7530.93,1009.44,1611,7530.93,1009.44
dorsal limb,lotd,538,left,all,1420,7426.27,1171.65,1420,7426.27,1171.65
dorsal limb,lotd,538,right,all,546,14172.6,1554.88,546,14172.6,1554.88
anterior commissure/ olfactory limb,aco,900,left,all,1368,3187.91,833.401,1368,3187.91,833.401
anterior commissure/ olfactory limb,aco,900,right,all,1113,3150.77,782.711,1113,3150.77,782.711
optic nerve,IIn,848,left,all,3585,4566.82,909.797,3585,4566.82,909.797
optic nerve,IIn,848,right,all,3174,3833.36,819.527,3174,3833.36,819.527
brachium of the superior colliculus,bsc,916,left,all,903,6838.16,1077.71,903,6838.16,1077.71
brachium of the superior colliculus,bsc,916,right,all,687,4591.15,971.745,687,4591.15,971.745
superior colliculus commissure,csc,336,left,all,263,3426.54,1025.32,263,3426.54,1025.32
superior colliculus commissure,csc,336,right,all,239,3384.47,964.075,239,3384.47,964.075
optic chiasm,och,117,left,all,0,0,0,0,0,0
optic chiasm,och,117,right,all,0,0,0,0,0,0
optic tract,opt,125,left,all,2419,3842.92,834.555,2419,3842.92,834.555
optic tract,opt,125,right,all,2248,3649.49,757.641,2248,3649.49,757.641
oculomotor nerve,IIIn,832,left,all,877,3885.47,995.859,877,3885.47,995.859
oculomotor nerve,IIIn,832,right,all,903,4859.24,1020.44,903,4859.24,1020.44
medial longitudinal fascicle,mlf,62,left,all,645,3881.59,970.919,645,3881.59,970.919
medial longitudinal fascicle,mlf,62,right,all,721,4986.56,1016.58,721,4986.56,1016.58
posterior commissure,pc,158,left,all,226,3906.34,1069.55,226,3906.34,1069.55
posterior commissure,pc,158,right,all,170,4361.69,1043,170,4361.69,1043
trochlear nerve,IVn,911,left,all,32,6536.42,993.438,32,6536.42,993.438
trochlear nerve,IVn,911,right,all,17,3732.07,828.529,17,3732.07,828.529
trigeminal nerve,Vn,901,left,all,186,3731.51,730.973,186,3731.51,730.973
trigeminal nerve,Vn,901,right,all,707,4529.42,791.05,707,4529.42,791.05
motor root of the trigeminal nerve,moV,93,left,all,0,0,0,0,0,0
motor root of the trigeminal nerve,moV,93,right,all,0,0,0,0,0,0
sensory root of the trigeminal nerve,sV,229,left,all,186,3731.51,730.973,186,3731.51,730.973
sensory root of the trigeminal nerve,sV,229,right,all,707,4529.42,791.05,707,4529.42,791.05
spinal tract of the trigeminal nerve,sptV,794,left,all,185,3738.97,732.6,185,3738.97,732.6
spinal tract of the trigeminal nerve,sptV,794,right,all,690,4568.74,796.484,690,4568.74,796.484
facial nerve,VIIn,798,left,all,292,3451.99,862.976,292,3451.99,862.976
facial nerve,VIIn,798,right,all,299,4458.42,888.893,299,4458.42,888.893
genu of the facial nerve,gVIIn,1116,left,all,73,3825.33,889.411,73,3825.33,889.411
genu of the facial nerve,gVIIn,1116,right,all,83,4450.53,924.988,83,4450.53,924.988
vestibulocochlear nerve,VIIIn,933,left,all,3737,4081.5,805.206,3737,4081.5,805.206
vestibulocochlear nerve,VIIIn,933,right,all,3477,4253.33,800.681,3477,4253.33,800.681
vestibular nerve,vVIIIn,413,left,all,100,5719.1,866.48,100,5719.1,866.48
vestibular nerve,vVIIIn,413,right,all,105,4949.65,912.838,105,4949.65,912.838
cochlear nerve,cVIIIn,948,left,all,3637,4036.47,803.521,3637,4036.47,803.521
cochlear nerve,cVIIIn,948,right,all,3372,4231.64,797.189,3372,4231.64,797.189
trapezoid body,tb,841,left,all,0,0,0,0,0,0
trapezoid body,tb,841,right,all,0,0,0,0,0,0
dorsal acoustic stria,das,506,left,all,35,7914.27,1177.54,35,7914.27,1177.54
dorsal acoustic stria,das,506,right,all,43,12492,1336.95,43,12492,1336.95
lateral lemniscus,ll,658,left,all,2758,4223.93,843.049,2758,4223.93,843.049
lateral lemniscus,ll,658,right,all,2660,4279.73,821.064,2660,4279.73,821.064
inferior colliculus commissure,cic,633,left,all,71,3447.84,705.662,71,3447.84,705.662
inferior colliculus commissure,cic,633,right,all,62,3006.22,685.403,62,3006.22,685.403
brachium of the inferior colliculus,bic,482,left,all,773,3246.13,654.545,773,3246.13,654.545
brachium of the inferior colliculus,bic,482,right,all,607,3560.92,665.743,607,3560.92,665.743
vagus nerve,Xn,917,left,all,100,3867.29,922.96,100,3867.29,922.96
vagus nerve,Xn,917,right,all,151,5518.42,916.583,151,5518.42,916.583
solitary tract,ts,237,left,all,100,3867.29,922.96,100,3867.29,922.96
solitary tract,ts,237,right,all,151,5518.42,916.583,151,5518.42,916.583
dorsal roots,drt,792,left,all,2668,4392.05,1110.14,2668,4392.05,1110.14
dorsal roots,drt,792,right,all,1933,4571.11,1052.07,1933,4571.11,1052.07
cervicothalamic tract,cett,932,left,all,2668,4392.05,1110.14,2668,4392.05,1110.14
cervicothalamic tract,cett,932,right,all,1933,4571.11,1052.07,1933,4571.11,1052.07
dorsal column,dc,514,left,all,131,4747.68,837.237,131,4747.68,837.237
dorsal column,dc,514,right,all,198,5594.74,850.525,198,5594.74,850.525
cuneate fascicle,cuf,380,left,all,131,4747.68,837.237,131,4747.68,837.237
cuneate fascicle,cuf,380,right,all,198,5594.74,850.525,198,5594.74,850.525
medial lemniscus,ml,697,left,all,2537,4373.69,1124.23,2537,4373.69,1124.23
medial lemniscus,ml,697,right,all,1735,4454.29,1075.07,1735,4454.29,1075.07
cerebellum related fiber tracts,cbf,960,left,all,16389,6227.86,1121.13,16389,6227.86,1121.13
cerebellum related fiber tracts,cbf,960,right,all,13565,6256.52,1101.1,13565,6256.52,1101.1
cerebellar commissure,cbc,744,left,all,118,5768.38,1096.19,118,5768.38,1096.19
cerebellar commissure,cbc,744,right,all,122,5189.52,1033.76,122,5189.52,1033.76
cerebellar peduncles,cbp,752,left,all,2944,4903.22,949.157,2944,4903.22,949.157
cerebellar peduncles,cbp,752,right,all,2766,5734.89,1003.97,2766,5734.89,1003.97
superior cerebelar peduncles,scp,326,left,all,2213,4950.97,982.455,2213,4950.97,982.455
superior cerebelar peduncles,scp,326,right,all,2263,5868.62,1044.56,2263,5868.62,1044.56
superior cerebellar peduncle decussation,dscp,812,left,all,128,5068.93,1067.55,128,5068.93,1067.55
superior cerebellar peduncle decussation,dscp,812,right,all,285,6435.12,1197.32,285,6435.12,1197.32
uncinate fascicle,uf,850,left,all,218,3955.36,875.495,218,3955.36,875.495
uncinate fascicle,uf,850,right,all,188,4498.64,911.399,188,4498.64,911.399
ventral spinocerebellar tract,sctv,866,left,all,157,4010.86,794.363,157,4010.86,794.363
ventral spinocerebellar tract,sctv,866,right,all,180,3499.85,774.022,180,3499.85,774.022
middle cerebellar peduncle,mcp,78,left,all,340,3694.53,710.935,340,3694.53,710.935
middle cerebellar peduncle,mcp,78,right,all,242,4377.49,744.773,242,4377.49,744.773
inferior cerebellar peduncle,icp,1123,left,all,391,5683.99,967.844,391,5683.99,967.844
inferior cerebellar peduncle,icp,1123,right,all,261,5833.96,892.314,261,5833.96,892.314
dorsal spinocerebellar tract,sctd,553,left,all,0,0,0,0,0,0
dorsal spinocerebellar tract,sctd,553,right,all,0,0,0,0,0,0
arbor vitae,arb,728,left,all,13327,6524.54,1159.34,13327,6524.54,1159.34
arbor vitae,arb,728,right,all,10677,6403.85,1127.03,10677,6403.85,1127.03
supra-callosal cerebral white matter,scwm,484682512,left,all,4181,4256.82,948.644,4181,4256.82,948.644
supra-callosal cerebral white matter,scwm,484682512,right,all,2665,3700.07,796.65,2665,3700.07,796.65
lateral forebrain bundle system,lfbs,983,left,all,53102,4462.69,959.016,53102,4462.69,959.016
lateral forebrain bundle system,lfbs,983,right,all,45975,4141.42,855.261,45975,4141.42,855.261
corpus callosum,cc,776,left,all,36607,4394.27,946.625,36607,4394.27,946.625
corpus callosum,cc,776,right,all,29593,4022.87,839.954,29593,4022.87,839.954
corpus callosum/ anterior forceps,fa,956,left,all,6775,5088.49,994.431,6775,5088.49,994.431
corpus callosum/ anterior forceps,fa,956,right,all,4892,4555.42,875.495,4892,4555.42,875.495
external capsule,ec,579,left,all,5578,5445.35,1027.71,5578,5445.35,1027.71
external capsule,ec,579,right,all,4177,4825.57,897.158,4177,4825.57,897.158
corpus callosum/ extreme capsule,ee,964,left,all,783,5000.92,854.313,783,5000.92,854.313
corpus callosum/ extreme capsule,ee,964,right,all,717,4527.84,799.905,717,4527.84,799.905
genu of corpus callosum,ccg,1108,left,all,1714,3222.07,903.925,1714,3222.07,903.925
genu of corpus callosum,ccg,1108,right,all,1190,3031.37,814.455,1190,3031.37,814.455
corpus callosum/ posterior forceps,fp,971,left,all,12587,5086.78,990.586,12587,5086.78,990.586
corpus callosum/ posterior forceps,fp,971,right,all,12096,4187.11,866.98,12096,4187.11,866.98
corpus callosum/ body,ccb,484682516,left,all,9561,3191.02,905.998,9561,3191.02,905.998
corpus callosum/ body,ccb,484682516,right,all,5410,3247.69,790.982,5410,3247.69,790.982
corpus callosum/ splenium,ccs,986,left,all,5187,4320.72,880.434,5187,4320.72,880.434
corpus callosum/ splenium,ccs,986,right,all,5288,4102.23,806.523,5288,4102.23,806.523
corticospinal tract,cst,784,left,all,7329,3996.58,933.743,7329,3996.58,933.743
corticospinal tract,cst,784,right,all,6246,4128.63,872.066,6246,4128.63,872.066
internal capsule,int,6,left,all,4808,3867.02,931.127,4808,3867.02,931.127
internal capsule,int,6,right,all,4499,4119.87,878.555,4499,4119.87,878.555
cerebal peduncle,cpd,924,left,all,2521,4243.67,938.733,2521,4243.67,938.733
cerebal peduncle,cpd,924,right,all,1746,4151.81,855.541,1746,4151.81,855.541
pyramid,py,190,left,all,0,0,0,0,0,0
pyramid,py,190,right,all,0,0,0,0,0,0
pyramidal decussation,pyd,198,left,all,0,0,0,0,0,0
pyramidal decussation,pyd,198,right,all,0,0,0,0,0,0
thalamus related,lfbst,896,left,all,9166,5108.62,1028.71,9166,5108.62,1028.71
thalamus related,lfbst,896,right,all,10136,4495.43,889.596,10136,4495.43,889.596
external medullary lamina of the thalamus,em,1092,left,all,751,5006.79,1164.83,751,5006.79,1164.83
external medullary lamina of the thalamus,em,1092,right,all,750,4675.05,1019.73,750,4675.05,1019.73
optic radiation,or,484682520,left,all,7099,5312.59,1019.08,7099,5312.59,1019.08
optic radiation,or,484682520,right,all,8274,4403.06,863.698,8274,4403.06,863.698
auditory radiation,ar,484682524,left,all,1316,4066.45,1002.99,1316,4066.45,1002.99
auditory radiation,ar,484682524,right,all,1112,5061.62,994.525,1112,5061.62,994.525
extrapyramidal fiber systems,eps,1000,left,all,3179,4549.12,995.155,3179,4549.12,995.155
extrapyramidal fiber systems,eps,1000,right,all,4077,4434.19,959.964,4077,4434.19,959.964
cerebral nuclei related,epsc,760,left,all,534,3757.41,928.749,534,3757.41,928.749
cerebral nuclei related,epsc,760,right,all,637,3762.12,942.52,637,3762.12,942.52
nigrostriatal tract,nst,102,left,all,534,3757.41,928.749,534,3757.41,928.749
nigrostriatal tract,nst,102,right,all,637,3762.12,942.52,637,3762.12,942.52
tectospinal pathway,tsp,877,left,all,1568,4545.6,967.233,1568,4545.6,967.233
tectospinal pathway,tsp,877,right,all,2033,4314.01,937.747,2033,4314.01,937.747
direct tectospinal pathway,tspd,1051,left,all,0,0,0,0,0,0
direct tectospinal pathway,tspd,1051,right,all,0,0,0,0,0,0
doral tegmental decussation,dtd,1060,left,all,26,3316.21,1098.12,26,3316.21,1098.12
doral tegmental decussation,dtd,1060,right,all,21,3158.81,1072.1,21,3158.81,1072.1
crossed tectospinal pathway,tspc,1043,left,all,1542,4566.33,965.026,1542,4566.33,965.026
crossed tectospinal pathway,tspc,1043,right,all,2012,4326.07,936.344,2012,4326.07,936.344
rubrospinal tract,rust,863,left,all,1077,4946.79,1068.73,1077,4946.79,1068.73
rubrospinal tract,rust,863,right,all,1407,4912.1,999.964,1407,4912.1,999.964
ventral tegmental decussation,vtd,397,left,all,149,5811.72,1079.29,149,5811.72,1079.29
ventral tegmental decussation,vtd,397,right,all,130,4229.96,1007.97,130,4229.96,1007.97
medial forebrain bundle system,mfbs,991,left,all,31452,4249.44,921.5,31452,4249.44,921.5
medial forebrain bundle system,mfbs,991,right,all,26432,3911.42,842.732,26432,3911.42,842.732
cerebrum related,mfbc,768,left,all,27962,4305.54,910.257,27962,4305.54,910.257
cerebrum related,mfbc,768,right,all,23576,3949.49,827.416,23576,3949.49,827.416
amygdalar capsule,amc,884,left,all,855,3925.17,800.046,855,3925.17,800.046
amygdalar capsule,amc,884,right,all,830,3542.74,730.694,830,3542.74,730.694
anterior commissure/ temporal limb,act,908,left,all,1065,4644.74,1035.15,1065,4644.74,1035.15
anterior commissure/ temporal limb,act,908,right,all,775,3515.93,909.625,775,3515.93,909.625
cingulum bundle,cing,940,left,all,10719,3872.62,847.546,10719,3872.62,847.546
cingulum bundle,cing,940,right,all,8675,3829.77,798.063,8675,3829.77,798.063
fornix system,fxs,1099,left,all,14216,4663.67,958.074,14216,4663.67,958.074
fornix system,fxs,1099,right,all,12357,4105.03,850.185,12357,4105.03,850.185
alveus,alv,466,left,all,6500,5324.26,1012.81,6500,5324.26,1012.81
alveus,alv,466,right,all,6090,4640.69,889.371,6090,4640.69,889.371
dorsal fornix,df,530,left,all,91,3196.27,868.802,91,3196.27,868.802
dorsal fornix,df,530,right,all,85,4336.44,890.835,85,4336.44,890.835
fimbria,fi,603,left,all,3260,4143.03,927.357,3260,4143.03,927.357
fimbria,fi,603,right,all,2603,3762.12,817.586,2603,3762.12,817.586
postcommissural fornix,fxpo,737,left,all,1097,3129.09,898.073,1097,3129.09,898.073
postcommissural fornix,fxpo,737,right,all,1006,3257.82,874.839,1006,3257.82,874.839
medial corticohypothalamic tract,mct,428,left,all,20,3045.46,885.3,20,3045.46,885.3
medial corticohypothalamic tract,mct,428,right,all,9,2262.63,880.667,9,2262.63,880.667
columns of the fornix,fx,436,left,all,1077,3130.64,898.31,1077,3130.64,898.31
columns of the fornix,fx,436,right,all,997,3266.8,874.786,997,3266.8,874.786
hippocampal commissures,hc,618,left,all,3268,4425.11,902.475,3268,4425.11,902.475
hippocampal commissures,hc,618,right,all,2573,3507.7,779.434,2573,3507.7,779.434
dorsal hippocampal commissure,dhc,443,left,all,3245,4438.28,902.352,3245,4438.28,902.352
dorsal hippocampal commissure,dhc,443,right,all,2551,3514.79,778.648,2551,3514.79,778.648
ventral hippocampal commissure,vhc,449,left,all,23,2566.42,919.826,23,2566.42,919.826
ventral hippocampal commissure,vhc,449,right,all,22,2685.56,870.545,22,2685.56,870.545
stria terminalis,st,301,left,all,1107,3865.81,868.389,1107,3865.81,868.389
stria terminalis,st,301,right,all,939,3726.1,816.604,939,3726.1,816.604
commissural branch of stria terminalis,stc,484682528,left,all,254,4183.78,958.543,254,4183.78,958.543
commissural branch of stria terminalis,stc,484682528,right,all,197,3894.92,866.716,197,3894.92,866.716
hypothalamus related,mfsbshy,824,left,all,3490,3799.94,1011.58,3490,3799.94,1011.58
hypothalamus related,mfsbshy,824,right,all,2856,3597.11,969.161,2856,3597.11,969.161
medial forebrain bundle,mfb,54,left,all,142,3217.85,963.254,142,3217.85,963.254
medial forebrain bundle,mfb,54,right,all,136,3281.55,965.669,136,3281.55,965.669
supraoptic commissures,sup,349,left,all,20,3629.4,717.2,20,3629.4,717.2
supraoptic commissures,sup,349,right,all,14,2931.45,677.857,14,2931.45,677.857
mammillary related,mfbsma,46,left,all,1336,3200.08,915.847,1336,3200.08,915.847
mammillary related,mfbsma,46,right,all,1137,3723.92,930.139,1137,3723.92,930.139
principal mammillary tract,pm,753,left,all,174,2812.1,858.569,174,2812.1,858.569
principal mammillary tract,pm,753,right,all,142,2709.1,826.782,142,2709.1,826.782
mammillothalamic tract,mtt,690,left,all,834,3122.69,882.966,834,3122.69,882.966
mammillothalamic tract,mtt,690,right,all,625,2896.26,844.778,625,2896.26,844.778
mammillotegmental tract,mtg,681,left,all,260,3567.65,1030.92,260,3567.65,1030.92
mammillotegmental tract,mtg,681,right,all,303,6005.82,1139.31,303,6005.82,1139.31
mammillary peduncle,mp,673,left,all,68,3736.53,1025.68,68,3736.53,1025.68
mammillary peduncle,mp,673,right,all,67,3275.82,999.507,67,3275.82,999.507
epithalamus related,mfbse,1083,left,all,1992,4245.47,1082.19,1992,4245.47,1082.19
epithalamus related,mfbse,1083,right,all,1569,3538.51,1000.34,1569,3538.51,1000.34
stria medullaris,sm,802,left,all,987,5061.93,1061.27,987,5061.93,1061.27
stria medullaris,sm,802,right,all,685,4028.68,932.756,685,4028.68,932.756
fasciculus retroflexus,fr,595,left,all,974,3482.81,1115.22,974,3482.81,1115.22
fasciculus retroflexus,fr,595,right,all,852,3166.94,1062.3,852,3166.94,1062.3
habenular commissure,hbc,611,left,all,31,2212.9,710.484,31,2212.9,710.484
habenular commissure,hbc,611,right,all,32,2938.53,797.344,32,2938.53,797.344
ventricular systems,VS,73,left,all,11379,4268.62,910.881,11379,4268.62,910.881
ventricular systems,VS,73,right,all,11185,3653.07,808.383,11185,3653.07,808.383
lateral ventricle,VL,81,left,all,8708,4340.07,924.992,8708,4340.07,924.992
lateral ventricle,VL,81,right,all,8453,3490.48,804.433,8453,3490.48,804.433
subependymal zone,SEZ,98,left,all,33,3415.91,730.848,33,3415.91,730.848
subependymal zone,SEZ,98,right,all,38,2880.51,664.421,38,2880.51,664.421
choroid plexus,chpl,108,left,all,2925,3998.17,902.351,2925,3998.17,902.351
choroid plexus,chpl,108,right,all,3376,3207.29,811.414,3376,3207.29,811.414
third ventricle,V3,129,left,all,1126,3980.99,862.725,1126,3980.99,862.725
third ventricle,V3,129,right,all,1132,4461.19,855.973,1132,4461.19,855.973
cerebral aqueduct,AQ,140,left,all,201,4074.57,620.851,201,4074.57,620.851
cerebral aqueduct,AQ,140,right,all,262,3751.79,621.962,262,3751.79,621.962
fourth ventricle,V4,145,left,all,1340,4075.11,902.891,1340,4075.11,902.891
fourth ventricle,V4,145,right,all,1330,3980.23,828.573,1330,3980.23,828.573
lateral recess,V4r,153,left,all,601,4510.4,995.652,601,4510.4,995.652
lateral recess,V4r,153,right,all,918,3707.11,831.743,918,3707.11,831.743
central canal/ spinal cord/medulla,c,164,left,all,4,4260.84,996.75,4,4260.84,996.75
central canal/ spinal cord/medulla,c,164,right,all,8,3474.07,997.375,8,3474.07,997.375
