Region,,,,Experiment,Marker 1,,,Total,,
name,acronym,id,hemisphere,section,count,strength,channel (name not specified),count,strength,channel (name not specified)
Outside,,0,left,all,35487,5625.93,458.316,35487,5625.93,458.316
Outside,,0,right,all,38940,5332.24,436.059,38940,5332.24,436.059
root,root,997,left,all,1744257,6056.84,584.741,1744257,6056.84,584.741
root,root,997,right,all,1302277,5631.02,535.65,1302277,5631.02,535.65
Basic cell groups and regions,grey,8,left,all,1648987,6092.06,585.929,1648987,6092.06,585.929
Basic cell groups and regions,grey,8,right,all,1231386,5664.89,536.75,1231386,5664.89,536.75
Cerebrum,CH,567,left,all,1101490,5771.22,550.197,1101490,5771.22,550.197
Cerebrum,CH,567,right,all,807194,5447.61,500.306,807194,5447.61,500.306
Cerebral cortex,CTX,688,left,all,1028407,5854.26,552.149,1028407,5854.26,552.149
Cerebral cortex,CTX,688,right,all,756167,5517.9,502.041,756167,5517.9,502.041
Cortical plate,CTXpl,695,left,all,988981,5878.65,554.554,988981,5878.65,554.554
Cortical plate,CTXpl,695,right,all,731684,5542.98,503.646,731684,5542.98,503.646
Isocortex,Isocortex,315,left,all,670754,5687.03,547.521,670754,5687.03,547.521
Isocortex,Isocortex,315,right,all,468902,5297.05,496.49,468902,5297.05,496.49
Frontal pole/ cerebral cortex,FRP,184,left,all,5367,4800.32,444.929,5367,4800.32,444.929
Frontal pole/ cerebral cortex,FRP,184,right,all,3182,4588.63,390.462,3182,4588.63,390.462
Frontal pole/ layer 1,FRP1,68,left,all,900,4470.97,393.09,900,4470.97,393.09
Frontal pole/ layer 1,FRP1,68,right,all,1129,4350.32,363.732,1129,4350.32,363.732
Frontal pole/ layer 2/3,FRP2/3,667,left,all,1102,4023.76,396.778,1102,4023.76,396.778
Frontal pole/ layer 2/3,FRP2/3,667,right,all,540,4233.61,363.985,540,4233.61,363.985
Frontal pole/ layer 5,FRP5,526157192,left,all,2883,5337.18,482.684,2883,5337.18,482.684
Frontal pole/ layer 5,FRP5,526157192,right,all,1263,5009.27,423.507,1263,5009.27,423.507
Frontal pole/ layer 6a,FRP6a,526157196,left,all,481,3975.8,426.071,481,3975.8,426.071
Frontal pole/ layer 6a,FRP6a,526157196,right,all,250,4306.61,401.428,250,4306.61,401.428
Frontal pole/ layer 6b,FRP6b,526322264,left,all,1,5800.89,384,1,5800.89,384
Frontal pole/ layer 6b,FRP6b,526322264,right,all,0,0,0,0,0,0
Somatomotor areas,MO,500,left,all,123056,5569.54,529.333,123056,5569.54,529.333
Somatomotor areas,MO,500,right,all,90475,5396.37,481.009,90475,5396.37,481.009
Primary motor area,MOp,985,left,all,58021,5825.07,560.952,58021,5825.07,560.952
Primary motor area,MOp,985,right,all,42928,5547.22,494.115,42928,5547.22,494.115
Primary motor area/ Layer 1,MOp1,320,left,all,2888,4591.68,435.869,2888,4591.68,435.869
Primary motor area/ Layer 1,MOp1,320,right,all,3284,4561.43,412.04,3284,4561.43,412.04
Primary motor area/ Layer 2/3,MOp2/3,943,left,all,21177,5650.22,544.928,21177,5650.22,544.928
Primary motor area/ Layer 2/3,MOp2/3,943,right,all,15729,5402.35,480.656,15729,5402.35,480.656
Primary motor area/ Layer 5,MOp5,648,left,all,23739,6586.38,607.578,23739,6586.38,607.578
Primary motor area/ Layer 5,MOp5,648,right,all,15660,6340.5,540.871,15660,6340.5,540.871
Primary motor area/ Layer 6a,MOp6a,844,left,all,9891,4750.76,519.988,9891,4750.76,519.988
Primary motor area/ Layer 6a,MOp6a,844,right,all,8201,4715.52,463.994,8201,4715.52,463.994
Primary motor area/ Layer 6b,MOp6b,882,left,all,326,5267.83,557.558,326,5267.83,557.558
Primary motor area/ Layer 6b,MOp6b,882,right,all,54,3955.49,421.185,54,3955.49,421.185
Secondary motor area,MOs,993,left,all,65035,5341.57,501.124,65035,5341.57,501.124
Secondary motor area,MOs,993,right,all,47547,5260.17,469.175,47547,5260.17,469.175
Secondary motor area/ layer 1,MOs1,656,left,all,5911,4725.29,426.681,5911,4725.29,426.681
Secondary motor area/ layer 1,MOs1,656,right,all,6744,4550.67,394.145,6744,4550.67,394.145
Secondary motor area/ layer 2/3,MOs2/3,962,left,all,18941,4888.72,470.529,18941,4888.72,470.529
Secondary motor area/ layer 2/3,MOs2/3,962,right,all,13897,4980.47,447.129,13897,4980.47,447.129
Secondary motor area/ layer 5,MOs5,767,left,all,29373,6009.15,535.667,29373,6009.15,535.667
Secondary motor area/ layer 5,MOs5,767,right,all,20292,5944.26,513.898,20292,5944.26,513.898
Secondary motor area/ layer 6a,MOs6a,1021,left,all,10756,4661.31,501.496,10756,4661.31,501.496
Secondary motor area/ layer 6a,MOs6a,1021,right,all,6578,4475.55,454.925,6578,4475.55,454.925
Secondary motor area/ layer 6b,MOs6b,1085,left,all,54,4009.34,516.907,54,4009.34,516.907
Secondary motor area/ layer 6b,MOs6b,1085,right,all,36,3919.71,430.194,36,3919.71,430.194
Somatosensory areas,SS,453,left,all,219046,6123.68,594.909,219046,6123.68,594.909
Somatosensory areas,SS,453,right,all,134138,5648.12,531.835,134138,5648.12,531.835
Primary somatosensory area,SSp,322,left,all,153514,6301.55,609.599,153514,6301.55,609.599
Primary somatosensory area,SSp,322,right,all,88717,5791.22,530.173,88717,5791.22,530.173
Primary somatosensory area/ nose,SSp-n,353,left,all,27492,6592.26,647.599,27492,6592.26,647.599
Primary somatosensory area/ nose,SSp-n,353,right,all,11841,5669.16,545.498,11841,5669.16,545.498
Primary somatosensory area/ nose/ layer 1,SSp-n1,558,left,all,2432,5979.63,518.885,2432,5979.63,518.885
Primary somatosensory area/ nose/ layer 1,SSp-n1,558,right,all,1067,4499.94,431.943,1067,4499.94,431.943
Primary somatosensory area/ nose/ layer 2/3,SSp-n2/3,838,left,all,6458,5709.93,607.824,6458,5709.93,607.824
Primary somatosensory area/ nose/ layer 2/3,SSp-n2/3,838,right,all,2207,5430.94,535.356,2207,5430.94,535.356
Primary somatosensory area/ nose/ layer 4,SSp-n4,654,left,all,6644,7475.3,725.429,6644,7475.3,725.429
Primary somatosensory area/ nose/ layer 4,SSp-n4,654,right,all,2396,6336.5,589.592,2396,6336.5,589.592
Primary somatosensory area/ nose/ layer 5,SSp-n5,702,left,all,7707,7645.22,702.647,7707,7645.22,702.647
Primary somatosensory area/ nose/ layer 5,SSp-n5,702,right,all,3365,6575.07,600.221,3365,6575.07,600.221
Primary somatosensory area/ nose/ layer 6a,SSp-n6a,889,left,all,4133,5008.78,560.074,4133,5008.78,560.074
Primary somatosensory area/ nose/ layer 6a,SSp-n6a,889,right,all,2736,4660.7,494.464,2736,4660.7,494.464
Primary somatosensory area/ nose/ layer 6b,SSp-n6b,929,left,all,118,4476.99,565.331,118,4476.99,565.331
Primary somatosensory area/ nose/ layer 6b,SSp-n6b,929,right,all,70,4028.78,450.929,70,4028.78,450.929
Primary somatosensory area/ barrel field,SSp-bfd,329,left,all,35273,6090.68,576.109,35273,6090.68,576.109
Primary somatosensory area/ barrel field,SSp-bfd,329,right,all,27536,5921.82,570.074,27536,5921.82,570.074
Primary somatosensory area/ barrel field/ layer 1,SSp-bfd1,981,left,all,2701,4627.31,454.692,2701,4627.31,454.692
Primary somatosensory area/ barrel field/ layer 1,SSp-bfd1,981,right,all,2056,4355.81,445.731,2056,4355.81,445.731
Primary somatosensory area/ barrel field/ layer 2/3,SSp-bfd2/3,201,left,all,8310,5109.96,544.963,8310,5109.96,544.963
Primary somatosensory area/ barrel field/ layer 2/3,SSp-bfd2/3,201,right,all,5768,5062.2,529.072,5768,5062.2,529.072
Primary somatosensory area/ barrel field/ layer 4,SSp-bfd4,1047,left,all,9179,7118.05,639.976,9179,7118.05,639.976
Primary somatosensory area/ barrel field/ layer 4,SSp-bfd4,1047,right,all,7289,6891.53,628.614,7289,6891.53,628.614
Primary somatosensory area/ barrel field/ layer 5,SSp-bfd5,1070,left,all,9357,6943.97,621.783,9357,6943.97,621.783
Primary somatosensory area/ barrel field/ layer 5,SSp-bfd5,1070,right,all,7786,6582.31,615.186,7786,6582.31,615.186
Primary somatosensory area/ barrel field/ layer 6a,SSp-bfd6a,1038,left,all,5556,5136.65,500.844,5556,5136.65,500.844
Primary somatosensory area/ barrel field/ layer 6a,SSp-bfd6a,1038,right,all,4527,5084.46,509.42,4527,5084.46,509.42
Primary somatosensory area/ barrel field/ layer 6b,SSp-bfd6b,1062,left,all,170,6023.62,525.071,170,6023.62,525.071
Primary somatosensory area/ barrel field/ layer 6b,SSp-bfd6b,1062,right,all,110,3720.35,468.255,110,3720.35,468.255
Primary somatosensory area/ lower limb,SSp-ll,337,left,all,10337,6285.21,634.379,10337,6285.21,634.379
Primary somatosensory area/ lower limb,SSp-ll,337,right,all,5947,6131.16,510.582,5947,6131.16,510.582
Primary somatosensory area/ lower limb/ layer 1,SSp-ll1,1030,left,all,22,6717.42,538.227,22,6717.42,538.227
Primary somatosensory area/ lower limb/ layer 1,SSp-ll1,1030,right,all,134,4213.22,387.873,134,4213.22,387.873
Primary somatosensory area/ lower limb/ layer 2/3,SSp-ll2/3,113,left,all,1824,4687.11,556.873,1824,4687.11,556.873
Primary somatosensory area/ lower limb/ layer 2/3,SSp-ll2/3,113,right,all,1062,4519.73,419.133,1062,4519.73,419.133
Primary somatosensory area/ lower limb/ layer 4,SSp-ll4,1094,left,all,1816,5568.93,735.807,1816,5568.93,735.807
Primary somatosensory area/ lower limb/ layer 4,SSp-ll4,1094,right,all,861,5843.56,500.512,861,5843.56,500.512
Primary somatosensory area/ lower limb/ layer 5,SSp-ll5,1128,left,all,4542,7961.42,675.171,4542,7961.42,675.171
Primary somatosensory area/ lower limb/ layer 5,SSp-ll5,1128,right,all,2508,7957.43,588.955,2508,7957.43,588.955
Primary somatosensory area/ lower limb/ layer 6a,SSp-ll6a,478,left,all,2051,4681.74,528.413,2051,4681.74,528.413
Primary somatosensory area/ lower limb/ layer 6a,SSp-ll6a,478,right,all,1316,4372.67,454.752,1316,4372.67,454.752
Primary somatosensory area/ lower limb/ layer 6b,SSp-ll6b,510,left,all,82,4841.47,528.963,82,4841.47,528.963
Primary somatosensory area/ lower limb/ layer 6b,SSp-ll6b,510,right,all,66,5371.66,497.667,66,5371.66,497.667
Primary somatosensory area/ mouth,SSp-m,345,left,all,46717,6495.95,605.78,46717,6495.95,605.78
Primary somatosensory area/ mouth,SSp-m,345,right,all,23948,5653.71,505.852,23948,5653.71,505.852
Primary somatosensory area/ mouth/ layer 1,SSp-m1,878,left,all,3455,5218.9,466.68,3455,5218.9,466.68
Primary somatosensory area/ mouth/ layer 1,SSp-m1,878,right,all,2128,4424.24,399.903,2128,4424.24,399.903
Primary somatosensory area/ mouth/ layer 2/3,SSp-m2/3,657,left,all,10696,5706.3,565.206,10696,5706.3,565.206
Primary somatosensory area/ mouth/ layer 2/3,SSp-m2/3,657,right,all,5358,5505.47,507.716,5358,5505.47,507.716
Primary somatosensory area/ mouth/ layer 4,SSp-m4,950,left,all,9980,7907.81,675.04,9980,7907.81,675.04
Primary somatosensory area/ mouth/ layer 4,SSp-m4,950,right,all,4859,6497.65,545.435,4859,6497.65,545.435
Primary somatosensory area/ mouth/ layer 5,SSp-m5,974,left,all,13459,7150.37,651.421,13459,7150.37,651.421
Primary somatosensory area/ mouth/ layer 5,SSp-m5,974,right,all,6226,6428.24,550.786,6226,6428.24,550.786
Primary somatosensory area/ mouth/ layer 6a,SSp-m6a,1102,left,all,8757,5420.52,560.901,8757,5420.52,560.901
Primary somatosensory area/ mouth/ layer 6a,SSp-m6a,1102,right,all,5120,4633.8,460.912,5120,4633.8,460.912
Primary somatosensory area/ mouth/ layer 6b,SSp-m6b,2,left,all,370,4813.55,611.392,370,4813.55,611.392
Primary somatosensory area/ mouth/ layer 6b,SSp-m6b,2,right,all,257,4523.67,402.665,257,4523.67,402.665
Primary somatosensory area/ upper limb,SSp-ul,369,left,all,21691,6143.56,630.198,21691,6143.56,630.198
Primary somatosensory area/ upper limb,SSp-ul,369,right,all,11022,5651.6,488.127,11022,5651.6,488.127
Primary somatosensory area/ upper limb/ layer 1,SSp-ul1,450,left,all,1180,5603.97,503.996,1180,5603.97,503.996
Primary somatosensory area/ upper limb/ layer 1,SSp-ul1,450,right,all,1331,4427.19,391.974,1331,4427.19,391.974
Primary somatosensory area/ upper limb/ layer 2/3,SSp-ul2/3,854,left,all,5532,5281.38,591.431,5532,5281.38,591.431
Primary somatosensory area/ upper limb/ layer 2/3,SSp-ul2/3,854,right,all,2398,5317.89,471.48,2398,5317.89,471.48
Primary somatosensory area/ upper limb/ layer 4,SSp-ul4,577,left,all,4816,6756.12,684.773,4816,6756.12,684.773
Primary somatosensory area/ upper limb/ layer 4,SSp-ul4,577,right,all,2114,6386.4,522.978,2114,6386.4,522.978
Primary somatosensory area/ upper limb/ layer 5,SSp-ul5,625,left,all,7306,7062.44,678.059,7306,7062.44,678.059
Primary somatosensory area/ upper limb/ layer 5,SSp-ul5,625,right,all,3000,6772.94,555.111,3000,6772.94,555.111
Primary somatosensory area/ upper limb/ layer 6a,SSp-ul6a,945,left,all,2793,4663.77,542.308,2793,4663.77,542.308
Primary somatosensory area/ upper limb/ layer 6a,SSp-ul6a,945,right,all,2106,4468.4,439.661,2106,4468.4,439.661
Primary somatosensory area/ upper limb/ layer 6b,SSp-ul6b,1026,left,all,64,4205.94,573.047,64,4205.94,573.047
Primary somatosensory area/ upper limb/ layer 6b,SSp-ul6b,1026,right,all,73,5711.44,424.315,73,5711.44,424.315
Primary somatosensory area/ trunk,SSp-tr,361,left,all,4817,5623.77,547.033,4817,5623.77,547.033
Primary somatosensory area/ trunk,SSp-tr,361,right,all,4727,6143.02,533.52,4727,6143.02,533.52
Primary somatosensory area/ trunk/ layer 1,SSp-tr1,1006,left,all,0,0,0,0,0,0
Primary somatosensory area/ trunk/ layer 1,SSp-tr1,1006,right,all,0,0,0,0,0,0
Primary somatosensory area/ trunk/ layer 2/3,SSp-tr2/3,670,left,all,354,4731.08,482.65,354,4731.08,482.65
Primary somatosensory area/ trunk/ layer 2/3,SSp-tr2/3,670,right,all,517,4482,439.592,517,4482,439.592
Primary somatosensory area/ trunk/ layer 4,SSp-tr4,1086,left,all,541,4794.08,517.364,541,4794.08,517.364
Primary somatosensory area/ trunk/ layer 4,SSp-tr4,1086,right,all,694,4984.68,479.852,694,4984.68,479.852
Primary somatosensory area/ trunk/ layer 5,SSp-tr5,1111,left,all,1994,5920.85,560.63,1994,5920.85,560.63
Primary somatosensory area/ trunk/ layer 5,SSp-tr5,1111,right,all,2213,7124.56,571.418,2213,7124.56,571.418
Primary somatosensory area/ trunk/ layer 6a,SSp-tr6a,9,left,all,1731,5804.72,554.898,1731,5804.72,554.898
Primary somatosensory area/ trunk/ layer 6a,SSp-tr6a,9,right,all,1188,5862.8,538.561,1188,5862.8,538.561
Primary somatosensory area/ trunk/ layer 6b,SSp-tr6b,461,left,all,197,4909.5,537.477,197,4909.5,537.477
Primary somatosensory area/ trunk/ layer 6b,SSp-tr6b,461,right,all,115,4607.09,498.313,115,4607.09,498.313
Primary somatosensory area/ unassigned,SSp-un,182305689,left,all,7187,5915.36,597.561,7187,5915.36,597.561
Primary somatosensory area/ unassigned,SSp-un,182305689,right,all,3696,5519.64,494.013,3696,5519.64,494.013
Primary somatosensory area/ unassigned/ layer 1,SSp-un1,182305693,left,all,551,5650.28,487.989,551,5650.28,487.989
Primary somatosensory area/ unassigned/ layer 1,SSp-un1,182305693,right,all,320,4882.75,406.222,320,4882.75,406.222
Primary somatosensory area/ unassigned/ layer 2/3,SSp-un2/3,182305697,left,all,1756,4976.3,549.99,1756,4976.3,549.99
Primary somatosensory area/ unassigned/ layer 2/3,SSp-un2/3,182305697,right,all,826,5305.63,470.001,826,5305.63,470.001
Primary somatosensory area/ unassigned/ layer 4,SSp-un4,182305701,left,all,1603,5985.63,636.525,1603,5985.63,636.525
Primary somatosensory area/ unassigned/ layer 4,SSp-un4,182305701,right,all,816,6115.38,529.249,816,6115.38,529.249
Primary somatosensory area/ unassigned/ layer 5,SSp-un5,182305705,left,all,2268,7118.12,658.984,2268,7118.12,658.984
Primary somatosensory area/ unassigned/ layer 5,SSp-un5,182305705,right,all,985,6079.94,541.875,985,6079.94,541.875
Primary somatosensory area/ unassigned/ layer 6a,SSp-un6a,182305709,left,all,990,4888.56,540.357,990,4888.56,540.357
Primary somatosensory area/ unassigned/ layer 6a,SSp-un6a,182305709,right,all,726,4627.13,457.804,726,4627.13,457.804
Primary somatosensory area/ unassigned/ layer 6b,SSp-un6b,182305713,left,all,19,4393.76,533.211,19,4393.76,533.211
Primary somatosensory area/ unassigned/ layer 6b,SSp-un6b,182305713,right,all,23,5107.92,420.913,23,5107.92,420.913
Supplemental somatosensory area,SSs,378,left,all,65532,5707.01,560.495,65532,5707.01,560.495
Supplemental somatosensory area,SSs,378,right,all,45421,5368.63,535.082,45421,5368.63,535.082
Supplemental somatosensory area/ layer 1,SSs1,873,left,all,4938,5361.53,456.001,4938,5361.53,456.001
Supplemental somatosensory area/ layer 1,SSs1,873,right,all,3153,5106.15,538.643,3153,5106.15,538.643
Supplemental somatosensory area/ layer 2/3,SSs2/3,806,left,all,14972,4962.99,536.547,14972,4962.99,536.547
Supplemental somatosensory area/ layer 2/3,SSs2/3,806,right,all,9189,4811.37,502.793,9189,4811.37,502.793
Supplemental somatosensory area/ layer 4,SSs4,1035,left,all,10677,6237.89,609.474,10677,6237.89,609.474
Supplemental somatosensory area/ layer 4,SSs4,1035,right,all,7145,5931.17,560.502,7145,5931.17,560.502
Supplemental somatosensory area/ layer 5,SSs5,1090,left,all,21816,6395.67,599.234,21816,6395.67,599.234
Supplemental somatosensory area/ layer 5,SSs5,1090,right,all,15693,5882.73,568.222,15693,5882.73,568.222
Supplemental somatosensory area/ layer 6a,SSs6a,862,left,all,12709,5125.3,522.264,12709,5125.3,522.264
Supplemental somatosensory area/ layer 6a,SSs6a,862,right,all,9842,4772.01,493.366,9842,4772.01,493.366
Supplemental somatosensory area/ layer 6b,SSs6b,893,left,all,420,4626.7,542.269,420,4626.7,542.269
Supplemental somatosensory area/ layer 6b,SSs6b,893,right,all,399,4700.1,520.927,399,4700.1,520.927
Gustatory areas,GU,1057,left,all,10441,5294.78,493.061,10441,5294.78,493.061
Gustatory areas,GU,1057,right,all,5931,4748.44,416.827,5931,4748.44,416.827
Gustatory areas/ layer 1,GU1,36,left,all,481,5745.78,458.385,481,5745.78,458.385
Gustatory areas/ layer 1,GU1,36,right,all,255,4188.47,372.078,255,4188.47,372.078
Gustatory areas/ layer 2/3,GU2/3,180,left,all,1919,4845.53,474.312,1919,4845.53,474.312
Gustatory areas/ layer 2/3,GU2/3,180,right,all,1293,4434.84,395.383,1293,4434.84,395.383
Gustatory areas/ layer 4,GU4,148,left,all,921,5465.56,501.776,921,5465.56,501.776
Gustatory areas/ layer 4,GU4,148,right,all,411,4306.7,401.214,411,4306.7,401.214
Gustatory areas/ layer 5,GU5,187,left,all,3863,5640.35,508.724,3863,5640.35,508.724
Gustatory areas/ layer 5,GU5,187,right,all,2233,5035.37,434.295,2233,5035.37,434.295
Gustatory areas/ layer 6a,GU6a,638,left,all,3079,5058.94,486.409,3079,5058.94,486.409
Gustatory areas/ layer 6a,GU6a,638,right,all,1706,4757.09,419.916,1706,4757.09,419.916
Gustatory areas/ layer 6b,GU6b,662,left,all,178,4615.76,518.944,178,4615.76,518.944
Gustatory areas/ layer 6b,GU6b,662,right,all,33,7002.39,455.636,33,7002.39,455.636
Visceral area,VISC,677,left,all,13096,4839.09,486.808,13096,4839.09,486.808
Visceral area,VISC,677,right,all,10269,5261.37,465.718,10269,5261.37,465.718
Visceral area/ layer 1,VISC1,897,left,all,1069,5412.41,463.04,1069,5412.41,463.04
Visceral area/ layer 1,VISC1,897,right,all,498,4941.95,414.6,498,4941.95,414.6
Visceral area/ layer 2/3,VISC2/3,1106,left,all,2659,4445.94,477.923,2659,4445.94,477.923
Visceral area/ layer 2/3,VISC2/3,1106,right,all,2335,4823.21,442.224,2335,4823.21,442.224
Visceral area/ layer 4,VISC4,1010,left,all,1243,5175.63,520.749,1243,5175.63,520.749
Visceral area/ layer 4,VISC4,1010,right,all,954,5640.73,483.978,954,5640.73,483.978
Visceral area/ layer 5,VISC5,1058,left,all,4795,5001.89,497.303,4795,5001.89,497.303
Visceral area/ layer 5,VISC5,1058,right,all,3971,5483.65,482.712,3971,5483.65,482.712
Visceral area/ layer 6a,VISC6a,857,left,all,3138,4593.85,473.525,3138,4593.85,473.525
Visceral area/ layer 6a,VISC6a,857,right,all,2423,5267.36,464.084,2423,5267.36,464.084
Visceral area/ layer 6b,VISC6b,849,left,all,192,4855.26,477.411,192,4855.26,477.411
Visceral area/ layer 6b,VISC6b,849,right,all,88,4386.78,458.625,88,4386.78,458.625
Auditory areas,AUD,247,left,all,42859,6117.79,522.334,42859,6117.79,522.334
Auditory areas,AUD,247,right,all,23573,5025.19,492.558,23573,5025.19,492.558
Dorsal auditory area,AUDd,1011,left,all,7522,5865.4,495.341,7522,5865.4,495.341
Dorsal auditory area,AUDd,1011,right,all,5339,5336.79,558.087,5339,5336.79,558.087
Dorsal auditory area/ layer 1,AUDd1,527,left,all,716,4320.49,393.277,716,4320.49,393.277
Dorsal auditory area/ layer 1,AUDd1,527,right,all,566,7421.78,1049.99,566,7421.78,1049.99
Dorsal auditory area/ layer 2/3,AUDd2/3,600,left,all,2070,4954.25,460.734,2070,4954.25,460.734
Dorsal auditory area/ layer 2/3,AUDd2/3,600,right,all,1005,4253.11,474.147,1005,4253.11,474.147
Dorsal auditory area/ layer 4,AUDd4,678,left,all,1013,6808.77,528.211,1013,6808.77,528.211
Dorsal auditory area/ layer 4,AUDd4,678,right,all,705,5265.56,507.464,705,5265.56,507.464
Dorsal auditory area/ layer 5,AUDd5,252,left,all,2492,6694.57,541.907,2492,6694.57,541.907
Dorsal auditory area/ layer 5,AUDd5,252,right,all,2186,5605.75,520.905,2186,5605.75,520.905
Dorsal auditory area/ layer 6a,AUDd6a,156,left,all,1208,5863.56,491.247,1208,5863.56,491.247
Dorsal auditory area/ layer 6a,AUDd6a,156,right,all,851,4616.66,470.425,851,4616.66,470.425
Dorsal auditory area/ layer 6b,AUDd6b,243,left,all,23,4672.06,509.261,23,4672.06,509.261
Dorsal auditory area/ layer 6b,AUDd6b,243,right,all,26,4725.67,462.5,26,4725.67,462.5
Primary auditory area,AUDp,1002,left,all,16773,6463.29,545.708,16773,6463.29,545.708
Primary auditory area,AUDp,1002,right,all,7595,4834.43,475.987,7595,4834.43,475.987
Primary auditory area/ layer 1,AUDp1,735,left,all,1393,4533.91,419.182,1393,4533.91,419.182
Primary auditory area/ layer 1,AUDp1,735,right,all,459,4306.49,415.044,459,4306.49,415.044
Primary auditory area/ layer 2/3,AUDp2/3,251,left,all,4045,5329.21,512.301,4045,5329.21,512.301
Primary auditory area/ layer 2/3,AUDp2/3,251,right,all,1235,4232.42,447.483,1235,4232.42,447.483
Primary auditory area/ layer 4,AUDp4,816,left,all,2545,6935.24,589.164,2545,6935.24,589.164
Primary auditory area/ layer 4,AUDp4,816,right,all,1069,4832.16,500.173,1069,4832.16,500.173
Primary auditory area/ layer 5,AUDp5,847,left,all,6330,7583.09,586.835,6330,7583.09,586.835
Primary auditory area/ layer 5,AUDp5,847,right,all,3695,5265.45,497.591,3695,5265.45,497.591
Primary auditory area/ layer 6a,AUDp6a,954,left,all,2329,6014.32,520.767,2329,6014.32,520.767
Primary auditory area/ layer 6a,AUDp6a,954,right,all,1051,4309.37,439.931,1051,4309.37,439.931
Primary auditory area/ layer 6b,AUDp6b,1005,left,all,131,6701.3,534.519,131,6701.3,534.519
Primary auditory area/ layer 6b,AUDp6b,1005,right,all,86,4223.48,422.326,86,4223.48,422.326
Posterior auditory area,AUDpo,1027,left,all,5315,6239.07,526.749,5315,6239.07,526.749
Posterior auditory area,AUDpo,1027,right,all,1945,4570.98,429.638,1945,4570.98,429.638
Posterior auditory area/ layer 1,AUDpo1,696,left,all,354,4678.07,418.534,354,4678.07,418.534
Posterior auditory area/ layer 1,AUDpo1,696,right,all,160,3724.69,372.969,160,3724.69,372.969
Posterior auditory area/ layer 2/3,AUDpo2/3,643,left,all,1342,5177.78,488.934,1342,5177.78,488.934
Posterior auditory area/ layer 2/3,AUDpo2/3,643,right,all,353,4105.09,408.824,353,4105.09,408.824
Posterior auditory area/ layer 4,AUDpo4,759,left,all,815,6799.06,562.653,815,6799.06,562.653
Posterior auditory area/ layer 4,AUDpo4,759,right,all,344,4729.15,437.387,344,4729.15,437.387
Posterior auditory area/ layer 5,AUDpo5,791,left,all,1806,7418,561.177,1806,7418,561.177
Posterior auditory area/ layer 5,AUDpo5,791,right,all,745,5068.54,454.082,745,5068.54,454.082
Posterior auditory area/ layer 6a,AUDpo6a,249,left,all,868,5488.7,518.071,868,5488.7,518.071
Posterior auditory area/ layer 6a,AUDpo6a,249,right,all,284,4119.91,414.275,284,4119.91,414.275
Posterior auditory area/ layer 6b,AUDpo6b,456,left,all,130,6567.17,566.362,130,6567.17,566.362
Posterior auditory area/ layer 6b,AUDpo6b,456,right,all,59,4619.7,427.966,59,4619.7,427.966
Ventral auditory area,AUDv,1018,left,all,13249,5775.03,506.297,13249,5775.03,506.297
Ventral auditory area,AUDv,1018,right,all,8694,5102.09,480.868,8694,5102.09,480.868
Ventral auditory area/ layer 1,AUDv1,959,left,all,853,4511.3,406.449,853,4511.3,406.449
Ventral auditory area/ layer 1,AUDv1,959,right,all,262,4111.37,378.16,262,4111.37,378.16
Ventral auditory area/ layer 2/3,AUDv2/3,755,left,all,2420,4498.08,447.117,2420,4498.08,447.117
Ventral auditory area/ layer 2/3,AUDv2/3,755,right,all,1838,4586.42,460.319,1838,4586.42,460.319
Ventral auditory area/ layer 4,AUDv4,990,left,all,1974,5578.2,510.766,1974,5578.2,510.766
Ventral auditory area/ layer 4,AUDv4,990,right,all,1582,5539.16,516.855,1582,5539.16,516.855
Ventral auditory area/ layer 5,AUDv5,1023,left,all,5740,6596.89,539.161,5740,6596.89,539.161
Ventral auditory area/ layer 5,AUDv5,1023,right,all,3660,5329.59,491.759,3660,5329.59,491.759
Ventral auditory area/ layer 6a,AUDv6a,520,left,all,2070,5696.15,519.468,2070,5696.15,519.468
Ventral auditory area/ layer 6a,AUDv6a,520,right,all,1290,4899.55,459.285,1290,4899.55,459.285
Ventral auditory area/ layer 6b,AUDv6b,598,left,all,192,5787.96,525.323,192,5787.96,525.323
Ventral auditory area/ layer 6b,AUDv6b,598,right,all,62,4208.55,411.903,62,4208.55,411.903
Visual areas,VIS,669,left,all,69408,5436.06,530.715,69408,5436.06,530.715
Visual areas,VIS,669,right,all,47738,5015.89,460.449,47738,5015.89,460.449
Anterolateral visual area,VISal,402,left,all,6029,6263.73,556.138,6029,6263.73,556.138
Anterolateral visual area,VISal,402,right,all,2597,5222.52,450.289,2597,5222.52,450.289
Anterolateral visual area/ layer 1,VISal1,1074,left,all,478,4842.13,463.619,478,4842.13,463.619
Anterolateral visual area/ layer 1,VISal1,1074,right,all,173,3959.14,370.618,173,3959.14,370.618
Anterolateral visual area/ layer 2/3,VISal2/3,905,left,all,1755,5103.2,517.781,1755,5103.2,517.781
Anterolateral visual area/ layer 2/3,VISal2/3,905,right,all,447,4834.78,425.242,447,4834.78,425.242
Anterolateral visual area/ layer 4,VISal4,1114,left,all,1039,7280.53,599.84,1039,7280.53,599.84
Anterolateral visual area/ layer 4,VISal4,1114,right,all,602,5542.36,472,602,5542.36,472
Anterolateral visual area/ layer 5,VISal5,233,left,all,1726,7835.07,610.288,1726,7835.07,610.288
Anterolateral visual area/ layer 5,VISal5,233,right,all,921,5902.59,476.828,921,5902.59,476.828
Anterolateral visual area/ layer 6a,VISal6a,601,left,all,868,5021.92,517.94,868,5021.92,517.94
Anterolateral visual area/ layer 6a,VISal6a,601,right,all,373,4180.13,415.619,373,4180.13,415.619
Anterolateral visual area/ layer 6b,VISal6b,649,left,all,163,6420.37,591.896,163,6420.37,591.896
Anterolateral visual area/ layer 6b,VISal6b,649,right,all,81,4750.97,455.198,81,4750.97,455.198
Anteromedial visual area,VISam,394,left,all,2591,5262.5,540.777,2591,5262.5,540.777
Anteromedial visual area,VISam,394,right,all,2346,5261.72,490.617,2346,5261.72,490.617
Anteromedial visual area/ layer 1,VISam1,281,left,all,0,0,0,0,0,0
Anteromedial visual area/ layer 1,VISam1,281,right,all,0,0,0,0,0,0
Anteromedial visual area/ layer 2/3,VISam2/3,1066,left,all,0,0,0,0,0,0
Anteromedial visual area/ layer 2/3,VISam2/3,1066,right,all,0,0,0,0,0,0
Anteromedial visual area/ layer 4,VISam4,401,left,all,11,4777.56,545.727,11,4777.56,545.727
Anteromedial visual area/ layer 4,VISam4,401,right,all,7,3933.94,448.286,7,3933.94,448.286
Anteromedial visual area/ layer 5,VISam5,433,left,all,927,4718.69,514.205,927,4718.69,514.205
Anteromedial visual area/ layer 5,VISam5,433,right,all,789,4205.75,428.662,789,4205.75,428.662
Anteromedial visual area/ layer 6a,VISam6a,1046,left,all,1388,5359.38,547.596,1388,5359.38,547.596
Anteromedial visual area/ layer 6a,VISam6a,1046,right,all,1333,5787.69,517.962,1333,5787.69,517.962
Anteromedial visual area/ layer 6b,VISam6b,441,left,all,265,6677.49,597.811,265,6677.49,597.811
Anteromedial visual area/ layer 6b,VISam6b,441,right,all,217,5912.97,549.272,217,5912.97,549.272
Lateral visual area,VISl,409,left,all,9805,5652.02,541.056,9805,5652.02,541.056
Lateral visual area,VISl,409,right,all,5587,5137.6,458.524,5587,5137.6,458.524
Lateral visual area/ layer 1,VISl1,421,left,all,536,4568.07,436.118,536,4568.07,436.118
Lateral visual area/ layer 1,VISl1,421,right,all,447,4213.09,392.727,447,4213.09,392.727
Lateral visual area/ layer 2/3,VISl2/3,973,left,all,2067,4789.92,505.703,2067,4789.92,505.703
Lateral visual area/ layer 2/3,VISl2/3,973,right,all,1083,4496.48,432.916,1083,4496.48,432.916
Lateral visual area/ layer 4,VISl4,573,left,all,2032,6153.22,573.264,2032,6153.22,573.264
Lateral visual area/ layer 4,VISl4,573,right,all,1145,5504.21,479.193,1145,5504.21,479.193
Lateral visual area/ layer 5,VISl5,613,left,all,3288,6515.62,570.63,3288,6515.62,570.63
Lateral visual area/ layer 5,VISl5,613,right,all,1683,6000.65,491.223,1683,6000.65,491.223
Lateral visual area/ layer 6a,VISl6a,74,left,all,1748,4762.34,518.735,1748,4762.34,518.735
Lateral visual area/ layer 6a,VISl6a,74,right,all,1003,4408.81,437.304,1003,4408.81,437.304
Lateral visual area/ layer 6b,VISl6b,121,left,all,134,6101.46,583.254,134,6101.46,583.254
Lateral visual area/ layer 6b,VISl6b,121,right,all,226,4988.38,457.336,226,4988.38,457.336
Primary visual area,VISp,385,left,all,33608,5530.79,549.617,33608,5530.79,549.617
Primary visual area,VISp,385,right,all,21358,4917.08,458.245,21358,4917.08,458.245
Primary visual area/ layer 1,VISp1,593,left,all,1314,4335.66,423.099,1314,4335.66,423.099
Primary visual area/ layer 1,VISp1,593,right,all,1514,4118.92,400.063,1514,4118.92,400.063
Primary visual area/ layer 2/3,VISp2/3,821,left,all,5407,5164.46,518.408,5407,5164.46,518.408
Primary visual area/ layer 2/3,VISp2/3,821,right,all,3755,4374.47,437.175,3755,4374.47,437.175
Primary visual area/ layer 4,VISp4,721,left,all,6590,5721.13,563.622,6590,5721.13,563.622
Primary visual area/ layer 4,VISp4,721,right,all,3380,5002.58,473.055,3380,5002.58,473.055
Primary visual area/ layer 5,VISp5,778,left,all,11723,6055.7,578.167,11723,6055.7,578.167
Primary visual area/ layer 5,VISp5,778,right,all,7135,5586.65,486.874,7135,5586.65,486.874
Primary visual area/ layer 6a,VISp6a,33,left,all,7624,5079.3,538.405,7624,5079.3,538.405
Primary visual area/ layer 6a,VISp6a,33,right,all,4948,4635.88,444.835,4948,4635.88,444.835
Primary visual area/ layer 6b,VISp6b,305,left,all,950,5094.55,542.766,950,5094.55,542.766
Primary visual area/ layer 6b,VISp6b,305,right,all,626,4231.71,425.062,626,4231.71,425.062
Posterolateral visual area,VISpl,425,left,all,2970,4250.86,432.995,2970,4250.86,432.995
Posterolateral visual area,VISpl,425,right,all,4506,4693.54,458.047,4506,4693.54,458.047
Posterolateral visual area/ layer 1,VISpl1,750,left,all,257,4053.88,371.611,257,4053.88,371.611
Posterolateral visual area/ layer 1,VISpl1,750,right,all,362,4621.37,420.497,362,4621.37,420.497
Posterolateral visual area/ layer 2/3,VISpl2/3,269,left,all,597,4410.46,411.903,597,4410.46,411.903
Posterolateral visual area/ layer 2/3,VISpl2/3,269,right,all,1238,4534.92,444.769,1238,4534.92,444.769
Posterolateral visual area/ layer 4,VISpl4,869,left,all,223,4385.37,448.354,223,4385.37,448.354
Posterolateral visual area/ layer 4,VISpl4,869,right,all,242,4713.44,454.05,242,4713.44,454.05
Posterolateral visual area/ layer 5,VISpl5,902,left,all,1225,4268.69,430.431,1225,4268.69,430.431
Posterolateral visual area/ layer 5,VISpl5,902,right,all,1743,4913.44,469.061,1743,4913.44,469.061
Posterolateral visual area/ layer 6a,VISpl6a,377,left,all,625,4119.59,473.078,625,4119.59,473.078
Posterolateral visual area/ layer 6a,VISpl6a,377,right,all,830,4451.82,466.508,830,4451.82,466.508
Posterolateral visual area/ layer 6b,VISpl6b,393,left,all,43,3914.73,503.512,43,3914.73,503.512
Posterolateral visual area/ layer 6b,VISpl6b,393,right,all,91,5078.28,510.582,91,5078.28,510.582
posteromedial visual area,VISpm,533,left,all,2812,5100.71,532.164,2812,5100.71,532.164
posteromedial visual area,VISpm,533,right,all,1736,4808.41,446.033,1736,4808.41,446.033
posteromedial visual area/ layer 1,VISpm1,805,left,all,0,0,0,0,0,0
posteromedial visual area/ layer 1,VISpm1,805,right,all,0,0,0,0,0,0
posteromedial visual area/ layer 2/3,VISpm2/3,41,left,all,0,0,0,0,0,0
posteromedial visual area/ layer 2/3,VISpm2/3,41,right,all,0,0,0,0,0,0
posteromedial visual area/ layer 4,VISpm4,501,left,all,30,5962.93,574,30,5962.93,574
posteromedial visual area/ layer 4,VISpm4,501,right,all,20,4799.99,394.75,20,4799.99,394.75
posteromedial visual area/ layer 5,VISpm5,565,left,all,1053,4652.37,500.68,1053,4652.37,500.68
posteromedial visual area/ layer 5,VISpm5,565,right,all,538,4130.11,401.515,538,4130.11,401.515
posteromedial visual area/ layer 6a,VISpm6a,257,left,all,1380,5279.06,547.581,1380,5279.06,547.581
posteromedial visual area/ layer 6a,VISpm6a,257,right,all,980,5162.17,467.717,980,5162.17,467.717
posteromedial visual area/ layer 6b,VISpm6b,469,left,all,349,5674.1,562.602,349,5674.1,562.602
posteromedial visual area/ layer 6b,VISpm6b,469,right,all,198,4901.35,464.848,198,4901.35,464.848
Laterointermediate area,VISli,312782574,left,all,3849,5544.1,520.468,3849,5544.1,520.468
Laterointermediate area,VISli,312782574,right,all,2431,5195.55,458.594,2431,5195.55,458.594
Laterointermediate area/ layer 1,VISli1,312782578,left,all,194,4283.38,418.907,194,4283.38,418.907
Laterointermediate area/ layer 1,VISli1,312782578,right,all,160,4466.29,395.469,160,4466.29,395.469
Laterointermediate area/ layer 2/3,VISli2/3,312782582,left,all,873,4546.18,485.221,873,4546.18,485.221
Laterointermediate area/ layer 2/3,VISli2/3,312782582,right,all,398,4518.59,422.45,398,4518.59,422.45
Laterointermediate area/ layer 4,VISli4,312782586,left,all,589,6148.95,555.927,589,6148.95,555.927
Laterointermediate area/ layer 4,VISli4,312782586,right,all,379,5428.12,469.575,379,5428.12,469.575
Laterointermediate area/ layer 5,VISli5,312782590,left,all,1389,6423.06,547.669,1389,6423.06,547.669
Laterointermediate area/ layer 5,VISli5,312782590,right,all,896,5715.92,482.721,896,5715.92,482.721
Laterointermediate area/ layer 6a,VISli6a,312782594,left,all,701,4828.83,499.355,701,4828.83,499.355
Laterointermediate area/ layer 6a,VISli6a,312782594,right,all,444,4527.76,441.941,444,4527.76,441.941
Laterointermediate area/ layer 6b,VISli6b,312782598,left,all,103,5932.8,584.612,103,5932.8,584.612
Laterointermediate area/ layer 6b,VISli6b,312782598,right,all,154,6028.11,498.195,154,6028.11,498.195
Postrhinal area,VISpor,312782628,left,all,7744,4687.85,454.474,7744,4687.85,454.474
Postrhinal area,VISpor,312782628,right,all,7177,5251.77,467.943,7177,5251.77,467.943
Postrhinal area/ layer 1,VISpor1,312782632,left,all,527,3977.53,379.004,527,3977.53,379.004
Postrhinal area/ layer 1,VISpor1,312782632,right,all,363,4787.98,424.763,363,4787.98,424.763
Postrhinal area/ layer 2/3,VISpor2/3,312782636,left,all,1774,4286.07,418.595,1774,4286.07,418.595
Postrhinal area/ layer 2/3,VISpor2/3,312782636,right,all,1739,4657.46,441.085,1739,4657.46,441.085
Postrhinal area/ layer 4,VISpor4,312782640,left,all,549,5085.05,475.468,549,5085.05,475.468
Postrhinal area/ layer 4,VISpor4,312782640,right,all,297,4565.23,452.896,297,4565.23,452.896
Postrhinal area/ layer 5,VISpor5,312782644,left,all,3180,4963.11,463.197,3180,4963.11,463.197
Postrhinal area/ layer 5,VISpor5,312782644,right,all,2977,5734.53,483.276,2977,5734.53,483.276
Postrhinal area/ layer 6a,VISpor6a,312782648,left,all,1664,4646.94,491.816,1664,4646.94,491.816
Postrhinal area/ layer 6a,VISpor6a,312782648,right,all,1531,5171.17,473.455,1531,5171.17,473.455
Postrhinal area/ layer 6b,VISpor6b,312782652,left,all,50,5923.85,494.82,50,5923.85,494.82
Postrhinal area/ layer 6b,VISpor6b,312782652,right,all,270,5592.41,515.219,270,5592.41,515.219
Anterior cingulate area,ACA,31,left,all,24192,4738.64,549.436,24192,4738.64,549.436
Anterior cingulate area,ACA,31,right,all,20737,4523.82,512.062,20737,4523.82,512.062
Anterior cingulate area/ dorsal part,ACAd,39,left,all,16115,4813.39,544.237,16115,4813.39,544.237
Anterior cingulate area/ dorsal part,ACAd,39,right,all,13408,4654.84,507.478,13408,4654.84,507.478
Anterior cingulate area/ dorsal part/ layer 1,ACAd1,935,left,all,1134,6687.9,552.549,1134,6687.9,552.549
Anterior cingulate area/ dorsal part/ layer 1,ACAd1,935,right,all,908,4646.78,468.53,908,4646.78,468.53
Anterior cingulate area/ dorsal part/ layer 2/3,ACAd2/3,211,left,all,2758,3917.41,501.793,2758,3917.41,501.793
Anterior cingulate area/ dorsal part/ layer 2/3,ACAd2/3,211,right,all,3105,4150.43,494.472,3105,4150.43,494.472
Anterior cingulate area/ dorsal part/ layer 5,ACAd5,1015,left,all,8022,5069.22,554.602,8022,5069.22,554.602
Anterior cingulate area/ dorsal part/ layer 5,ACAd5,1015,right,all,7015,5043.82,527.191,7015,5043.82,527.191
Anterior cingulate area/ dorsal part/ layer 6a,ACAd6a,919,left,all,4147,4405.08,550.186,4147,4405.08,550.186
Anterior cingulate area/ dorsal part/ layer 6a,ACAd6a,919,right,all,2350,4174.08,481.717,2350,4174.08,481.717
Anterior cingulate area/ dorsal part/ layer 6b,ACAd6b,927,left,all,54,4561.17,540.926,54,4561.17,540.926
Anterior cingulate area/ dorsal part/ layer 6b,ACAd6b,927,right,all,30,3809.18,440.733,30,3809.18,440.733
Anterior cingulate area/ ventral part,ACAv,48,left,all,8077,4589.51,559.81,8077,4589.51,559.81
Anterior cingulate area/ ventral part,ACAv,48,right,all,7329,4284.12,520.45,7329,4284.12,520.45
Anterior cingulate area/ ventral part/ layer 1,ACAv1,588,left,all,990,6432.31,603.695,990,6432.31,603.695
Anterior cingulate area/ ventral part/ layer 1,ACAv1,588,right,all,849,4684.2,518.51,849,4684.2,518.51
Anterior cingulate area/ ventral part/ layer 2/3,ACAv2/3,296,left,all,1167,3791.7,519.871,1167,3791.7,519.871
Anterior cingulate area/ ventral part/ layer 2/3,ACAv2/3,296,right,all,1470,3851.3,520.039,1470,3851.3,520.039
Anterior cingulate area/ ventral part/ layer 5,ACAv5,772,left,all,4683,4477.78,559.861,4683,4477.78,559.861
Anterior cingulate area/ ventral part/ layer 5,ACAv5,772,right,all,4304,4418.82,525.787,4304,4418.82,525.787
Anterior cingulate area/ ventral part/ 6a,ACAv6a,810,left,all,1190,4314.53,563.122,1190,4314.53,563.122
Anterior cingulate area/ ventral part/ 6a,ACAv6a,810,right,all,692,3893.23,492.471,692,3893.23,492.471
Anterior cingulate area/ ventral part/ 6b,ACAv6b,819,left,all,47,3676.72,538.106,47,3676.72,538.106
Anterior cingulate area/ ventral part/ 6b,ACAv6b,819,right,all,14,3378.05,423.214,14,3378.05,423.214
Prelimbic area,PL,972,left,all,7699,4373.34,437.156,7699,4373.34,437.156
Prelimbic area,PL,972,right,all,7801,4399.7,435.68,7801,4399.7,435.68
Prelimbic area/ layer 1,PL1,171,left,all,715,5044.97,423.143,715,5044.97,423.143
Prelimbic area/ layer 1,PL1,171,right,all,1055,4812.77,407.672,1055,4812.77,407.672
Prelimbic area/ layer 2/3,PL2/3,304,left,all,1000,3898.67,411.458,1000,3898.67,411.458
Prelimbic area/ layer 2/3,PL2/3,304,right,all,1248,4060.78,411.117,1248,4060.78,411.117
Prelimbic area/ layer 5,PL5,363,left,all,4467,4443.42,442.692,4467,4443.42,442.692
Prelimbic area/ layer 5,PL5,363,right,all,4115,4505.04,447.885,4115,4505.04,447.885
Prelimbic area/ layer 6a,PL6a,84,left,all,1515,4165.19,444.472,1515,4165.19,444.472
Prelimbic area/ layer 6a,PL6a,84,right,all,1380,4076.83,443.009,1380,4076.83,443.009
Prelimbic area/ layer 6b,PL6b,132,left,all,2,2738.94,388,2,2738.94,388
Prelimbic area/ layer 6b,PL6b,132,right,all,3,4170.6,391.333,3,4170.6,391.333
Infralimbic area,ILA,44,left,all,1982,3887.39,427.755,1982,3887.39,427.755
Infralimbic area,ILA,44,right,all,2127,4375.85,452.18,2127,4375.85,452.18
Infralimbic area/ layer 1,ILA1,707,left,all,48,4865.54,419.438,48,4865.54,419.438
Infralimbic area/ layer 1,ILA1,707,right,all,213,6361.05,503.545,213,6361.05,503.545
Infralimbic area/ layer 2/3,ILA2/3,556,left,all,140,3919.62,406.664,140,3919.62,406.664
Infralimbic area/ layer 2/3,ILA2/3,556,right,all,165,3657.99,409,165,3657.99,409
Infralimbic area/ layer 5,ILA5,827,left,all,1183,3787.22,425.68,1183,3787.22,425.68
Infralimbic area/ layer 5,ILA5,827,right,all,1135,4155.34,444.969,1135,4155.34,444.969
Infralimbic area/ layer 6a,ILA6a,1054,left,all,609,3997.01,437.425,609,3997.01,437.425
Infralimbic area/ layer 6a,ILA6a,1054,right,all,612,4288.3,459.542,612,4288.3,459.542
Infralimbic area/ layer 6b,ILA6b,1081,left,all,2,4023.85,386.5,2,4023.85,386.5
Infralimbic area/ layer 6b,ILA6b,1081,right,all,2,4101.11,383,2,4101.11,383
Orbital area,ORB,714,left,all,21515,5183.24,508.373,21515,5183.24,508.373
Orbital area,ORB,714,right,all,17886,4800.12,463.288,17886,4800.12,463.288
Orbital area/ lateral part,ORBl,723,left,all,11398,5701.7,562.205,11398,5701.7,562.205
Orbital area/ lateral part,ORBl,723,right,all,9979,5130.17,488.824,9979,5130.17,488.824
Orbital area/ lateral part/ layer 1,ORBl1,448,left,all,1132,15629,1315.89,1132,15629,1315.89
Orbital area/ lateral part/ layer 1,ORBl1,448,right,all,727,4925.04,435.755,727,4925.04,435.755
Orbital area/ lateral part/ layer 2/3,ORBl2/3,412,left,all,2326,4437.62,478.184,2326,4437.62,478.184
Orbital area/ lateral part/ layer 2/3,ORBl2/3,412,right,all,2156,4954.15,483.649,2156,4954.15,483.649
Orbital area/ lateral part/ layer 5,ORBl5,630,left,all,6462,4749.25,488.999,6462,4749.25,488.999
Orbital area/ lateral part/ layer 5,ORBl5,630,right,all,6039,5319.47,504.161,6039,5319.47,504.161
Orbital area/ lateral part/ layer 6a,ORBl6a,440,left,all,1458,4255.56,437.57,1458,4255.56,437.57
Orbital area/ lateral part/ layer 6a,ORBl6a,440,right,all,1034,4554.04,448.961,1034,4554.04,448.961
Orbital area/ lateral part/ layer 6b,ORBl6b,488,left,all,20,3988.57,414.05,20,3988.57,414.05
Orbital area/ lateral part/ layer 6b,ORBl6b,488,right,all,23,4311.94,416.739,23,4311.94,416.739
Orbital area/ medial part,ORBm,731,left,all,3965,4070.34,405.34,3965,4070.34,405.34
Orbital area/ medial part,ORBm,731,right,all,3132,4270.36,421.364,3132,4270.36,421.364
Orbital area/ medial part/ layer 1,ORBm1,484,left,all,846,3960.89,372.92,846,3960.89,372.92
Orbital area/ medial part/ layer 1,ORBm1,484,right,all,596,4406.48,386.763,596,4406.48,386.763
Orbital area/ medial part/ layer 2/3,ORBm2/3,582,left,all,933,3992.44,404.457,933,3992.44,404.457
Orbital area/ medial part/ layer 2/3,ORBm2/3,582,right,all,634,4126.06,407.372,634,4126.06,407.372
Orbital area/ medial part/ layer 5,ORBm5,620,left,all,1741,4205.62,419.851,1741,4205.62,419.851
Orbital area/ medial part/ layer 5,ORBm5,620,right,all,1438,4279.99,439.015,1438,4279.99,439.015
Orbital area/ medial part/ layer 6a,ORBm6a,910,left,all,444,3915.29,412.169,444,3915.29,412.169
Orbital area/ medial part/ layer 6a,ORBm6a,910,right,all,463,4265.97,430.285,463,4265.97,430.285
Orbital area/ medial part/ layer 6b,ORBm6b,527696977,left,all,1,2670.72,363,1,2670.72,363
Orbital area/ medial part/ layer 6b,ORBm6b,527696977,right,all,1,2813.79,401,1,2813.79,401
Orbital area/ ventrolateral part,ORBvl,746,left,all,6152,4939.96,475.042,6152,4939.96,475.042
Orbital area/ ventrolateral part,ORBvl,746,right,all,4775,4457.86,437.419,4775,4457.86,437.419
Orbital area/ ventrolateral part/ layer 1,ORBvl1,969,left,all,1047,6243.82,545.713,1047,6243.82,545.713
Orbital area/ ventrolateral part/ layer 1,ORBvl1,969,right,all,715,3874.37,393.418,715,3874.37,393.418
Orbital area/ ventrolateral part/ layer 2/3,ORBvl2/3,288,left,all,1498,5513.33,498.949,1498,5513.33,498.949
Orbital area/ ventrolateral part/ layer 2/3,ORBvl2/3,288,right,all,1233,4889.65,449.852,1233,4889.65,449.852
Orbital area/ ventrolateral part/ layer 5,ORBvl5,1125,left,all,2911,4424.93,453.571,2911,4424.93,453.571
Orbital area/ ventrolateral part/ layer 5,ORBvl5,1125,right,all,2349,4503.04,447.881,2349,4503.04,447.881
Orbital area/ ventrolateral part/ layer 6a,ORBvl6a,608,left,all,693,3899.95,407.203,693,3899.95,407.203
Orbital area/ ventrolateral part/ layer 6a,ORBvl6a,608,right,all,473,4000.39,419.886,473,4000.39,419.886
Orbital area/ ventrolateral part/ layer 6b,ORBvl6b,680,left,all,3,3573.1,378.667,3,3573.1,378.667
Orbital area/ ventrolateral part/ layer 6b,ORBvl6b,680,right,all,5,3461.88,407.8,5,3461.88,407.8
Agranular insular area,AI,95,left,all,35678,5227.34,475.214,35678,5227.34,475.214
Agranular insular area,AI,95,right,all,35423,5259.59,459.766,35423,5259.59,459.766
Agranular insular area/ dorsal part,AId,104,left,all,15326,4893.18,458.74,15326,4893.18,458.74
Agranular insular area/ dorsal part,AId,104,right,all,16708,5011.55,450.488,16708,5011.55,450.488
Agranular insular area/ dorsal part/ layer 1,AId1,996,left,all,518,4115.78,397.664,518,4115.78,397.664
Agranular insular area/ dorsal part/ layer 1,AId1,996,right,all,1024,4571.18,390.354,1024,4571.18,390.354
Agranular insular area/ dorsal part/ layer 2/3,AId2/3,328,left,all,3490,4440.19,424.385,3490,4440.19,424.385
Agranular insular area/ dorsal part/ layer 2/3,AId2/3,328,right,all,4300,4920.51,426.953,4300,4920.51,426.953
Agranular insular area/ dorsal part/ layer 5,AId5,1101,left,all,7693,5153.94,471.848,7693,5153.94,471.848
Agranular insular area/ dorsal part/ layer 5,AId5,1101,right,all,8308,5289.84,472.206,8308,5289.84,472.206
Agranular insular area/ dorsal part/ layer 6a,AId6a,783,left,all,3534,4873.04,471.679,3534,4873.04,471.679
Agranular insular area/ dorsal part/ layer 6a,AId6a,783,right,all,3026,4521.45,444.832,3026,4521.45,444.832
Agranular insular area/ dorsal part/ layer 6b,AId6b,831,left,all,91,5429.21,513.242,91,5429.21,513.242
Agranular insular area/ dorsal part/ layer 6b,AId6b,831,right,all,50,5279,439.66,50,5279,439.66
Agranular insular area/ posterior part,AIp,111,left,all,13105,5600.69,488.052,13105,5600.69,488.052
Agranular insular area/ posterior part,AIp,111,right,all,11046,5510.18,458.437,11046,5510.18,458.437
Agranular insular area/ posterior part/ layer 1,AIp1,120,left,all,1296,5306.35,497.399,1296,5306.35,497.399
Agranular insular area/ posterior part/ layer 1,AIp1,120,right,all,643,4582.61,422.958,643,4582.61,422.958
Agranular insular area/ posterior part/ layer 2/3,AIp2/3,163,left,all,5597,5948.89,501.216,5597,5948.89,501.216
Agranular insular area/ posterior part/ layer 2/3,AIp2/3,163,right,all,5691,5746.64,465.516,5691,5746.64,465.516
Agranular insular area/ posterior part/ layer 5,AIp5,344,left,all,4023,5617.83,480.534,4023,5617.83,480.534
Agranular insular area/ posterior part/ layer 5,AIp5,344,right,all,2740,5622.92,461.375,2740,5622.92,461.375
Agranular insular area/ posterior part/ layer 6a,AIp6a,314,left,all,2141,4798.04,462.127,2141,4798.04,462.127
Agranular insular area/ posterior part/ layer 6a,AIp6a,314,right,all,1934,4967.83,445.422,1934,4967.83,445.422
Agranular insular area/ posterior part/ layer 6b,AIp6b,355,left,all,48,7313.34,487.125,48,7313.34,487.125
Agranular insular area/ posterior part/ layer 6b,AIp6b,355,right,all,38,5265.71,449.184,38,5265.71,449.184
Agranular insular area/ ventral part,AIv,119,left,all,7247,5258.89,486.838,7247,5258.89,486.838
Agranular insular area/ ventral part,AIv,119,right,all,7669,5439.04,481.893,7669,5439.04,481.893
Agranular insular area/ ventral part/ layer 1,AIv1,704,left,all,370,8544.53,668.589,370,8544.53,668.589
Agranular insular area/ ventral part/ layer 1,AIv1,704,right,all,543,5612.85,469.389,543,5612.85,469.389
Agranular insular area/ ventral part/ layer 2/3,AIv2/3,694,left,all,2557,5203.51,475.422,2557,5203.51,475.422
Agranular insular area/ ventral part/ layer 2/3,AIv2/3,694,right,all,3010,5665.92,479.63,3010,5665.92,479.63
Agranular insular area/ ventral part/ layer 5,AIv5,800,left,all,3590,5032.69,479.025,3590,5032.69,479.025
Agranular insular area/ ventral part/ layer 5,AIv5,800,right,all,3473,5253.62,490.756,3473,5253.62,490.756
Agranular insular area/ ventral part/ layer 6a,AIv6a,675,left,all,729,4902.06,473.154,729,4902.06,473.154
Agranular insular area/ ventral part/ layer 6a,AIv6a,675,right,all,638,5114.49,452.867,638,5114.49,452.867
Agranular insular area/ ventral part/ layer 6b,AIv6b,699,left,all,1,3387.64,452,1,3387.64,452
Agranular insular area/ ventral part/ layer 6b,AIv6b,699,right,all,5,20192.4,750.2,5,20192.4,750.2
Retrosplenial area,RSP,254,left,all,44843,5690.62,612.675,44843,5690.62,612.675
Retrosplenial area,RSP,254,right,all,37907,5477.3,576.854,37907,5477.3,576.854
Retrosplenial area/ lateral agranular part,RSPagl,894,left,all,4899,4983.42,517.087,4899,4983.42,517.087
Retrosplenial area/ lateral agranular part,RSPagl,894,right,all,4793,4797.66,477.793,4793,4797.66,477.793
Retrosplenial area/ lateral agranular part/ layer 1,RSPagl1,671,left,all,266,5128.26,421,266,5128.26,421
Retrosplenial area/ lateral agranular part/ layer 1,RSPagl1,671,right,all,181,4347.88,407.713,181,4347.88,407.713
Retrosplenial area/ lateral agranular part/ layer 2/3,RSPagl2/3,965,left,all,258,4499.19,438.682,258,4499.19,438.682
Retrosplenial area/ lateral agranular part/ layer 2/3,RSPagl2/3,965,right,all,274,4362.93,451.675,274,4362.93,451.675
Retrosplenial area/ lateral agranular part/ layer 5,RSPagl5,774,left,all,1204,4966.43,507.439,1204,4966.43,507.439
Retrosplenial area/ lateral agranular part/ layer 5,RSPagl5,774,right,all,1493,4600.15,455.747,1493,4600.15,455.747
Retrosplenial area/ lateral agranular part/ layer 6a,RSPagl6a,906,left,all,2829,4944.11,531.433,2829,4944.11,531.433
Retrosplenial area/ lateral agranular part/ layer 6a,RSPagl6a,906,right,all,2624,4953.85,495.101,2624,4953.85,495.101
Retrosplenial area/ lateral agranular part/ layer 6b,RSPagl6b,279,left,all,342,5621.03,566.263,342,5621.03,566.263
Retrosplenial area/ lateral agranular part/ layer 6b,RSPagl6b,279,right,all,221,5184.74,511.014,221,5184.74,511.014
Retrosplenial area/ dorsal part,RSPd,879,left,all,7047,4942.97,533.673,7047,4942.97,533.673
Retrosplenial area/ dorsal part,RSPd,879,right,all,6894,4890.13,489.641,6894,4890.13,489.641
Retrosplenial area/ dorsal part/ layer 1,RSPd1,442,left,all,254,4683.65,425.831,254,4683.65,425.831
Retrosplenial area/ dorsal part/ layer 1,RSPd1,442,right,all,310,5418.01,431.916,310,5418.01,431.916
Retrosplenial area/ dorsal part/ layer 2/3,RSPd2/3,434,left,all,288,4356.83,446.212,288,4356.83,446.212
Retrosplenial area/ dorsal part/ layer 2/3,RSPd2/3,434,right,all,397,4514.62,424.72,397,4514.62,424.72
Retrosplenial area/ dorsal part/ layer 4,RSPd4,545,left,all,0,0,0,0,0,0
Retrosplenial area/ dorsal part/ layer 4,RSPd4,545,right,all,0,0,0,0,0,0
Retrosplenial area/ dorsal part/ layer 5,RSPd5,610,left,all,1621,4534.54,500.014,1621,4534.54,500.014
Retrosplenial area/ dorsal part/ layer 5,RSPd5,610,right,all,2078,4658.9,461.465,2078,4658.9,461.465
Retrosplenial area/ dorsal part/ layer 6a,RSPd6a,274,left,all,4588,5036.04,551.345,4588,5036.04,551.345
Retrosplenial area/ dorsal part/ layer 6a,RSPd6a,274,right,all,3898,4964.62,511.518,3898,4964.62,511.518
Retrosplenial area/ dorsal part/ layer 6b,RSPd6b,330,left,all,296,6530.06,621.736,296,6530.06,621.736
Retrosplenial area/ dorsal part/ layer 6b,RSPd6b,330,right,all,211,5722.06,569.924,211,5722.06,569.924
Retrosplenial area/ ventral part,RSPv,886,left,all,32897,5956.09,643.833,32897,5956.09,643.833
Retrosplenial area/ ventral part,RSPv,886,right,all,26220,5755.92,617.893,26220,5755.92,617.893
Retrosplenial area/ ventral part/ layer 1,RSPv1,542,left,all,3504,5435.09,590.375,3504,5435.09,590.375
Retrosplenial area/ ventral part/ layer 1,RSPv1,542,right,all,1951,4988.7,540.309,1951,4988.7,540.309
Retrosplenial area/ ventral part/ layer 2/3,RSPv2/3,430,left,all,5612,4996.01,617.275,5612,4996.01,617.275
Retrosplenial area/ ventral part/ layer 2/3,RSPv2/3,430,right,all,4970,5181.88,608.88,4970,5181.88,608.88
Retrosplenial area/ ventral part/ layer 5,RSPv5,687,left,all,17078,6363.77,665.592,17078,6363.77,665.592
Retrosplenial area/ ventral part/ layer 5,RSPv5,687,right,all,14607,6154.54,640.983,14607,6154.54,640.983
Retrosplenial area/ ventral part/ layer 6a,RSPv6a,590,left,all,6275,5987.52,637.511,6275,5987.52,637.511
Retrosplenial area/ ventral part/ layer 6a,RSPv6a,590,right,all,4357,5483.64,587.734,4357,5483.64,587.734
Retrosplenial area/ ventral part/ layer 6b,RSPv6b,622,left,all,428,6082.37,654.199,428,6082.37,654.199
Retrosplenial area/ ventral part/ layer 6b,RSPv6b,622,right,all,335,4901.01,588.901,335,4901.01,588.901
Posterior parietal association areas,PTLp,22,left,all,13031,6160.83,571.641,13031,6160.83,571.641
Posterior parietal association areas,PTLp,22,right,all,10134,5750.97,508.741,10134,5750.97,508.741
Anterior area,VISa,312782546,left,all,5922,5756.69,551.146,5922,5756.69,551.146
Anterior area,VISa,312782546,right,all,4976,5743.51,514.916,4976,5743.51,514.916
Anterior area/ layer 1,VISa1,312782550,left,all,0,0,0,0,0,0
Anterior area/ layer 1,VISa1,312782550,right,all,0,0,0,0,0,0
Anterior area/ layer 2/3,VISa2/3,312782554,left,all,199,4908.98,489.678,199,4908.98,489.678
Anterior area/ layer 2/3,VISa2/3,312782554,right,all,322,5070.6,430.842,322,5070.6,430.842
Anterior area/ layer 4,VISa4,312782558,left,all,786,5008.85,511.522,786,5008.85,511.522
Anterior area/ layer 4,VISa4,312782558,right,all,602,4656.98,461.95,602,4656.98,461.95
Anterior area/ layer 5,VISa5,312782562,left,all,2533,5650.03,545.134,2533,5650.03,545.134
Anterior area/ layer 5,VISa5,312782562,right,all,2185,5968.33,517.005,2185,5968.33,517.005
Anterior area/ layer 6a,VISa6a,312782566,left,all,2055,6238.53,576.999,2055,6238.53,576.999
Anterior area/ layer 6a,VISa6a,312782566,right,all,1674,6070.98,548.87,1674,6070.98,548.87
Anterior area/ layer 6b,VISa6b,312782570,left,all,349,5861.2,566.848,349,5861.2,566.848
Anterior area/ layer 6b,VISa6b,312782570,right,all,193,4869.68,502.238,193,4869.68,502.238
Rostrolateral visual area,VISrl,417,left,all,7109,6497.5,588.714,7109,6497.5,588.714
Rostrolateral visual area,VISrl,417,right,all,5158,5758.17,502.784,5158,5758.17,502.784
Rostrolateral area/ layer 1,VISrl1,312782604,left,all,353,4873.38,482.663,353,4873.38,482.663
Rostrolateral area/ layer 1,VISrl1,312782604,right,all,340,4223.3,407.026,340,4223.3,407.026
Rostrolateral area/ layer 2/3,VISrl2/3,312782608,left,all,2102,5318.71,542.766,2102,5318.71,542.766
Rostrolateral area/ layer 2/3,VISrl2/3,312782608,right,all,1431,4783.74,464.064,1431,4783.74,464.064
Rostrolateral area/ layer 4,VISrl4,312782612,left,all,1401,6757.61,624.085,1401,6757.61,624.085
Rostrolateral area/ layer 4,VISrl4,312782612,right,all,1074,6450.03,540.843,1074,6450.03,540.843
Rostrolateral area/ layer 5,VISrl5,312782616,left,all,2061,8626.82,663.581,2061,8626.82,663.581
Rostrolateral area/ layer 5,VISrl5,312782616,right,all,1548,7149.46,559.481,1548,7149.46,559.481
Rostrolateral area/ layer 6a,VISrl6a,312782620,left,all,963,4955.51,524.052,963,4955.51,524.052
Rostrolateral area/ layer 6a,VISrl6a,312782620,right,all,603,4355.56,439.922,603,4355.56,439.922
Rostrolateral area/ layer 6b,VISrl6b,312782624,left,all,229,5550.39,555.681,229,5550.39,555.681
Rostrolateral area/ layer 6b,VISrl6b,312782624,right,all,162,4926.52,485.679,162,4926.52,485.679
Temporal association areas,TEa,541,left,all,23201,5489.71,480.184,23201,5489.71,480.184
Temporal association areas,TEa,541,right,all,11454,4674.56,427.499,11454,4674.56,427.499
Temporal association areas/ layer 1,TEa1,97,left,all,1495,4830.3,408.506,1495,4830.3,408.506
Temporal association areas/ layer 1,TEa1,97,right,all,616,4068.38,381.317,616,4068.38,381.317
Temporal association areas/ layer 2/3,TEa2/3,1127,left,all,4760,4567.14,429.331,4760,4567.14,429.331
Temporal association areas/ layer 2/3,TEa2/3,1127,right,all,2069,4202.41,397.04,2069,4202.41,397.04
Temporal association areas/ layer 4,TEa4,234,left,all,2747,5642.24,479.028,2747,5642.24,479.028
Temporal association areas/ layer 4,TEa4,234,right,all,1421,4926.43,433.588,1421,4926.43,433.588
Temporal association areas/ layer 5,TEa5,289,left,all,9474,6043.38,502.78,9474,6043.38,502.78
Temporal association areas/ layer 5,TEa5,289,right,all,4710,4881.95,440.374,4710,4881.95,440.374
Temporal association areas/ layer 6a,TEa6a,729,left,all,4276,5415.47,505.747,4276,5415.47,505.747
Temporal association areas/ layer 6a,TEa6a,729,right,all,2337,4643.91,432.846,2337,4643.91,432.846
Temporal association areas/ layer 6b,TEa6b,786,left,all,449,5557.2,544.804,449,5557.2,544.804
Temporal association areas/ layer 6b,TEa6b,786,right,all,301,4964.28,459.658,301,4964.28,459.658
Perirhinal area,PERI,922,left,all,4561,6319.01,486.115,4561,6319.01,486.115
Perirhinal area,PERI,922,right,all,3933,6314.19,463.243,3933,6314.19,463.243
Perirhinal area/ layer 1,PERI1,540,left,all,771,6177.2,467.064,771,6177.2,467.064
Perirhinal area/ layer 1,PERI1,540,right,all,817,7199.69,465.208,817,7199.69,465.208
Perirhinal area/ layer 2/3,PERI2/3,888,left,all,2049,6337.82,478.313,2049,6337.82,478.313
Perirhinal area/ layer 2/3,PERI2/3,888,right,all,2000,6383.75,469.237,2000,6383.75,469.237
Perirhinal area/ layer 5,PERI5,692,left,all,1283,6475.03,497.897,1283,6475.03,497.897
Perirhinal area/ layer 5,PERI5,692,right,all,763,5641.26,452.351,763,5641.26,452.351
Perirhinal area/ layer 6a,PERI6a,335,left,all,427,5958.38,518.859,427,5958.38,518.859
Perirhinal area/ layer 6a,PERI6a,335,right,all,331,5287.39,445.266,331,5287.39,445.266
Perirhinal area/ layer 6b,PERI6b,368,left,all,31,7112.67,536.935,31,7112.67,536.935
Perirhinal area/ layer 6b,PERI6b,368,right,all,22,5894.22,493.545,22,5894.22,493.545
Ectorhinal area,ECT,895,left,all,10779,5404.16,462.857,10779,5404.16,462.857
Ectorhinal area,ECT,895,right,all,6194,4737.25,414.105,6194,4737.25,414.105
Ectorhinal area/Layer 1,ECT1,836,left,all,860,4718,383.426,860,4718,383.426
Ectorhinal area/Layer 1,ECT1,836,right,all,477,4849.02,382.629,477,4849.02,382.629
Ectorhinal area/Layer 2/3,ECT2/3,427,left,all,2785,5058.09,426.153,2785,5058.09,426.153
Ectorhinal area/Layer 2/3,ECT2/3,427,right,all,1788,4691.21,401.267,1788,4691.21,401.267
Ectorhinal area/Layer 5,ECT5,988,left,all,4629,5692.55,483.581,4629,5692.55,483.581
Ectorhinal area/Layer 5,ECT5,988,right,all,2358,4863.07,428.128,2358,4863.07,428.128
Ectorhinal area/Layer 6a,ECT6a,977,left,all,2423,5500.89,492.865,2423,5500.89,492.865
Ectorhinal area/Layer 6a,ECT6a,977,right,all,1496,4540.17,414.125,1496,4540.17,414.125
Ectorhinal area/Layer 6b,ECT6b,1045,left,all,82,5215.11,485.89,82,5215.11,485.89
Ectorhinal area/Layer 6b,ECT6b,1045,right,all,75,5099.31,479.08,75,5099.31,479.08
Olfactory areas,OLF,698,left,all,103241,6243.29,543.912,103241,6243.29,543.912
Olfactory areas,OLF,698,right,all,113766,6077.38,499.554,113766,6077.38,499.554
Main olfactory bulb,MOB,507,left,all,15939,6974.9,515.783,15939,6974.9,515.783
Main olfactory bulb,MOB,507,right,all,37340,7519.29,552.003,37340,7519.29,552.003
Accessory olfactory bulb,AOB,151,left,all,1291,5682.23,457.676,1291,5682.23,457.676
Accessory olfactory bulb,AOB,151,right,all,1032,5059,407.399,1032,5059,407.399
Accessory olfactory bulb/ glomerular layer,AOBgl,188,left,all,275,9022.83,579.895,275,9022.83,579.895
Accessory olfactory bulb/ glomerular layer,AOBgl,188,right,all,193,6963.43,470.591,193,6963.43,470.591
Accessory olfactory bulb/ granular layer,AOBgr,196,left,all,368,4852.31,426.832,368,4852.31,426.832
Accessory olfactory bulb/ granular layer,AOBgr,196,right,all,164,4975.42,396.902,164,4975.42,396.902
Accessory olfactory bulb/ mitral layer,AOBmi,204,left,all,648,4735.85,423.326,648,4735.85,423.326
Accessory olfactory bulb/ mitral layer,AOBmi,204,right,all,675,4534.77,391.881,675,4534.77,391.881
Anterior olfactory nucleus,AON,159,left,all,12083,4440.5,439.525,12083,4440.5,439.525
Anterior olfactory nucleus,AON,159,right,all,15060,4658.49,437.751,15060,4658.49,437.751
Taenia tecta,TT,589,left,all,2940,4527.42,452.01,2940,4527.42,452.01
Taenia tecta,TT,589,right,all,2346,4500.82,459.02,2346,4500.82,459.02
Taenia tecta/ dorsal part,TTd,597,left,all,2132,4710.81,467.988,2132,4710.81,467.988
Taenia tecta/ dorsal part,TTd,597,right,all,1912,4575.54,468.476,1912,4575.54,468.476
Taenia tecta/ ventral part,TTv,605,left,all,808,4043.52,409.849,808,4043.52,409.849
Taenia tecta/ ventral part,TTv,605,right,all,434,4171.65,417.359,434,4171.65,417.359
Dorsal peduncular area,DP,814,left,all,1694,4236.76,460.567,1694,4236.76,460.567
Dorsal peduncular area,DP,814,right,all,1782,4615.65,483.529,1782,4615.65,483.529
Piriform area,PIR,961,left,all,51322,5855.9,520.687,51322,5855.9,520.687
Piriform area,PIR,961,right,all,41943,5525.16,489.505,41943,5525.16,489.505
Nucleus of the lateral olfactory tract,NLOT,619,left,all,1,2726.42,464,1,2726.42,464
Nucleus of the lateral olfactory tract,NLOT,619,right,all,12,3214.79,416.75,12,3214.79,416.75
Nucleus of the lateral olfactory tract/ molecular layer,NLOT1,260,left,all,0,0,0,0,0,0
Nucleus of the lateral olfactory tract/ molecular layer,NLOT1,260,right,all,0,0,0,0,0,0
Nucleus of the lateral olfactory tract/ pyramidal layer,NLOT2,268,left,all,0,0,0,0,0,0
Nucleus of the lateral olfactory tract/ pyramidal layer,NLOT2,268,right,all,0,0,0,0,0,0
Nucleus of the lateral olfactory tract/ layer 3,NLOT3,1139,left,all,1,2726.42,464,1,2726.42,464
Nucleus of the lateral olfactory tract/ layer 3,NLOT3,1139,right,all,12,3214.79,416.75,12,3214.79,416.75
Cortical amygdalar area,COA,631,left,all,2345,4125.29,471.305,2345,4125.29,471.305
Cortical amygdalar area,COA,631,right,all,332,3567.63,396.831,332,3567.63,396.831
Cortical amygdalar area/ anterior part,COAa,639,left,all,0,0,0,0,0,0
Cortical amygdalar area/ anterior part,COAa,639,right,all,0,0,0,0,0,0
Cortical amygdalar area/ posterior part,COAp,647,left,all,2345,4125.29,471.305,2345,4125.29,471.305
Cortical amygdalar area/ posterior part,COAp,647,right,all,332,3567.63,396.831,332,3567.63,396.831
Cortical amygdalar area/ posterior part/ lateral zone,COApl,655,left,all,1155,4271.25,487.518,1155,4271.25,487.518
Cortical amygdalar area/ posterior part/ lateral zone,COApl,655,right,all,199,3536.95,394.839,199,3536.95,394.839
Cortical amygdalar area/ posterior part/ medial zone,COApm,663,left,all,1190,3983.62,455.57,1190,3983.62,455.57
Cortical amygdalar area/ posterior part/ medial zone,COApm,663,right,all,133,3613.52,399.812,133,3613.52,399.812
Piriform-amygdalar area,PAA,788,left,all,147,4837.5,514.17,147,4837.5,514.17
Piriform-amygdalar area,PAA,788,right,all,37,4052.14,433.865,37,4052.14,433.865
Postpiriform transition area,TR,566,left,all,6476,6299.3,536.235,6476,6299.3,536.235
Postpiriform transition area,TR,566,right,all,1932,4365.64,400.134,1932,4365.64,400.134
Hippocampal formation,HPF,1089,left,all,214986,6301.42,581.607,214986,6301.42,581.607
Hippocampal formation,HPF,1089,right,all,149016,5908.85,529.288,149016,5908.85,529.288
Hippocampal region,HIP,1080,left,all,95323,6519.27,638.497,95323,6519.27,638.497
Hippocampal region,HIP,1080,right,all,51608,5377.66,538.379,51608,5377.66,538.379
Ammon's horn,CA,375,left,all,77499,6628.72,644.332,77499,6628.72,644.332
Ammon's horn,CA,375,right,all,41463,5371.01,537.748,41463,5371.01,537.748
Field CA1,CA1,382,left,all,43924,5965.82,608.163,43924,5965.82,608.163
Field CA1,CA1,382,right,all,20652,5303.38,521.047,20652,5303.38,521.047
Field CA2,CA2,423,left,all,2115,8760.12,713.997,2115,8760.12,713.997
Field CA2,CA2,423,right,all,1563,6346.81,591.839,1563,6346.81,591.839
Field CA3,CA3,463,left,all,31460,7410.96,690.149,31460,7410.96,690.149
Field CA3,CA3,463,right,all,19248,5364.33,551.273,19248,5364.33,551.273
Dentate gyrus,DG,726,left,all,17626,6053.38,613.885,17626,6053.38,613.885
Dentate gyrus,DG,726,right,all,9899,5423.74,540.033,9899,5423.74,540.033
Dentate gyrus/ molecular layer,DG-mo,10703,left,all,7636,6510.37,589.94,7636,6510.37,589.94
Dentate gyrus/ molecular layer,DG-mo,10703,right,all,4660,5647.57,553.428,4660,5647.57,553.428
Dentate gyrus/ polymorph layer,DG-po,10704,left,all,4363,6155.78,625.931,4363,6155.78,625.931
Dentate gyrus/ polymorph layer,DG-po,10704,right,all,2558,5173.11,519.768,2558,5173.11,519.768
Dentate gyrus/ granule cell layer,DG-sg,632,left,all,5627,5353.83,637.039,5627,5353.83,637.039
Dentate gyrus/ granule cell layer,DG-sg,632,right,all,2681,5273.82,536.087,2681,5273.82,536.087
Fasciola cinerea,FC,982,left,all,160,5265.81,569.531,160,5265.81,569.531
Fasciola cinerea,FC,982,right,all,226,4681.88,590.097,226,4681.88,590.097
Induseum griseum,IG,19,left,all,38,4678.13,443.079,38,4678.13,443.079
Induseum griseum,IG,19,right,all,20,4220.11,444.45,20,4220.11,444.45
Retrohippocampal region,RHP,822,left,all,118270,6141.03,536.214,118270,6141.03,536.214
Retrohippocampal region,RHP,822,right,all,96725,6194.59,524.403,96725,6194.59,524.403
Entorhinal area,ENT,909,left,all,77802,6601.3,510.058,77802,6601.3,510.058
Entorhinal area,ENT,909,right,all,67114,6638.04,520.894,67114,6638.04,520.894
Entorhinal area/ lateral part,ENTl,918,left,all,47953,7287.91,515.931,47953,7287.91,515.931
Entorhinal area/ lateral part,ENTl,918,right,all,35531,7058.23,510.47,35531,7058.23,510.47
Entorhinal area/ lateral part/ layer 1,ENTl1,1121,left,all,2938,9695.15,530.088,2938,9695.15,530.088
Entorhinal area/ lateral part/ layer 1,ENTl1,1121,right,all,2014,8020.45,513.907,2014,8020.45,513.907
Entorhinal area/ lateral part/ layer 2,ENTl2,20,left,all,16284,8447.85,530.637,16284,8447.85,530.637
Entorhinal area/ lateral part/ layer 2,ENTl2,20,right,all,12491,8408.64,539.403,12491,8408.64,539.403
Entorhinal area/ lateral part/ layer 3,ENTl3,52,left,all,10592,7229.35,510.798,10592,7229.35,510.798
Entorhinal area/ lateral part/ layer 3,ENTl3,52,right,all,8198,7080.04,514.221,8198,7080.04,514.221
Entorhinal area/ lateral part/ layer 5,ENTl5,139,left,all,10546,6287.74,503.597,10546,6287.74,503.597
Entorhinal area/ lateral part/ layer 5,ENTl5,139,right,all,7153,5911.85,484.217,7153,5911.85,484.217
Entorhinal area/ lateral part/ layer 6a,ENTl6a,28,left,all,7593,5339.69,503.206,7593,5339.69,503.206
Entorhinal area/ lateral part/ layer 6a,ENTl6a,28,right,all,5675,5157.89,473.236,5675,5157.89,473.236
Entorhinal area/ medial part/ dorsal zone,ENTm,926,left,all,29849,5498.26,500.625,29849,5498.26,500.625
Entorhinal area/ medial part/ dorsal zone,ENTm,926,right,all,31583,6165.32,532.622,31583,6165.32,532.622
Entorhinal area/ medial part/ dorsal zone/ layer 1,ENTm1,526,left,all,2948,6366.03,485.9,2948,6366.03,485.9
Entorhinal area/ medial part/ dorsal zone/ layer 1,ENTm1,526,right,all,2986,5709.01,490.778,2986,5709.01,490.778
Entorhinal area/ medial part/ dorsal zone/ layer 2,ENTm2,543,left,all,9707,6596.1,527.082,9707,6596.1,527.082
Entorhinal area/ medial part/ dorsal zone/ layer 2,ENTm2,543,right,all,10070,7662.66,588.202,10070,7662.66,588.202
Entorhinal area/ medial part/ dorsal zone/ layer 3,ENTm3,664,left,all,7667,5084.22,487.854,7667,5084.22,487.854
Entorhinal area/ medial part/ dorsal zone/ layer 3,ENTm3,664,right,all,8317,6032.02,531.932,8317,6032.02,531.932
Entorhinal area/ medial part/ dorsal zone/ layer 5,ENTm5,727,left,all,5812,4484.02,480.635,5812,4484.02,480.635
Entorhinal area/ medial part/ dorsal zone/ layer 5,ENTm5,727,right,all,6409,5141.54,497.638,6409,5141.54,497.638
Entorhinal area/ medial part/ dorsal zone/ layer 6,ENTm6,743,left,all,3715,4382.3,500.805,3715,4382.3,500.805
Entorhinal area/ medial part/ dorsal zone/ layer 6,ENTm6,743,right,all,3801,4574.8,478.742,3801,4574.8,478.742
Parasubiculum,PAR,843,left,all,5173,4891.18,532.386,5173,4891.18,532.386
Parasubiculum,PAR,843,right,all,5577,5528.03,555.588,5577,5528.03,555.588
Postsubiculum,POST,1037,left,all,4201,4663.45,566.415,4201,4663.45,566.415
Postsubiculum,POST,1037,right,all,2281,4363.08,464.423,2281,4363.08,464.423
Presubiculum,PRE,1084,left,all,3634,4743.41,551.777,3634,4743.41,551.777
Presubiculum,PRE,1084,right,all,2437,4988.85,506.107,2437,4988.85,506.107
Subiculum,SUB,502,left,all,16116,5503.89,616.527,16116,5503.89,616.527
Subiculum,SUB,502,right,all,12051,5159.16,546.066,12051,5159.16,546.066
Prosubiculum,ProS,484682470,left,all,8869,5833.04,615.96,8869,5833.04,615.96
Prosubiculum,ProS,484682470,right,all,5583,5639.58,541.459,5583,5639.58,541.459
Hippocampo-amygdalar transition area,HATA,589508447,left,all,1317,3771.17,497.297,1317,3771.17,497.297
Hippocampo-amygdalar transition area,HATA,589508447,right,all,408,3528.56,428.743,408,3528.56,428.743
Area prostriata,APr,484682508,left,all,1158,4468.11,468.02,1158,4468.11,468.02
Area prostriata,APr,484682508,right,all,1274,4417.71,466.061,1274,4417.71,466.061
Cortical subplate,CTXsp,703,left,all,39426,5242.39,491.832,39426,5242.39,491.832
Cortical subplate,CTXsp,703,right,all,24483,4768.3,454.08,24483,4768.3,454.08
Claustrum,CLA,583,left,all,3181,4709.2,483.43,3181,4709.2,483.43
Claustrum,CLA,583,right,all,2078,4705.06,447.028,2078,4705.06,447.028
Endopiriform nucleus,EP,942,left,all,14068,5867.72,499.677,14068,5867.72,499.677
Endopiriform nucleus,EP,942,right,all,8572,5139.79,446.556,8572,5139.79,446.556
Endopiriform nucleus/ dorsal part,EPd,952,left,all,9748,5723.98,496.044,9748,5723.98,496.044
Endopiriform nucleus/ dorsal part,EPd,952,right,all,5555,5279.29,450.917,5555,5279.29,450.917
Endopiriform nucleus/ ventral part,EPv,966,left,all,4320,6192.08,507.875,4320,6192.08,507.875
Endopiriform nucleus/ ventral part,EPv,966,right,all,3017,4882.94,438.525,3017,4882.94,438.525
Lateral amygdalar nucleus,LA,131,left,all,2460,4687.83,475.68,2460,4687.83,475.68
Lateral amygdalar nucleus,LA,131,right,all,3488,5086.32,488.901,3488,5086.32,488.901
Basolateral amygdalar nucleus,BLA,295,left,all,8356,5308.18,504.411,8356,5308.18,504.411
Basolateral amygdalar nucleus,BLA,295,right,all,5660,4662.4,468.543,5660,4662.4,468.543
Basolateral amygdalar nucleus/ anterior part,BLAa,303,left,all,3275,4884.88,497.958,3275,4884.88,497.958
Basolateral amygdalar nucleus/ anterior part,BLAa,303,right,all,2796,4777.56,488.043,2796,4777.56,488.043
Basolateral amygdalar nucleus/ posterior part,BLAp,311,left,all,4177,5702.23,516.924,4177,5702.23,516.924
Basolateral amygdalar nucleus/ posterior part,BLAp,311,right,all,1997,4500.71,432.062,1997,4500.71,432.062
Basolateral amygdalar nucleus/ ventral part,BLAv,451,left,all,904,5020.99,469.972,904,5020.99,469.972
Basolateral amygdalar nucleus/ ventral part,BLAv,451,right,all,867,4663.44,489.683,867,4663.44,489.683
Basomedial amygdalar nucleus,BMA,319,left,all,4770,4468.88,467.828,4770,4468.88,467.828
Basomedial amygdalar nucleus,BMA,319,right,all,2454,3924.95,437.342,2454,3924.95,437.342
Basomedial amygdalar nucleus/ anterior part,BMAa,327,left,all,1080,4001.52,447.997,1080,4001.52,447.997
Basomedial amygdalar nucleus/ anterior part,BMAa,327,right,all,774,4017.9,447.457,774,4017.9,447.457
Basomedial amygdalar nucleus/ posterior part,BMAp,334,left,all,3690,4605.66,473.632,3690,4605.66,473.632
Basomedial amygdalar nucleus/ posterior part,BMAp,334,right,all,1680,3882.13,432.682,1680,3882.13,432.682
Posterior amygdalar nucleus,PA,780,left,all,4886,4442.72,472.477,4886,4442.72,472.477
Posterior amygdalar nucleus,PA,780,right,all,1355,3738.25,408.883,1355,3738.25,408.883
Cerebral nuclei,CNU,623,left,all,73083,4602.65,522.724,73083,4602.65,522.724
Cerebral nuclei,CNU,623,right,all,51027,4406,474.595,51027,4406,474.595
Striatum,STR,477,left,all,56645,4535.02,516.965,56645,4535.02,516.965
Striatum,STR,477,right,all,39488,4333.26,468.973,39488,4333.26,468.973
Striatum dorsal region,STRd,485,left,all,35587,4442.78,533.852,35587,4442.78,533.852
Striatum dorsal region,STRd,485,right,all,22674,4336.3,472.947,22674,4336.3,472.947
Caudoputamen,CP,672,left,all,35587,4442.78,533.852,35587,4442.78,533.852
Caudoputamen,CP,672,right,all,22674,4336.3,472.947,22674,4336.3,472.947
Striatum ventral region,STRv,493,left,all,7670,5484.48,531.006,7670,5484.48,531.006
Striatum ventral region,STRv,493,right,all,4595,4934.92,483.337,4595,4934.92,483.337
Nucleus accumbens,ACB,56,left,all,5477,5252.47,518.525,5477,5252.47,518.525
Nucleus accumbens,ACB,56,right,all,3374,4970.25,492.603,3374,4970.25,492.603
Fundus of striatum,FS,998,left,all,1890,6372.74,573.567,1890,6372.74,573.567
Fundus of striatum,FS,998,right,all,920,4813.6,454.341,920,4813.6,454.341
Olfactory tubercle,OT,754,left,all,303,4137.67,491.139,303,4137.67,491.139
Olfactory tubercle,OT,754,right,all,301,4909.65,468.096,301,4909.65,468.096
Lateral septal complex,LSX,275,left,all,1447,3839.73,446.175,1447,3839.73,446.175
Lateral septal complex,LSX,275,right,all,1525,3809.03,446.503,1525,3809.03,446.503
Lateral septal nucleus,LS,242,left,all,1331,3820.48,447.125,1331,3820.48,447.125
Lateral septal nucleus,LS,242,right,all,1421,3831.48,447.55,1421,3831.48,447.55
Lateral septal nucleus/ caudal (caudodorsal) part,LSc,250,left,all,200,3450.79,387.21,200,3450.79,387.21
Lateral septal nucleus/ caudal (caudodorsal) part,LSc,250,right,all,49,3625.38,360.714,49,3625.38,360.714
Lateral septal nucleus/ rostral (rostroventral) part,LSr,258,left,all,940,3886.84,460.486,940,3886.84,460.486
Lateral septal nucleus/ rostral (rostroventral) part,LSr,258,right,all,1104,3852.9,454.159,1104,3852.9,454.159
Lateral septal nucleus/ ventral part,LSv,266,left,all,191,3880.97,444.105,191,3880.97,444.105
Lateral septal nucleus/ ventral part,LSv,266,right,all,268,3780.89,436.201,268,3780.89,436.201
Septofimbrial nucleus,SF,310,left,all,98,4033.14,436.827,98,4033.14,436.827
Septofimbrial nucleus,SF,310,right,all,71,3500.44,426.507,71,3500.44,426.507
Septohippocampal nucleus,SH,333,left,all,18,4210,426.833,18,4210,426.833
Septohippocampal nucleus,SH,333,right,all,33,3506.33,444.424,33,3506.33,444.424
Striatum-like amygdalar nuclei,sAMY,278,left,all,7692,4075.17,447.407,7692,4075.17,447.407
Striatum-like amygdalar nuclei,sAMY,278,right,all,6561,3998.68,440.969,6561,3998.68,440.969
Anterior amygdalar area,AAA,23,left,all,861,4348.2,517.129,861,4348.2,517.129
Anterior amygdalar area,AAA,23,right,all,454,4248.1,449.566,454,4248.1,449.566
Bed nucleus of the accessory olfactory tract,BA,292,left,all,0,0,0,0,0,0
Bed nucleus of the accessory olfactory tract,BA,292,right,all,0,0,0,0,0,0
Central amygdalar nucleus,CEA,536,left,all,2795,4064.28,452.911,2795,4064.28,452.911
Central amygdalar nucleus,CEA,536,right,all,3435,4113.02,450.292,3435,4113.02,450.292
Central amygdalar nucleus/ capsular part,CEAc,544,left,all,508,4118.26,463.435,508,4118.26,463.435
Central amygdalar nucleus/ capsular part,CEAc,544,right,all,801,3983.45,448.733,801,3983.45,448.733
Central amygdalar nucleus/ lateral part,CEAl,551,left,all,547,3855.79,445.587,547,3855.79,445.587
Central amygdalar nucleus/ lateral part,CEAl,551,right,all,800,4218.53,452.234,800,4218.53,452.234
Central amygdalar nucleus/ medial part,CEAm,559,left,all,1740,4114.07,452.14,1740,4114.07,452.14
Central amygdalar nucleus/ medial part,CEAm,559,right,all,1834,4123.59,450.126,1834,4123.59,450.126
Intercalated amygdalar nucleus,IA,1105,left,all,486,4879.92,461.961,486,4879.92,461.961
Intercalated amygdalar nucleus,IA,1105,right,all,616,4038.28,435.523,616,4038.28,435.523
Medial amygdalar nucleus,MEA,403,left,all,3550,3907.34,424.172,3550,3907.34,424.172
Medial amygdalar nucleus,MEA,403,right,all,2056,3740.72,425.125,2056,3740.72,425.125
Pallidum,PAL,803,left,all,16438,4835.69,542.571,16438,4835.69,542.571
Pallidum,PAL,803,right,all,11539,4654.95,493.833,11539,4654.95,493.833
Pallidum/ dorsal region,PALd,818,left,all,2525,4347.51,465.437,2525,4347.51,465.437
Pallidum/ dorsal region,PALd,818,right,all,3263,4671,456.542,3263,4671,456.542
Globus pallidus/ external segment,GPe,1022,left,all,1994,4213.2,468.576,1994,4213.2,468.576
Globus pallidus/ external segment,GPe,1022,right,all,2751,4639.74,456.552,2751,4639.74,456.552
Globus pallidus/ internal segment,GPi,1031,left,all,531,4851.83,453.648,531,4851.83,453.648
Globus pallidus/ internal segment,GPi,1031,right,all,512,4838.96,456.49,512,4838.96,456.49
Pallidum/ ventral region,PALv,835,left,all,8025,5376.52,580.512,8025,5376.52,580.512
Pallidum/ ventral region,PALv,835,right,all,4340,4660.8,488.555,4340,4660.8,488.555
Substantia innominata,SI,342,left,all,7381,5376.83,577.594,7381,5376.83,577.594
Substantia innominata,SI,342,right,all,4205,4672.98,489.99,4205,4672.98,489.99
Magnocellular nucleus,MA,298,left,all,644,5372.97,613.963,644,5372.97,613.963
Magnocellular nucleus,MA,298,right,all,135,4281.44,443.852,135,4281.44,443.852
Pallidum/ medial region,PALm,826,left,all,2666,4639.41,573.804,2666,4639.41,573.804
Pallidum/ medial region,PALm,826,right,all,2357,4843.67,588.581,2357,4843.67,588.581
Medial septal complex,MSC,904,left,all,2581,4654.12,578.666,2581,4654.12,578.666
Medial septal complex,MSC,904,right,all,2284,4877.23,594.171,2284,4877.23,594.171
Medial septal nucleus,MS,564,left,all,1757,4511.08,576.984,1757,4511.08,576.984
Medial septal nucleus,MS,564,right,all,1765,4776.24,601.611,1765,4776.24,601.611
Diagonal band nucleus,NDB,596,left,all,824,4959.13,582.251,824,4959.13,582.251
Diagonal band nucleus,NDB,596,right,all,519,5220.66,568.867,519,5220.66,568.867
Triangular nucleus of septum,TRS,581,left,all,85,4192.57,426.188,85,4192.57,426.188
Triangular nucleus of septum,TRS,581,right,all,73,3793.64,413.699,73,3793.64,413.699
Pallidum/ caudal region,PALc,809,left,all,1873,3802.27,482.796,1873,3802.27,482.796
Pallidum/ caudal region,PALc,809,right,all,724,3914.36,441.046,724,3914.36,441.046
Bed nuclei of the stria terminalis,BST,351,left,all,1866,3794.9,482.773,1866,3794.9,482.773
Bed nuclei of the stria terminalis,BST,351,right,all,721,3917.27,441.27,721,3917.27,441.27
Bed nucleus of the anterior commissure,BAC,287,left,all,7,5767.04,488.857,7,5767.04,488.857
Bed nucleus of the anterior commissure,BAC,287,right,all,3,3216.4,387,3,3216.4,387
Brain stem,BS,343,left,all,426406,6541.65,656.414,426406,6541.65,656.414
Brain stem,BS,343,right,all,344257,6008.44,609.635,344257,6008.44,609.635
Interbrain,IB,1129,left,all,149384,6861.91,665.121,149384,6861.91,665.121
Interbrain,IB,1129,right,all,113368,6226.58,630.014,113368,6226.58,630.014
Thalamus,TH,549,left,all,123365,7244.84,683.198,123365,7244.84,683.198
Thalamus,TH,549,right,all,98815,6455.66,642.055,98815,6455.66,642.055
Thalamus/ sensory-motor cortex related,DORsm,864,left,all,44801,7862.8,718.695,44801,7862.8,718.695
Thalamus/ sensory-motor cortex related,DORsm,864,right,all,32917,6962.75,669.487,32917,6962.75,669.487
Ventral group of the dorsal thalamus,VENT,637,left,all,29540,8154.36,709.462,29540,8154.36,709.462
Ventral group of the dorsal thalamus,VENT,637,right,all,24240,7359.36,691.881,24240,7359.36,691.881
Ventral anterior-lateral complex of the thalamus,VAL,629,left,all,3470,6072.65,582.159,3470,6072.65,582.159
Ventral anterior-lateral complex of the thalamus,VAL,629,right,all,3628,5666.07,580.631,3628,5666.07,580.631
Ventral medial nucleus of the thalamus,VM,685,left,all,4425,5278.8,542.854,4425,5278.8,542.854
Ventral medial nucleus of the thalamus,VM,685,right,all,2340,4609.87,530.724,2340,4609.87,530.724
Ventral posterior complex of the thalamus,VP,709,left,all,19814,9283.59,769.85,19814,9283.59,769.85
Ventral posterior complex of the thalamus,VP,709,right,all,17009,8179.9,741.81,17009,8179.9,741.81
Ventral posterolateral nucleus of the thalamus,VPL,718,left,all,3493,6922.84,620.612,3493,6922.84,620.612
Ventral posterolateral nucleus of the thalamus,VPL,718,right,all,3127,6129.51,586.851,3127,6129.51,586.851
Ventral posterolateral nucleus of the thalamus/ parvicellular part,VPLpc,725,left,all,522,6135.38,660.13,522,6135.38,660.13
Ventral posterolateral nucleus of the thalamus/ parvicellular part,VPLpc,725,right,all,352,5237.54,621.523,352,5237.54,621.523
Ventral posteromedial nucleus of the thalamus,VPM,733,left,all,14405,10273.2,823.575,14405,10273.2,823.575
Ventral posteromedial nucleus of the thalamus,VPM,733,right,all,12318,9058.5,798.502,12318,9058.5,798.502
Ventral posteromedial nucleus of the thalamus/ parvicellular part,VPMpc,741,left,all,1394,6151.22,629.724,1394,6151.22,629.724
Ventral posteromedial nucleus of the thalamus/ parvicellular part,VPMpc,741,right,all,1212,5394.99,600.36,1212,5394.99,600.36
Posterior triangular thalamic nucleus,PoT,563807435,left,all,1831,6829.14,699.873,1831,6829.14,699.873
Posterior triangular thalamic nucleus,PoT,563807435,right,all,1263,6267.09,637.629,1263,6267.09,637.629
Subparafascicular nucleus,SPF,406,left,all,885,5598.95,666.101,885,5598.95,666.101
Subparafascicular nucleus,SPF,406,right,all,558,4923.28,614.471,558,4923.28,614.471
Subparafascicular nucleus/ magnocellular part,SPFm,414,left,all,211,3919.81,558.517,211,3919.81,558.517
Subparafascicular nucleus/ magnocellular part,SPFm,414,right,all,154,3823.4,548.188,154,3823.4,548.188
Subparafascicular nucleus/ parvicellular part,SPFp,422,left,all,674,6124.61,699.78,674,6124.61,699.78
Subparafascicular nucleus/ parvicellular part,SPFp,422,right,all,404,5342.54,639.738,404,5342.54,639.738
Subparafascicular area,SPA,609,left,all,593,4781.86,554.464,593,4781.86,554.464
Subparafascicular area,SPA,609,right,all,522,4449.89,547.048,522,4449.89,547.048
Peripeduncular nucleus,PP,1044,left,all,349,5898.28,609.484,349,5898.28,609.484
Peripeduncular nucleus,PP,1044,right,all,94,5802.12,463.543,94,5802.12,463.543
Geniculate group/ dorsal thalamus,GENd,1008,left,all,13434,7557.86,752.55,13434,7557.86,752.55
Geniculate group/ dorsal thalamus,GENd,1008,right,all,7503,6022.47,612.329,7503,6022.47,612.329
Medial geniculate complex,MG,475,left,all,7159,6916.6,736.263,7159,6916.6,736.263
Medial geniculate complex,MG,475,right,all,3445,5047.33,556.405,3445,5047.33,556.405
Medial geniculate complex/ dorsal part,MGd,1072,left,all,1996,6585.1,729.448,1996,6585.1,729.448
Medial geniculate complex/ dorsal part,MGd,1072,right,all,1115,4776,527.611,1115,4776,527.611
Medial geniculate complex/ ventral part,MGv,1079,left,all,2897,6886.5,733.329,2897,6886.5,733.329
Medial geniculate complex/ ventral part,MGv,1079,right,all,1116,5033.71,535.05,1116,5033.71,535.05
Medial geniculate complex/ medial part,MGm,1088,left,all,2266,7247.09,746.019,2266,7247.09,746.019
Medial geniculate complex/ medial part,MGm,1088,right,all,1214,5309.04,602.481,1214,5309.04,602.481
Dorsal part of the lateral geniculate complex,LGd,170,left,all,6275,8289.47,771.13,6275,8289.47,771.13
Dorsal part of the lateral geniculate complex,LGd,170,right,all,4058,6850.31,659.806,4058,6850.31,659.806
Dorsal part of the lateral geniculate complex/ shell,LGd-sh,496345664,left,all,2381,7866.26,780.579,2381,7866.26,780.579
Dorsal part of the lateral geniculate complex/ shell,LGd-sh,496345664,right,all,1500,6484.06,662.816,1500,6484.06,662.816
Dorsal part of the lateral geniculate complex/ core,LGd-co,496345668,left,all,2912,8503.16,749.112,2912,8503.16,749.112
Dorsal part of the lateral geniculate complex/ core,LGd-co,496345668,right,all,1783,7089.31,645.082,1783,7089.31,645.082
Dorsal part of the lateral geniculate complex/ ipsilateral zone,LGd-ip,496345672,left,all,982,8681.91,813.511,982,8681.91,813.511
Dorsal part of the lateral geniculate complex/ ipsilateral zone,LGd-ip,496345672,right,all,775,7009.35,687.854,775,7009.35,687.854
Thalamus/ polymodal association cortex related,DORpm,856,left,all,73977,6916.41,662.878,73977,6916.41,662.878
Thalamus/ polymodal association cortex related,DORpm,856,right,all,62603,6238.75,629.592,62603,6238.75,629.592
Lateral group of the dorsal thalamus,LAT,138,left,all,26762,8553.87,735.759,26762,8553.87,735.759
Lateral group of the dorsal thalamus,LAT,138,right,all,20763,7482.84,692.52,20763,7482.84,692.52
Lateral posterior nucleus of the thalamus,LP,218,left,all,10291,7023.65,677.304,10291,7023.65,677.304
Lateral posterior nucleus of the thalamus,LP,218,right,all,7586,6432.39,632.236,7586,6432.39,632.236
Posterior complex of the thalamus,PO,1020,left,all,11227,10866.9,814.676,11227,10866.9,814.676
Posterior complex of the thalamus,PO,1020,right,all,9633,8973.82,777.349,9633,8973.82,777.349
Posterior limiting nucleus of the thalamus,POL,1029,left,all,1336,5522.5,645.95,1336,5522.5,645.95
Posterior limiting nucleus of the thalamus,POL,1029,right,all,722,4791.66,531.59,722,4791.66,531.59
Suprageniculate nucleus,SGN,325,left,all,1920,6668.91,695.016,1920,6668.91,695.016
Suprageniculate nucleus,SGN,325,right,all,1132,4914.25,544.76,1132,4914.25,544.76
Ethmoid nucleus of the thalamus,Eth,560581551,left,all,1988,7270.3,692.381,1988,7270.3,692.381
Ethmoid nucleus of the thalamus,Eth,560581551,right,all,1690,6569.74,647.327,1690,6569.74,647.327
Anterior group of the dorsal thalamus,ATN,239,left,all,8512,6139.32,621.155,8512,6139.32,621.155
Anterior group of the dorsal thalamus,ATN,239,right,all,9476,5816.57,602.601,9476,5816.57,602.601
Anteroventral nucleus of thalamus,AV,255,left,all,807,4484.04,558.924,807,4484.04,558.924
Anteroventral nucleus of thalamus,AV,255,right,all,1233,4574.47,536.202,1233,4574.47,536.202
Anteromedial nucleus,AM,127,left,all,669,4293.2,480.218,669,4293.2,480.218
Anteromedial nucleus,AM,127,right,all,1016,4352.31,482.323,1016,4352.31,482.323
Anteromedial nucleus/ dorsal part,AMd,1096,left,all,507,4379.03,485.773,507,4379.03,485.773
Anteromedial nucleus/ dorsal part,AMd,1096,right,all,742,4356.01,484.679,742,4356.01,484.679
Anteromedial nucleus/ ventral part,AMv,1104,left,all,162,4024.58,462.833,162,4024.58,462.833
Anteromedial nucleus/ ventral part,AMv,1104,right,all,274,4342.3,475.942,274,4342.3,475.942
Anterodorsal nucleus,AD,64,left,all,1114,5938.68,674.294,1114,5938.68,674.294
Anterodorsal nucleus,AD,64,right,all,1288,6260.28,639.627,1288,6260.28,639.627
Interanteromedial nucleus of the thalamus,IAM,1120,left,all,115,4072.02,454.87,115,4072.02,454.87
Interanteromedial nucleus of the thalamus,IAM,1120,right,all,133,3890.44,460.03,133,3890.44,460.03
Interanterodorsal nucleus of the thalamus,IAD,1113,left,all,369,4515.46,511.247,369,4515.46,511.247
Interanterodorsal nucleus of the thalamus,IAD,1113,right,all,446,4947.44,526.258,446,4947.44,526.258
Lateral dorsal nucleus of thalamus,LD,155,left,all,5438,6807.08,647.817,5438,6807.08,647.817
Lateral dorsal nucleus of thalamus,LD,155,right,all,5360,6393.35,641.668,5360,6393.35,641.668
Medial group of the dorsal thalamus,MED,444,left,all,13093,5712.36,605.448,13093,5712.36,605.448
Medial group of the dorsal thalamus,MED,444,right,all,12157,5560.79,597.811,12157,5560.79,597.811
Intermediodorsal nucleus of the thalamus,IMD,59,left,all,1252,4699,580.508,1252,4699,580.508
Intermediodorsal nucleus of the thalamus,IMD,59,right,all,1017,4498.83,574.161,1017,4498.83,574.161
Mediodorsal nucleus of thalamus,MD,362,left,all,10325,6040.94,626.526,10325,6040.94,626.526
Mediodorsal nucleus of thalamus,MD,362,right,all,9781,5839.43,615.547,9781,5839.43,615.547
Submedial nucleus of the thalamus,SMT,366,left,all,1311,4335.59,487.69,1311,4335.59,487.69
Submedial nucleus of the thalamus,SMT,366,right,all,1244,4333.24,490.711,1244,4333.24,490.711
Perireunensis nucleus,PR,1077,left,all,205,4156.69,449.273,205,4156.69,449.273
Perireunensis nucleus,PR,1077,right,all,115,4531.78,456.983,115,4531.78,456.983
Midline group of the dorsal thalamus,MTN,571,left,all,3081,4169.81,483.79,3081,4169.81,483.79
Midline group of the dorsal thalamus,MTN,571,right,all,2657,4029.83,469.58,2657,4029.83,469.58
Paraventricular nucleus of the thalamus,PVT,149,left,all,1860,4310.99,515.899,1860,4310.99,515.899
Paraventricular nucleus of the thalamus,PVT,149,right,all,1543,4098.52,500.198,1543,4098.52,500.198
Parataenial nucleus,PT,15,left,all,401,4196.9,466.723,401,4196.9,466.723
Parataenial nucleus,PT,15,right,all,406,4269.41,453.414,406,4269.41,453.414
Nucleus of reuniens,RE,181,left,all,728,3862.2,420.787,728,3862.2,420.787
Nucleus of reuniens,RE,181,right,all,625,3738.9,412.754,625,3738.9,412.754
Xiphoid thalamic nucleus,Xi,560581559,left,all,92,3631.5,407.554,92,3631.5,407.554
Xiphoid thalamic nucleus,Xi,560581559,right,all,83,3771.67,407.373,83,3771.67,407.373
Intralaminar nuclei of the dorsal thalamus,ILM,51,left,all,13354,6378.21,659.76,13354,6378.21,659.76
Intralaminar nuclei of the dorsal thalamus,ILM,51,right,all,10559,5844.82,631.176,10559,5844.82,631.176
Rhomboid nucleus,RH,189,left,all,416,4012.59,475.401,416,4012.59,475.401
Rhomboid nucleus,RH,189,right,all,350,4312.54,480.069,350,4312.54,480.069
Central medial nucleus of the thalamus,CM,599,left,all,1501,4340.26,533.775,1501,4340.26,533.775
Central medial nucleus of the thalamus,CM,599,right,all,1353,4651.77,540.33,1353,4651.77,540.33
Paracentral nucleus,PCN,907,left,all,1863,7559.15,670.327,1863,7559.15,670.327
Paracentral nucleus,PCN,907,right,all,1674,6842.9,656.786,1674,6842.9,656.786
Central lateral nucleus of the thalamus,CL,575,left,all,3215,6557.16,654.724,3215,6557.16,654.724
Central lateral nucleus of the thalamus,CL,575,right,all,2778,6504.45,649.293,2778,6504.45,649.293
Parafascicular nucleus,PF,930,left,all,5135,6908.87,726.003,5135,6908.87,726.003
Parafascicular nucleus,PF,930,right,all,4061,5623.35,666.86,4061,5623.35,666.86
Posterior intralaminar thalamic nucleus,PIL,560581563,left,all,1224,5187.6,596.15,1224,5187.6,596.15
Posterior intralaminar thalamic nucleus,PIL,560581563,right,all,343,4523.16,449.513,343,4523.16,449.513
Reticular nucleus of the thalamus,RT,262,left,all,3351,5350.98,556.635,3351,5350.98,556.635
Reticular nucleus of the thalamus,RT,262,right,all,2962,5628.73,567.447,2962,5628.73,567.447
Geniculate group/ ventral thalamus,GENv,1014,left,all,3748,7486.52,700.212,3748,7486.52,700.212
Geniculate group/ ventral thalamus,GENv,1014,right,all,2046,6284.92,596.429,2046,6284.92,596.429
Intergeniculate leaflet of the lateral geniculate complex,IGL,27,left,all,431,6143.74,643.283,431,6143.74,643.283
Intergeniculate leaflet of the lateral geniculate complex,IGL,27,right,all,280,5219.38,566.696,280,5219.38,566.696
Intermediate geniculate nucleus,IntG,563807439,left,all,210,6927.73,748.062,210,6927.73,748.062
Intermediate geniculate nucleus,IntG,563807439,right,all,126,6003.92,601.817,126,6003.92,601.817
Ventral part of the lateral geniculate complex,LGv,178,left,all,3030,7727.56,707.485,3030,7727.56,707.485
Ventral part of the lateral geniculate complex,LGv,178,right,all,1599,6421.29,600.188,1599,6421.29,600.188
Subgeniculate nucleus,SubG,321,left,all,77,7041.61,602.182,77,7041.61,602.182
Subgeniculate nucleus,SubG,321,right,all,41,9107.01,636.317,41,9107.01,636.317
Epithalamus,EPI,958,left,all,2076,5623.56,646.555,2076,5623.56,646.555
Epithalamus,EPI,958,right,all,1983,5306.96,627.536,1983,5306.96,627.536
Medial habenula,MH,483,left,all,589,4390.99,516.219,589,4390.99,516.219
Medial habenula,MH,483,right,all,496,4429.37,512.635,496,4429.37,512.635
Lateral habenula,LH,186,left,all,1487,6111.78,698.182,1487,6111.78,698.182
Lateral habenula,LH,186,right,all,1487,5599.69,665.862,1487,5599.69,665.862
Hypothalamus,HY,1097,left,all,26019,5046.32,579.413,26019,5046.32,579.413
Hypothalamus,HY,1097,right,all,14553,4671.13,548.255,14553,4671.13,548.255
Periventricular zone,PVZ,157,left,all,82,3941.64,390.512,82,3941.64,390.512
Periventricular zone,PVZ,157,right,all,74,4537.48,387.608,74,4537.48,387.608
Supraoptic nucleus,SO,390,left,all,0,0,0,0,0,0
Supraoptic nucleus,SO,390,right,all,0,0,0,0,0,0
Accessory supraoptic group,ASO,332,left,all,3,3896.63,423.333,3,3896.63,423.333
Accessory supraoptic group,ASO,332,right,all,2,2908.61,393.5,2,2908.61,393.5
Paraventricular hypothalamic nucleus,PVH,38,left,all,48,4108.94,386.167,48,4108.94,386.167
Paraventricular hypothalamic nucleus,PVH,38,right,all,50,3951.5,374.68,50,3951.5,374.68
Periventricular hypothalamic nucleus/ anterior part,PVa,30,left,all,1,3825.34,337,1,3825.34,337
Periventricular hypothalamic nucleus/ anterior part,PVa,30,right,all,1,2987.52,343,1,2987.52,343
Periventricular hypothalamic nucleus/ intermediate part,PVi,118,left,all,30,3682.34,395.967,30,3682.34,395.967
Periventricular hypothalamic nucleus/ intermediate part,PVi,118,right,all,21,6161.59,419.952,21,6161.59,419.952
Arcuate hypothalamic nucleus,ARH,223,left,all,0,0,0,0,0,0
Arcuate hypothalamic nucleus,ARH,223,right,all,0,0,0,0,0,0
Periventricular region,PVR,141,left,all,2359,3997.51,510.346,2359,3997.51,510.346
Periventricular region,PVR,141,right,all,1126,4263.39,487.789,1126,4263.39,487.789
Anterodorsal preoptic nucleus,ADP,72,left,all,101,3989.76,488.436,101,3989.76,488.436
Anterodorsal preoptic nucleus,ADP,72,right,all,98,3619.54,482.918,98,3619.54,482.918
Anteroventral preoptic nucleus,AVP,263,left,all,75,3813.39,462.813,75,3813.39,462.813
Anteroventral preoptic nucleus,AVP,263,right,all,8,4229.41,414.125,8,4229.41,414.125
Anteroventral periventricular nucleus,AVPV,272,left,all,32,5915.76,469.688,32,5915.76,469.688
Anteroventral periventricular nucleus,AVPV,272,right,all,47,4731.17,416.447,47,4731.17,416.447
Dorsomedial nucleus of the hypothalamus,DMH,830,left,all,580,4116.43,486.053,580,4116.43,486.053
Dorsomedial nucleus of the hypothalamus,DMH,830,right,all,372,4368.17,485.339,372,4368.17,485.339
Median preoptic nucleus,MEPO,452,left,all,12,3856.16,425.75,12,3856.16,425.75
Median preoptic nucleus,MEPO,452,right,all,35,5604.08,451.857,35,5604.08,451.857
Medial preoptic area,MPO,523,left,all,1171,3912.15,520.646,1171,3912.15,520.646
Medial preoptic area,MPO,523,right,all,386,4163.89,500.023,386,4163.89,500.023
Vascular organ of the lamina terminalis,OV,763,left,all,3,3326.3,365.333,3,3326.3,365.333
Vascular organ of the lamina terminalis,OV,763,right,all,6,3417.57,388,6,3417.57,388
Posterodorsal preoptic nucleus,PD,914,left,all,32,3251.46,464.344,32,3251.46,464.344
Posterodorsal preoptic nucleus,PD,914,right,all,4,3545.66,404.5,4,3545.66,404.5
Parastrial nucleus,PS,1109,left,all,340,4057.22,549.462,340,4057.22,549.462
Parastrial nucleus,PS,1109,right,all,154,4259.06,518.61,154,4259.06,518.61
Periventricular hypothalamic nucleus/ posterior part,PVp,126,left,all,0,0,0,0,0,0
Periventricular hypothalamic nucleus/ posterior part,PVp,126,right,all,0,0,0,0,0,0
Periventricular hypothalamic nucleus/ preoptic part,PVpo,133,left,all,4,3716.42,406,4,3716.42,406
Periventricular hypothalamic nucleus/ preoptic part,PVpo,133,right,all,2,5133.53,374,2,5133.53,374
Subparaventricular zone,SBPV,347,left,all,5,3152.46,391.8,5,3152.46,391.8
Subparaventricular zone,SBPV,347,right,all,14,4317.3,364.857,14,4317.3,364.857
Suprachiasmatic nucleus,SCH,286,left,all,0,0,0,0,0,0
Suprachiasmatic nucleus,SCH,286,right,all,0,0,0,0,0,0
Subfornical organ,SFO,338,left,all,4,3200.83,445.5,4,3200.83,445.5
Subfornical organ,SFO,338,right,all,0,0,0,0,0,0
Ventromedial preoptic nucleus,VMPO,576073699,left,all,0,0,0,0,0,0
Ventromedial preoptic nucleus,VMPO,576073699,right,all,0,0,0,0,0,0
Ventrolateral preoptic nucleus,VLPO,689,left,all,0,0,0,0,0,0
Ventrolateral preoptic nucleus,VLPO,689,right,all,0,0,0,0,0,0
Hypothalamic medial zone,MEZ,467,left,all,2782,3915.59,499.174,2782,3915.59,499.174
Hypothalamic medial zone,MEZ,467,right,all,1737,4105.51,480.339,1737,4105.51,480.339
Anterior hypothalamic nucleus,AHN,88,left,all,368,3907.32,461.266,368,3907.32,461.266
Anterior hypothalamic nucleus,AHN,88,right,all,242,3853.47,442.822,242,3853.47,442.822
Mammillary body,MBO,331,left,all,434,3880.4,511.813,434,3880.4,511.813
Mammillary body,MBO,331,right,all,350,4009.02,473.089,350,4009.02,473.089
Lateral mammillary nucleus,LM,210,left,all,39,3556.13,413.487,39,3556.13,413.487
Lateral mammillary nucleus,LM,210,right,all,30,3230.49,405.767,30,3230.49,405.767
Medial mammillary nucleus,MM,491,left,all,159,3903.18,467.648,159,3903.18,467.648
Medial mammillary nucleus,MM,491,right,all,165,3872.91,425.176,165,3872.91,425.176
Medial mammillary nucleus/ median part,MMme,732,left,all,4,3437.26,422.25,4,3437.26,422.25
Medial mammillary nucleus/ median part,MMme,732,right,all,7,3311.38,434,7,3311.38,434
Medial mammillary nucleus/ lateral part,MMl,606826647,left,all,93,3469.25,446.097,93,3469.25,446.097
Medial mammillary nucleus/ lateral part,MMl,606826647,right,all,103,3672.13,413.893,103,3672.13,413.893
Medial mammillary nucleus/ medial part,MMm,606826651,left,all,36,3064.34,437.167,36,3064.34,437.167
Medial mammillary nucleus/ medial part,MMm,606826651,right,all,30,3346.77,395.133,30,3346.77,395.133
Medial mammillary nucleus/ posterior part,MMp,606826655,left,all,0,0,0,0,0,0
Medial mammillary nucleus/ posterior part,MMp,606826655,right,all,1,7816.57,503,1,7816.57,503
Medial mammillary nucleus/ dorsal part,MMd,606826659,left,all,26,6688.48,593.923,26,6688.48,593.923
Medial mammillary nucleus/ dorsal part,MMd,606826659,right,all,24,5391.77,505.333,24,5391.77,505.333
Supramammillary nucleus,SUM,525,left,all,225,3948.66,563.831,225,3948.66,563.831
Supramammillary nucleus,SUM,525,right,all,153,4322.36,538.634,153,4322.36,538.634
Tuberomammillary nucleus,TM,557,left,all,11,3304.42,434.818,11,3304.42,434.818
Tuberomammillary nucleus,TM,557,right,all,2,2945.64,421.5,2,2945.64,421.5
Tuberomammillary nucleus/ dorsal part,TMd,1126,left,all,11,3304.42,434.818,11,3304.42,434.818
Tuberomammillary nucleus/ dorsal part,TMd,1126,right,all,2,2945.64,421.5,2,2945.64,421.5
Tuberomammillary nucleus/ ventral part,TMv,1,left,all,0,0,0,0,0,0
Tuberomammillary nucleus/ ventral part,TMv,1,right,all,0,0,0,0,0,0
Medial preoptic nucleus,MPN,515,left,all,236,3426.36,452.275,236,3426.36,452.275
Medial preoptic nucleus,MPN,515,right,all,51,3428.19,409.569,51,3428.19,409.569
Dorsal premammillary nucleus,PMd,980,left,all,95,3544.08,445.421,95,3544.08,445.421
Dorsal premammillary nucleus,PMd,980,right,all,100,3854.88,430.5,100,3854.88,430.5
Ventral premammillary nucleus,PMv,1004,left,all,32,3152.83,408.188,32,3152.83,408.188
Ventral premammillary nucleus,PMv,1004,right,all,48,3454.88,424.958,48,3454.88,424.958
Paraventricular hypothalamic nucleus/ descending division,PVHd,63,left,all,276,4168.89,494.62,276,4168.89,494.62
Paraventricular hypothalamic nucleus/ descending division,PVHd,63,right,all,104,4492.75,468.933,104,4492.75,468.933
Ventromedial hypothalamic nucleus,VMH,693,left,all,12,3682.69,383.417,12,3682.69,383.417
Ventromedial hypothalamic nucleus,VMH,693,right,all,21,3319.48,401.095,21,3319.48,401.095
Posterior hypothalamic nucleus,PH,946,left,all,1329,4010.67,521.895,1329,4010.67,521.895
Posterior hypothalamic nucleus,PH,946,right,all,821,4302.63,511.665,821,4302.63,511.665
Hypothalamic lateral zone,LZ,290,left,all,16738,5520.61,614.942,16738,5520.61,614.942
Hypothalamic lateral zone,LZ,290,right,all,9136,4915.21,579.859,9136,4915.21,579.859
Lateral hypothalamic area,LHA,194,left,all,3366,4320.6,488.352,3366,4320.6,488.352
Lateral hypothalamic area,LHA,194,right,all,1912,4136.35,485.272,1912,4136.35,485.272
Lateral preoptic area,LPO,226,left,all,1648,4196.63,550.172,1648,4196.63,550.172
Lateral preoptic area,LPO,226,right,all,627,4447.74,523.005,627,4447.74,523.005
Preparasubthalamic nucleus,PST,356,left,all,26,5667.73,562.615,26,5667.73,562.615
Preparasubthalamic nucleus,PST,356,right,all,17,3797.51,516.176,17,3797.51,516.176
Parasubthalamic nucleus,PSTN,364,left,all,699,4960.91,544.755,699,4960.91,544.755
Parasubthalamic nucleus,PSTN,364,right,all,336,4188.37,506.801,336,4188.37,506.801
Perifornical nucleus,PeF,576073704,left,all,290,3877.96,457.534,290,3877.96,457.534
Perifornical nucleus,PeF,576073704,right,all,204,3970.82,458.054,204,3970.82,458.054
Retrochiasmatic area,RCH,173,left,all,0,0,0,0,0,0
Retrochiasmatic area,RCH,173,right,all,0,0,0,0,0,0
Subthalamic nucleus,STN,470,left,all,203,6379.06,521.611,203,6379.06,521.611
Subthalamic nucleus,STN,470,right,all,149,4987.25,525.248,149,4987.25,525.248
Tuberal nucleus,TU,614,left,all,17,3258.92,366.765,17,3258.92,366.765
Tuberal nucleus,TU,614,right,all,0,0,0,0,0,0
Zona incerta,ZI,797,left,all,10489,6183.12,677.11,10489,6183.12,677.11
Zona incerta,ZI,797,right,all,5891,5293.31,626.56,5891,5293.31,626.56
Fields of Forel,FF,804,left,all,1812,5699.33,655.86,1812,5699.33,655.86
Fields of Forel,FF,804,right,all,900,4937.52,598.583,900,4937.52,598.583
Median eminence,ME,10671,left,all,0,0,0,0,0,0
Median eminence,ME,10671,right,all,0,0,0,0,0,0
Midbrain,MB,313,left,all,130481,5924.15,631.92,130481,5924.15,631.92
Midbrain,MB,313,right,all,100709,5702.6,588.751,100709,5702.6,588.751
Midbrain/ sensory related,MBsen,339,left,all,30307,6585.01,661.98,30307,6585.01,661.98
Midbrain/ sensory related,MBsen,339,right,all,22826,6068.92,635.215,22826,6068.92,635.215
Superior colliculus/ sensory related,SCs,302,left,all,2847,5583.05,533.147,2847,5583.05,533.147
Superior colliculus/ sensory related,SCs,302,right,all,2496,5244.02,474.725,2496,5244.02,474.725
Superior colliculus/ optic layer,SCop,851,left,all,1001,5594.18,547.193,1001,5594.18,547.193
Superior colliculus/ optic layer,SCop,851,right,all,982,4886.82,489.127,982,4886.82,489.127
Superior colliculus/ superficial gray layer,SCsg,842,left,all,1080,5051.93,523.289,1080,5051.93,523.289
Superior colliculus/ superficial gray layer,SCsg,842,right,all,978,5312.82,472.136,978,5312.82,472.136
Superior colliculus/ zonal layer,SCzo,834,left,all,766,6317.36,528.692,766,6317.36,528.692
Superior colliculus/ zonal layer,SCzo,834,right,all,536,5772.91,453.062,536,5772.91,453.062
Inferior colliculus,IC,4,left,all,26468,6714.86,678.143,26468,6714.86,678.143
Inferior colliculus,IC,4,right,all,19671,6206.75,660.31,19671,6206.75,660.31
Inferior colliculus/ central nucleus,ICc,811,left,all,10712,7127.92,777.905,10712,7127.92,777.905
Inferior colliculus/ central nucleus,ICc,811,right,all,7893,6521.02,747.857,7893,6521.02,747.857
Inferior colliculus/ dorsal nucleus,ICd,820,left,all,6657,5988.29,608.431,6657,5988.29,608.431
Inferior colliculus/ dorsal nucleus,ICd,820,right,all,4657,5679.82,582.946,4657,5679.82,582.946
Inferior colliculus/ external nucleus,ICe,828,left,all,9099,6760.14,611.698,9099,6760.14,611.698
Inferior colliculus/ external nucleus,ICe,828,right,all,7121,6203.02,613.865,7121,6203.02,613.865
Nucleus of the brachium of the inferior colliculus,NB,580,left,all,375,4901.15,575.469,375,4901.15,575.469
Nucleus of the brachium of the inferior colliculus,NB,580,right,all,190,4523.88,445.958,190,4523.88,445.958
Nucleus sagulum,SAG,271,left,all,358,4555.05,538.5,358,4555.05,538.5
Nucleus sagulum,SAG,271,right,all,288,4780.11,498.271,288,4780.11,498.271
Parabigeminal nucleus,PBG,874,left,all,168,4350.38,454.351,168,4350.38,454.351
Parabigeminal nucleus,PBG,874,right,all,115,4979.36,469.435,115,4979.36,469.435
Midbrain trigeminal nucleus,MEV,460,left,all,85,20241.4,1267.91,85,20241.4,1267.91
Midbrain trigeminal nucleus,MEV,460,right,all,61,8507.39,674.393,61,8507.39,674.393
Subcommissural organ,SCO,599626923,left,all,6,4692.82,497,6,4692.82,497
Subcommissural organ,SCO,599626923,right,all,5,3878.67,440,5,3878.67,440
Midbrain/ motor related,MBmot,323,left,all,72674,5707.63,628.662,72674,5707.63,628.662
Midbrain/ motor related,MBmot,323,right,all,56118,5588.43,573.61,56118,5588.43,573.61
Substantia nigra/ reticular part,SNr,381,left,all,3834,5365.58,585.674,3834,5365.58,585.674
Substantia nigra/ reticular part,SNr,381,right,all,1751,4266.15,475.352,1751,4266.15,475.352
Ventral tegmental area,VTA,749,left,all,1477,4515.23,565.651,1477,4515.23,565.651
Ventral tegmental area,VTA,749,right,all,854,4500.98,532.313,854,4500.98,532.313
Paranigral nucleus,PN,607344830,left,all,47,5356.38,673.043,47,5356.38,673.043
Paranigral nucleus,PN,607344830,right,all,42,5242.21,580.476,42,5242.21,580.476
Midbrain reticular nucleus/ retrorubral area,RR,246,left,all,684,4612.83,555.051,684,4612.83,555.051
Midbrain reticular nucleus/ retrorubral area,RR,246,right,all,421,4419.12,478.485,421,4419.12,478.485
Midbrain reticular nucleus,MRN,128,left,all,20860,5700.84,627.264,20860,5700.84,627.264
Midbrain reticular nucleus,MRN,128,right,all,15651,5415.69,572.121,15651,5415.69,572.121
Superior colliculus/ motor related,SCm,294,left,all,16179,5270.2,603.674,16179,5270.2,603.674
Superior colliculus/ motor related,SCm,294,right,all,11398,5317.69,541.968,11398,5317.69,541.968
Superior colliculus/ motor related/ deep gray layer,SCdg,26,left,all,2755,5008.02,558.743,2755,5008.02,558.743
Superior colliculus/ motor related/ deep gray layer,SCdg,26,right,all,2342,5091.88,524.194,2342,5091.88,524.194
Superior colliculus/ motor related/ deep white layer,SCdw,42,left,all,816,5051.98,554.189,816,5051.98,554.189
Superior colliculus/ motor related/ deep white layer,SCdw,42,right,all,776,5401.82,534.644,776,5401.82,534.644
Superior colliculus/ motor related/ intermediate white layer,SCiw,17,left,all,7247,5558.72,628.556,7247,5558.72,628.556
Superior colliculus/ motor related/ intermediate white layer,SCiw,17,right,all,4955,5393.84,551.574,4955,5393.84,551.574
Superior colliculus/ motor related/ intermediate gray layer,SCig,10,left,all,5361,5048.14,600.662,5361,5048.14,600.662
Superior colliculus/ motor related/ intermediate gray layer,SCig,10,right,all,3325,5343.63,541.88,3325,5343.63,541.88
Periaqueductal gray,PAG,795,left,all,11861,5797.04,597.358,11861,5797.04,597.358
Periaqueductal gray,PAG,795,right,all,13382,5800.96,575.79,13382,5800.96,575.79
Precommissural nucleus,PRC,50,left,all,410,4865.27,551.727,410,4865.27,551.727
Precommissural nucleus,PRC,50,right,all,303,5506.25,556.155,303,5506.25,556.155
Interstitial nucleus of Cajal,INC,67,left,all,419,5379.75,716.181,419,5379.75,716.181
Interstitial nucleus of Cajal,INC,67,right,all,413,5755.98,696.315,413,5755.98,696.315
Nucleus of Darkschewitsch,ND,587,left,all,458,4400.7,723.945,458,4400.7,723.945
Nucleus of Darkschewitsch,ND,587,right,all,444,4538.67,711.619,444,4538.67,711.619
Supraoculomotor periaqueductal gray,Su3,614454277,left,all,128,4289.04,606.086,128,4289.04,606.086
Supraoculomotor periaqueductal gray,Su3,614454277,right,all,209,5094.07,606.455,209,5094.07,606.455
Pretectal region,PRT,1100,left,all,10842,5471.52,704.533,10842,5471.52,704.533
Pretectal region,PRT,1100,right,all,6554,4962.75,604.702,6554,4962.75,604.702
Anterior pretectal nucleus,APN,215,left,all,7379,5453.06,721.29,7379,5453.06,721.29
Anterior pretectal nucleus,APN,215,right,all,4001,4943.59,608.321,4001,4943.59,608.321
Medial pretectal area,MPT,531,left,all,138,4444.94,631.254,138,4444.94,631.254
Medial pretectal area,MPT,531,right,all,160,4588.41,588.812,160,4588.41,588.812
Nucleus of the optic tract,NOT,628,left,all,1114,5689.62,684.88,1114,5689.62,684.88
Nucleus of the optic tract,NOT,628,right,all,731,4799.49,586.475,731,4799.49,586.475
Nucleus of the posterior commissure,NPC,634,left,all,883,5545.36,649.797,883,5545.36,649.797
Nucleus of the posterior commissure,NPC,634,right,all,754,5104.37,596.61,754,5104.37,596.61
Olivary pretectal nucleus,OP,706,left,all,259,5586.03,676.741,259,5586.03,676.741
Olivary pretectal nucleus,OP,706,right,all,169,5807.47,612.047,169,5807.47,612.047
Posterior pretectal nucleus,PPT,1061,left,all,674,4845.39,659.856,674,4845.39,659.856
Posterior pretectal nucleus,PPT,1061,right,all,457,4803.03,596.661,457,4803.03,596.661
Retroparafascicular nucleus,RPF,549009203,left,all,395,6388.21,689.324,395,6388.21,689.324
Retroparafascicular nucleus,RPF,549009203,right,all,282,5244.29,639.879,282,5244.29,639.879
Cuneiform nucleus,CUN,616,left,all,1928,6323.21,573.026,1928,6323.21,573.026
Cuneiform nucleus,CUN,616,right,all,1924,6608.44,593.644,1924,6608.44,593.644
Red nucleus,RN,214,left,all,3911,8694.28,730.116,3911,8694.28,730.116
Red nucleus,RN,214,right,all,3139,8362.05,670.372,3139,8362.05,670.372
Oculomotor nucleus,III,35,left,all,86,5930.66,624.233,86,5930.66,624.233
Oculomotor nucleus,III,35,right,all,120,5189.54,608.958,120,5189.54,608.958
Medial accesory oculomotor nucleus,MA3,549009211,left,all,134,4219.48,663.03,134,4219.48,663.03
Medial accesory oculomotor nucleus,MA3,549009211,right,all,98,4764.28,645.694,98,4764.28,645.694
Edinger-Westphal nucleus,EW,975,left,all,173,4845.55,605.37,173,4845.55,605.37
Edinger-Westphal nucleus,EW,975,right,all,140,3779.36,575.629,140,3779.36,575.629
Trochlear nucleus,IV,115,left,all,21,6533.06,684.048,21,6533.06,684.048
Trochlear nucleus,IV,115,right,all,16,8361.64,703.938,16,8361.64,703.938
Paratrochlear nucleus,Pa4,606826663,left,all,57,5590.94,566.368,57,5590.94,566.368
Paratrochlear nucleus,Pa4,606826663,right,all,48,4687.66,543.812,48,4687.66,543.812
Ventral tegmental nucleus,VTN,757,left,all,248,6031.63,687.508,248,6031.63,687.508
Ventral tegmental nucleus,VTN,757,right,all,306,7144.38,730.461,306,7144.38,730.461
Anterior tegmental nucleus,AT,231,left,all,100,5734.96,581.11,100,5734.96,581.11
Anterior tegmental nucleus,AT,231,right,all,143,6225.29,600.483,143,6225.29,600.483
Lateral terminal nucleus of the accessory optic tract,LT,66,left,all,38,4882.69,581.289,38,4882.69,581.289
Lateral terminal nucleus of the accessory optic tract,LT,66,right,all,16,9345.39,568.75,16,9345.39,568.75
Dorsal terminal nucleus of the accessory optic tract,DT,75,left,all,44,7974.63,593.091,44,7974.63,593.091
Dorsal terminal nucleus of the accessory optic tract,DT,75,right,all,17,5962.62,431.118,17,5962.62,431.118
Medial terminal nucleus of the accessory optic tract,MT,58,left,all,150,4747.31,591.713,150,4747.31,591.713
Medial terminal nucleus of the accessory optic tract,MT,58,right,all,98,4311.01,514.612,98,4311.01,514.612
Midbrain/ behavioral state related,MBsta,348,left,all,6024,6599.02,621.481,6024,6599.02,621.481
Midbrain/ behavioral state related,MBsta,348,right,all,6093,6345.76,620.872,6093,6345.76,620.872
Substantia nigra/ compact part,SNc,374,left,all,506,5519.65,584.316,506,5519.65,584.316
Substantia nigra/ compact part,SNc,374,right,all,259,4189.73,478.444,259,4189.73,478.444
Pedunculopontine nucleus,PPN,1052,left,all,3731,6940.69,619.545,3731,6940.69,619.545
Pedunculopontine nucleus,PPN,1052,right,all,3476,6158.49,604.146,3476,6158.49,604.146
Midbrain raphe nuclei,RAmb,165,left,all,1787,6191.29,636.048,1787,6191.29,636.048
Midbrain raphe nuclei,RAmb,165,right,all,2358,6858.63,661.172,2358,6858.63,661.172
Interfascicular nucleus raphe,IF,12,left,all,145,4625.83,596.234,145,4625.83,596.234
Interfascicular nucleus raphe,IF,12,right,all,138,4755.88,603.058,138,4755.88,603.058
Interpeduncular nucleus,IPN,100,left,all,381,4415.09,621.43,381,4415.09,621.43
Interpeduncular nucleus,IPN,100,right,all,361,3999.61,600.817,361,3999.61,600.817
Interpeduncular nucleus/ rostral,IPR,607344834,left,all,105,4483.77,624.657,105,4483.77,624.657
Interpeduncular nucleus/ rostral,IPR,607344834,right,all,88,4298.71,616.966,88,4298.71,616.966
Interpeduncular nucleus/ caudal,IPC,607344838,left,all,15,4519.15,505.6,15,4519.15,505.6
Interpeduncular nucleus/ caudal,IPC,607344838,right,all,14,3331.97,484.786,14,3331.97,484.786
Interpeduncular nucleus/ apical,IPA,607344842,left,all,54,3539.99,634.056,54,3539.99,634.056
Interpeduncular nucleus/ apical,IPA,607344842,right,all,46,3749.71,616.543,46,3749.71,616.543
Interpeduncular nucleus/ lateral,IPL,607344846,left,all,19,4750.65,550.737,19,4750.65,550.737
Interpeduncular nucleus/ lateral,IPL,607344846,right,all,19,4123.57,506.632,19,4123.57,506.632
Interpeduncular nucleus/ intermediate,IPI,607344850,left,all,5,3873.81,520,5,3873.81,520
Interpeduncular nucleus/ intermediate,IPI,607344850,right,all,8,4449.57,620.75,8,4449.57,620.75
Interpeduncular nucleus/ dorsomedial,IPDM,607344854,left,all,44,3996.62,676.682,44,3996.62,676.682
Interpeduncular nucleus/ dorsomedial,IPDM,607344854,right,all,52,3815.09,664.192,52,3815.09,664.192
Interpeduncular nucleus/ dorsolateral,IPDL,607344858,left,all,45,6131.42,644,45,6131.42,644
Interpeduncular nucleus/ dorsolateral,IPDL,607344858,right,all,43,4161.01,614.93,43,4161.01,614.93
Interpeduncular nucleus/ rostrolateral,IPRL,607344862,left,all,70,4276.38,620.071,70,4276.38,620.071
Interpeduncular nucleus/ rostrolateral,IPRL,607344862,right,all,71,3987.97,572.113,71,3987.97,572.113
Rostral linear nucleus raphe,RL,197,left,all,149,4992.47,574.087,149,4992.47,574.087
Rostral linear nucleus raphe,RL,197,right,all,91,4305.5,572.956,91,4305.5,572.956
Central linear nucleus raphe,CLI,591,left,all,63,5746.91,503.095,63,5746.91,503.095
Central linear nucleus raphe,CLI,591,right,all,63,4618.77,495.175,63,4618.77,495.175
Dorsal nucleus raphe,DR,872,left,all,1049,7249.77,663.646,1049,7249.77,663.646
Dorsal nucleus raphe,DR,872,right,all,1705,7853.19,689.497,1705,7853.19,689.497
Hindbrain,HB,1065,left,all,146541,6765.01,669.347,146541,6765.01,669.347
Hindbrain,HB,1065,right,all,130180,6055.09,608.044,130180,6055.09,608.044
Pons,P,771,left,all,52106,7291.01,691.743,52106,7291.01,691.743
Pons,P,771,right,all,51606,6730.82,664.332,51606,6730.82,664.332
Pons/ sensory related,P-sen,1132,left,all,11656,7992.72,755.476,11656,7992.72,755.476
Pons/ sensory related,P-sen,1132,right,all,10456,7334.42,727.544,10456,7334.42,727.544
Nucleus of the lateral lemniscus,NLL,612,left,all,1685,6796.83,689.272,1685,6796.83,689.272
Nucleus of the lateral lemniscus,NLL,612,right,all,1751,5945.85,675.962,1751,5945.85,675.962
Principal sensory nucleus of the trigeminal,PSV,7,left,all,2514,7432.44,779.389,2514,7432.44,779.389
Principal sensory nucleus of the trigeminal,PSV,7,right,all,2560,6828.83,768.084,2560,6828.83,768.084
Parabrachial nucleus,PB,867,left,all,7441,8453.64,762.841,7441,8453.64,762.841
Parabrachial nucleus,PB,867,right,all,6109,7955.51,726.479,6109,7955.51,726.479
Koelliker-Fuse subnucleus,KF,123,left,all,1349,10313.9,882.383,1349,10313.9,882.383
Koelliker-Fuse subnucleus,KF,123,right,all,1124,7743.32,790.619,1124,7743.32,790.619
Superior olivary complex,SOC,398,left,all,16,7614.46,544.875,16,7614.46,544.875
Superior olivary complex,SOC,398,right,all,36,5430.31,534.278,36,5430.31,534.278
Superior olivary complex/ periolivary region,POR,122,left,all,0,0,0,0,0,0
Superior olivary complex/ periolivary region,POR,122,right,all,0,0,0,0,0,0
Superior olivary complex/ medial part,SOCm,105,left,all,1,35793.4,1409,1,35793.4,1409
Superior olivary complex/ medial part,SOCm,105,right,all,0,0,0,0,0,0
Superior olivary complex/ lateral part,SOCl,114,left,all,15,5735.87,487.267,15,5735.87,487.267
Superior olivary complex/ lateral part,SOCl,114,right,all,36,5430.31,534.278,36,5430.31,534.278
Pons/ motor related,P-mot,987,left,all,18003,7242.28,685.512,18003,7242.28,685.512
Pons/ motor related,P-mot,987,right,all,17640,6998.83,669.608,17640,6998.83,669.608
Barrington's nucleus,B,280,left,all,171,7851.97,689.795,171,7851.97,689.795
Barrington's nucleus,B,280,right,all,122,5427.82,600.328,122,5427.82,600.328
Dorsal tegmental nucleus,DTN,880,left,all,602,6241.5,779.238,602,6241.5,779.238
Dorsal tegmental nucleus,DTN,880,right,all,672,6654.54,771.375,672,6654.54,771.375
Posterodorsal tegmental nucleus,PDTg,599626927,left,all,236,5931.33,782.623,236,5931.33,782.623
Posterodorsal tegmental nucleus,PDTg,599626927,right,all,205,6654.34,772.044,205,6654.34,772.044
Pontine central gray,PCG,898,left,all,2268,6729.58,697.21,2268,6729.58,697.21
Pontine central gray,PCG,898,right,all,2119,6626.88,696.23,2119,6626.88,696.23
Pontine gray,PG,931,left,all,1,6583.24,381,1,6583.24,381
Pontine gray,PG,931,right,all,4,3326.05,525,4,3326.05,525
Pontine reticular nucleus/ caudal part,PRNc,1093,left,all,8048,7037.38,650.909,8048,7037.38,650.909
Pontine reticular nucleus/ caudal part,PRNc,1093,right,all,8451,7418.02,651.643,8451,7418.02,651.643
Supragenual nucleus,SG,318,left,all,103,9973.17,788.913,103,9973.17,788.913
Supragenual nucleus,SG,318,right,all,30,5236.16,653.667,30,5236.16,653.667
Supratrigeminal nucleus,SUT,534,left,all,1251,9592.19,779.978,1251,9592.19,779.978
Supratrigeminal nucleus,SUT,534,right,all,1128,8949.06,762.175,1128,8949.06,762.175
Tegmental reticular nucleus,TRN,574,left,all,1005,4087.87,491.898,1005,4087.87,491.898
Tegmental reticular nucleus,TRN,574,right,all,1209,4105.56,500.983,1209,4105.56,500.983
Motor nucleus of trigeminal,V,621,left,all,2115,8951.25,769.3,2115,8951.25,769.3
Motor nucleus of trigeminal,V,621,right,all,1827,7522.36,741.572,1827,7522.36,741.572
Peritrigeminal zone,P5,549009215,left,all,1460,7391.91,678.12,1460,7391.91,678.12
Peritrigeminal zone,P5,549009215,right,all,1326,6047.96,640.778,1326,6047.96,640.778
Accessory trigeminal nucleus,Acs5,549009219,left,all,77,5339.12,602.948,77,5339.12,602.948
Accessory trigeminal nucleus,Acs5,549009219,right,all,81,6761.34,628.272,81,6761.34,628.272
Parvicellular motor 5 nucleus,PC5,549009223,left,all,166,7206.34,685.657,166,7206.34,685.657
Parvicellular motor 5 nucleus,PC5,549009223,right,all,175,5661.96,648.131,175,5661.96,648.131
Intertrigeminal nucleus,I5,549009227,left,all,500,7019.87,841.218,500,7019.87,841.218
Intertrigeminal nucleus,I5,549009227,right,all,291,5838.64,768.715,291,5838.64,768.715
Pons/ behavioral state related,P-sat,1117,left,all,14371,6707.27,641.224,14371,6707.27,641.224
Pons/ behavioral state related,P-sat,1117,right,all,15176,6215.01,617.252,15176,6215.01,617.252
Superior central nucleus raphe,CS,679,left,all,2319,5506.92,602.351,2319,5506.92,602.351
Superior central nucleus raphe,CS,679,right,all,2934,5655.8,612.543,2934,5655.8,612.543
Locus ceruleus,LC,147,left,all,222,13561.9,965.644,222,13561.9,965.644
Locus ceruleus,LC,147,right,all,164,6933.89,699.598,164,6933.89,699.598
Laterodorsal tegmental nucleus,LDT,162,left,all,1687,7937.11,713.462,1687,7937.11,713.462
Laterodorsal tegmental nucleus,LDT,162,right,all,1438,6756.14,688.915,1438,6756.14,688.915
Nucleus incertus,NI,604,left,all,388,7066.49,691.644,388,7066.49,691.644
Nucleus incertus,NI,604,right,all,371,7198.49,669.482,371,7198.49,669.482
Pontine reticular nucleus,PRNr,146,left,all,8827,6390.94,614.944,8827,6390.94,614.944
Pontine reticular nucleus,PRNr,146,right,all,9333,6149.79,596.974,9333,6149.79,596.974
Nucleus raphe pontis,RPO,238,left,all,536,8451.17,760.869,536,8451.17,760.869
Nucleus raphe pontis,RPO,238,right,all,594,6866.84,676.902,594,6866.84,676.902
Subceruleus nucleus,SLC,350,left,all,179,8969.94,768.531,179,8969.94,768.531
Subceruleus nucleus,SLC,350,right,all,168,8323.44,719.881,168,8323.44,719.881
Sublaterodorsal nucleus,SLD,358,left,all,213,9055.64,743.394,213,9055.64,743.394
Sublaterodorsal nucleus,SLD,358,right,all,174,7635.1,700.385,174,7635.1,700.385
Medulla,MY,354,left,all,94435,6474.77,656.99,94435,6474.77,656.99
Medulla,MY,354,right,all,78574,5611.28,571.075,78574,5611.28,571.075
Medulla/ sensory related,MY-sen,386,left,all,31712,6407.73,645.208,31712,6407.73,645.208
Medulla/ sensory related,MY-sen,386,right,all,25388,5562.2,546.335,25388,5562.2,546.335
Area postrema,AP,207,left,all,26,6907.81,459.5,26,6907.81,459.5
Area postrema,AP,207,right,all,9,3547.25,343.111,9,3547.25,343.111
Cochlear nuclei,CN,607,left,all,6947,7094.98,732.154,6947,7094.98,732.154
Cochlear nuclei,CN,607,right,all,4019,5188,599.762,4019,5188,599.762
Dorsal cochlear nucleus,DCO,96,left,all,3857,7383.55,793.006,3857,7383.55,793.006
Dorsal cochlear nucleus,DCO,96,right,all,1366,4774.06,599.618,1366,4774.06,599.618
Ventral cochlear nucleus,VCO,101,left,all,3090,6734.79,656.197,3090,6734.79,656.197
Ventral cochlear nucleus,VCO,101,right,all,2653,5401.13,599.836,2653,5401.13,599.836
Dorsal column nuclei,DCN,720,left,all,2264,5844.51,533.719,2264,5844.51,533.719
Dorsal column nuclei,DCN,720,right,all,1946,6177.43,511.51,1946,6177.43,511.51
Cuneate nucleus,CU,711,left,all,2062,5875,541.081,2062,5875,541.081
Cuneate nucleus,CU,711,right,all,1912,6204.53,512.984,1912,6204.53,512.984
Gracile nucleus,GR,1039,left,all,202,5533.21,458.569,202,5533.21,458.569
Gracile nucleus,GR,1039,right,all,34,4653.44,428.647,34,4653.44,428.647
External cuneate nucleus,ECU,903,left,all,486,6181.81,617.434,486,6181.81,617.434
External cuneate nucleus,ECU,903,right,all,487,6461.55,571.647,487,6461.55,571.647
Nucleus of the trapezoid body,NTB,642,left,all,19,19756.1,1052,19,19756.1,1052
Nucleus of the trapezoid body,NTB,642,right,all,0,0,0,0,0,0
Nucleus of the solitary tract,NTS,651,left,all,4997,5719.52,633.852,4997,5719.52,633.852
Nucleus of the solitary tract,NTS,651,right,all,2428,5228.21,513.945,2428,5228.21,513.945
Spinal nucleus of the trigeminal/ caudal part,SPVC,429,left,all,7150,5305.92,523.989,7150,5305.92,523.989
Spinal nucleus of the trigeminal/ caudal part,SPVC,429,right,all,9677,5740.07,528.9,9677,5740.07,528.9
Spinal nucleus of the trigeminal/ interpolar part,SPVI,437,left,all,7164,6730.9,682.909,7164,6730.9,682.909
Spinal nucleus of the trigeminal/ interpolar part,SPVI,437,right,all,5170,5255.03,541.517,5170,5255.03,541.517
Spinal nucleus of the trigeminal/ oral part,SPVO,445,left,all,2637,8437.63,765.25,2637,8437.63,765.25
Spinal nucleus of the trigeminal/ oral part,SPVO,445,right,all,1616,5945.07,620.989,1616,5945.07,620.989
Paratrigeminal nucleus,Pa5,589508451,left,all,22,6079.97,455.909,22,6079.97,455.909
Paratrigeminal nucleus,Pa5,589508451,right,all,36,4058.72,384.972,36,4058.72,384.972
Medulla/ motor related,MY-mot,370,left,all,57171,6538.03,668.74,57171,6538.03,668.74
Medulla/ motor related,MY-mot,370,right,all,48073,5610.97,586.484,48073,5610.97,586.484
Abducens nucleus,VI,653,left,all,113,6264.4,664.133,113,6264.4,664.133
Abducens nucleus,VI,653,right,all,89,5459.54,617.843,89,5459.54,617.843
Facial motor nucleus,VII,661,left,all,0,0,0,0,0,0
Facial motor nucleus,VII,661,right,all,5,5780.78,416.2,5,5780.78,416.2
Accessory facial motor nucleus,ACVII,576,left,all,25,5044.06,533.12,25,5044.06,533.12
Accessory facial motor nucleus,ACVII,576,right,all,41,4032.42,620.585,41,4032.42,620.585
Nucleus ambiguus,AMB,135,left,all,0,0,0,0,0,0
Nucleus ambiguus,AMB,135,right,all,0,0,0,0,0,0
Nucleus ambiguus/ dorsal division,AMBd,939,left,all,0,0,0,0,0,0
Nucleus ambiguus/ dorsal division,AMBd,939,right,all,0,0,0,0,0,0
Nucleus ambiguus/ ventral division,AMBv,143,left,all,0,0,0,0,0,0
Nucleus ambiguus/ ventral division,AMBv,143,right,all,0,0,0,0,0,0
Dorsal motor nucleus of the vagus nerve,DMX,839,left,all,1075,5944.09,503.906,1075,5944.09,503.906
Dorsal motor nucleus of the vagus nerve,DMX,839,right,all,835,5577.44,488.698,835,5577.44,488.698
Gigantocellular reticular nucleus,GRN,1048,left,all,7444,5657.77,615.954,7444,5657.77,615.954
Gigantocellular reticular nucleus,GRN,1048,right,all,6933,5419.67,589.781,6933,5419.67,589.781
Infracerebellar nucleus,ICB,372,left,all,185,6517.08,685.227,185,6517.08,685.227
Infracerebellar nucleus,ICB,372,right,all,119,5390.88,656.378,119,5390.88,656.378
Inferior olivary complex,IO,83,left,all,0,0,0,0,0,0
Inferior olivary complex,IO,83,right,all,0,0,0,0,0,0
Intermediate reticular nucleus,IRN,136,left,all,11681,5250.19,625.873,11681,5250.19,625.873
Intermediate reticular nucleus,IRN,136,right,all,9792,4875.17,554.385,9792,4875.17,554.385
Inferior salivatory nucleus,ISN,106,left,all,45,6960.86,742.044,45,6960.86,742.044
Inferior salivatory nucleus,ISN,106,right,all,18,5881.14,626.944,18,5881.14,626.944
Linear nucleus of the medulla,LIN,203,left,all,143,4135.18,570.965,143,4135.18,570.965
Linear nucleus of the medulla,LIN,203,right,all,93,4456.3,508.882,93,4456.3,508.882
Lateral reticular nucleus,LRN,235,left,all,4,3222.46,495.25,4,3222.46,495.25
Lateral reticular nucleus,LRN,235,right,all,1,3618.07,417,1,3618.07,417
Lateral reticular nucleus/ magnocellular part,LRNm,955,left,all,4,3222.46,495.25,4,3222.46,495.25
Lateral reticular nucleus/ magnocellular part,LRNm,955,right,all,1,3618.07,417,1,3618.07,417
Lateral reticular nucleus/ parvicellular part,LRNp,963,left,all,0,0,0,0,0,0
Lateral reticular nucleus/ parvicellular part,LRNp,963,right,all,0,0,0,0,0,0
Magnocellular reticular nucleus,MARN,307,left,all,8,7977.69,686.5,8,7977.69,686.5
Magnocellular reticular nucleus,MARN,307,right,all,2,4675.47,569,2,4675.47,569
Medullary reticular nucleus,MDRN,395,left,all,5565,5351.62,476.816,5565,5351.62,476.816
Medullary reticular nucleus,MDRN,395,right,all,9414,5511.13,502.841,9414,5511.13,502.841
Medullary reticular nucleus/ dorsal part,MDRNd,1098,left,all,4408,5284.29,480.735,4408,5284.29,480.735
Medullary reticular nucleus/ dorsal part,MDRNd,1098,right,all,8399,5444.36,506.338,8399,5444.36,506.338
Medullary reticular nucleus/ ventral part,MDRNv,1107,left,all,1157,5608.12,461.886,1157,5608.12,461.886
Medullary reticular nucleus/ ventral part,MDRNv,1107,right,all,1015,6063.6,473.906,1015,6063.6,473.906
Parvicellular reticular nucleus,PARN,852,left,all,8473,5887.44,664.754,8473,5887.44,664.754
Parvicellular reticular nucleus,PARN,852,right,all,5317,4807.96,570.431,5317,4807.96,570.431
Parasolitary nucleus,PAS,859,left,all,147,5001.57,549.116,147,5001.57,549.116
Parasolitary nucleus,PAS,859,right,all,87,6424.44,520.402,87,6424.44,520.402
Paragigantocellular reticular nucleus,PGRN,938,left,all,1068,6077.69,665.084,1068,6077.69,665.084
Paragigantocellular reticular nucleus,PGRN,938,right,all,766,5861.48,624.218,766,5861.48,624.218
Paragigantocellular reticular nucleus/ dorsal part,PGRNd,970,left,all,1068,6077.69,665.084,1068,6077.69,665.084
Paragigantocellular reticular nucleus/ dorsal part,PGRNd,970,right,all,763,5873.22,624.713,763,5873.22,624.713
Paragigantocellular reticular nucleus/ lateral part,PGRNl,978,left,all,0,0,0,0,0,0
Paragigantocellular reticular nucleus/ lateral part,PGRNl,978,right,all,3,2876.63,498.333,3,2876.63,498.333
Perihypoglossal nuclei,PHY,154,left,all,1648,5377.94,698.976,1648,5377.94,698.976
Perihypoglossal nuclei,PHY,154,right,all,707,5513.61,629.427,707,5513.61,629.427
Nucleus of Roller,NR,177,left,all,122,5328.52,524.598,122,5328.52,524.598
Nucleus of Roller,NR,177,right,all,87,5322.66,485.931,87,5322.66,485.931
Nucleus prepositus,PRP,169,left,all,1526,5381.89,712.917,1526,5381.89,712.917
Nucleus prepositus,PRP,169,right,all,620,5540.41,649.563,620,5540.41,649.563
Parapyramidal nucleus,PPY,1069,left,all,0,0,0,0,0,0
Parapyramidal nucleus,PPY,1069,right,all,0,0,0,0,0,0
Vestibular nuclei,VNC,701,left,all,17503,8794.65,806.562,17503,8794.65,806.562
Vestibular nuclei,VNC,701,right,all,11859,6711.55,694.194,11859,6711.55,694.194
Lateral vestibular nucleus,LAV,209,left,all,960,11881.7,818.059,960,11881.7,818.059
Lateral vestibular nucleus,LAV,209,right,all,791,10472.4,719.416,791,10472.4,719.416
Medial vestibular nucleus,MV,202,left,all,10703,8289.43,814.893,10703,8289.43,814.893
Medial vestibular nucleus,MV,202,right,all,7266,6162.32,705.911,7266,6162.32,705.911
Spinal vestibular nucleus,SPIV,225,left,all,3868,7998.91,750.251,3868,7998.91,750.251
Spinal vestibular nucleus,SPIV,225,right,all,2393,6075.44,619.441,2393,6075.44,619.441
Superior vestibular nucleus,SUV,217,left,all,1972,11594.7,866.197,1972,11594.7,866.197
Superior vestibular nucleus,SUV,217,right,all,1409,8512.87,746.568,1409,8512.87,746.568
Nucleus x,x,765,left,all,203,5915.17,654.542,203,5915.17,654.542
Nucleus x,x,765,right,all,140,4748.22,559.236,140,4748.22,559.236
Hypoglossal nucleus,XII,773,left,all,1820,5255.15,526.198,1820,5255.15,526.198
Hypoglossal nucleus,XII,773,right,all,1797,6020.04,536.434,1797,6020.04,536.434
Nucleus y,y,781,left,all,21,22762.8,976.381,21,22762.8,976.381
Nucleus y,y,781,right,all,58,7657.13,652.259,58,7657.13,652.259
Medulla/ behavioral state related,MY-sat,379,left,all,33,3366.12,441.97,33,3366.12,441.97
Medulla/ behavioral state related,MY-sat,379,right,all,111,3407.33,468.045,111,3407.33,468.045
Nucleus raphe magnus,RM,206,left,all,21,3280.27,427.762,21,3280.27,427.762
Nucleus raphe magnus,RM,206,right,all,84,3329.4,455.952,84,3329.4,455.952
Nucleus raphe pallidus,RPA,230,left,all,0,0,0,0,0,0
Nucleus raphe pallidus,RPA,230,right,all,0,0,0,0,0,0
Nucleus raphe obscurus,RO,222,left,all,12,3516.35,466.833,12,3516.35,466.833
Nucleus raphe obscurus,RO,222,right,all,27,3649.76,505.667,27,3649.76,505.667
Cerebellum,CB,512,left,all,121091,7427.34,662.751,121091,7427.34,662.751
Cerebellum,CB,512,right,all,79935,6379.45,590.87,79935,6379.45,590.87
Cerebellar cortex,CBX,528,left,all,111578,7280.89,652.491,111578,7280.89,652.491
Cerebellar cortex,CBX,528,right,all,74509,6356.49,586.009,74509,6356.49,586.009
Vermal regions,VERM,645,left,all,43606,7034.55,668.702,43606,7034.55,668.702
Vermal regions,VERM,645,right,all,34151,6334.8,617.804,34151,6334.8,617.804
Lingula (I),LING,912,left,all,54,6053.88,586.222,54,6053.88,586.222
Lingula (I),LING,912,right,all,71,7713.59,607.042,71,7713.59,607.042
Central lobule,CENT,920,left,all,8111,6846.84,715.851,8111,6846.84,715.851
Central lobule,CENT,920,right,all,6486,6524.36,686.145,6486,6524.36,686.145
Lobule II,CENT2,976,left,all,2267,6532.04,692.325,2267,6532.04,692.325
Lobule II,CENT2,976,right,all,1950,6092.87,673.982,1950,6092.87,673.982
Lobule III,CENT3,984,left,all,5844,6968.96,724.978,5844,6968.96,724.978
Lobule III,CENT3,984,right,all,4536,6709.85,691.374,4536,6709.85,691.374
Culmen,CUL,928,left,all,17968,7649.05,715.585,17968,7649.05,715.585
Culmen,CUL,928,right,all,10453,6897.49,655.553,10453,6897.49,655.553
Lobules IV-V,CUL4/ 5,1091,left,all,17968,7649.05,715.585,17968,7649.05,715.585
Lobules IV-V,CUL4/ 5,1091,right,all,10453,6897.49,655.553,10453,6897.49,655.553
Declive (VI),DEC,936,left,all,7006,7946.56,661.651,7006,7946.56,661.651
Declive (VI),DEC,936,right,all,6062,6822.79,602.822,6062,6822.79,602.822
Folium-tuber vermis (VII),FOTU,944,left,all,1701,6358.52,536.255,1701,6358.52,536.255
Folium-tuber vermis (VII),FOTU,944,right,all,2289,5942.23,549.241,2289,5942.23,549.241
Pyramus (VIII),PYR,951,left,all,2901,5763.86,569.393,2901,5763.86,569.393
Pyramus (VIII),PYR,951,right,all,2992,5561.82,575.182,2992,5561.82,575.182
Uvula (IX),UVU,957,left,all,4594,5253.64,550.163,4594,5253.64,550.163
Uvula (IX),UVU,957,right,all,5021,5218.71,543.022,5021,5218.71,543.022
Nodulus (X),NOD,968,left,all,1271,4801.77,579.785,1271,4801.77,579.785
Nodulus (X),NOD,968,right,all,777,4594.51,506.695,777,4594.51,506.695
Hemispheric regions,HEM,1073,left,all,67972,7438.93,642.091,67972,7438.93,642.091
Hemispheric regions,HEM,1073,right,all,40358,6374.85,559.103,40358,6374.85,559.103
Simple lobule,SIM,1007,left,all,19353,7679.91,682.746,19353,7679.91,682.746
Simple lobule,SIM,1007,right,all,8951,7153.96,615.63,8951,7153.96,615.63
Ansiform lobule,AN,1017,left,all,24770,8414.61,663.095,24770,8414.61,663.095
Ansiform lobule,AN,1017,right,all,15215,6600.79,542.142,15215,6600.79,542.142
Crus 1,ANcr1,1056,left,all,13954,8169.07,671.866,13954,8169.07,671.866
Crus 1,ANcr1,1056,right,all,8404,6254.36,537.632,8404,6254.36,537.632
Crus 2,ANcr2,1064,left,all,10816,8731.4,651.779,10816,8731.4,651.779
Crus 2,ANcr2,1064,right,all,6811,7028.25,547.708,6811,7028.25,547.708
Paramedian lobule,PRM,1025,left,all,9814,6625.72,599.233,9814,6625.72,599.233
Paramedian lobule,PRM,1025,right,all,6452,6459.65,569.398,6452,6459.65,569.398
Copula pyramidis,COPY,1033,left,all,5131,6294.34,620.824,5131,6294.34,620.824
Copula pyramidis,COPY,1033,right,all,4360,5725.81,563.02,4360,5725.81,563.02
Paraflocculus,PFL,1041,left,all,7199,5819.9,544.668,7199,5819.9,544.668
Paraflocculus,PFL,1041,right,all,3798,4813.34,463.373,3798,4813.34,463.373
Flocculus,FL,1049,left,all,1705,5490.61,597.536,1705,5490.61,597.536
Flocculus,FL,1049,right,all,1582,4985.44,579.446,1582,4985.44,579.446
Cerebellar nuclei,CBN,519,left,all,8022,9584.39,811.942,8022,9584.39,811.942
Cerebellar nuclei,CBN,519,right,all,4351,6864.31,675.089,4351,6864.31,675.089
Fastigial nucleus,FN,989,left,all,1618,8581.76,752.9,1618,8581.76,752.9
Fastigial nucleus,FN,989,right,all,1276,7273.53,681.844,1276,7273.53,681.844
Interposed nucleus,IP,91,left,all,4349,9827.08,834.898,4349,9827.08,834.898
Interposed nucleus,IP,91,right,all,2263,6382.25,670.406,2263,6382.25,670.406
Dentate nucleus,DN,846,left,all,1652,10246.5,825.205,1652,10246.5,825.205
Dentate nucleus,DN,846,right,all,604,7858.75,684.139,604,7858.75,684.139
Vestibulocerebellar nucleus,VeCB,589508455,left,all,403,8276.75,746.881,403,8276.75,746.881
Vestibulocerebellar nucleus,VeCB,589508455,right,all,208,6710.91,658.312,208,6710.91,658.312
fiber tracts,fiber tracts,1009,left,all,79978,5644.4,577.106,79978,5644.4,577.106
fiber tracts,fiber tracts,1009,right,all,63177,5143.73,524.132,63177,5143.73,524.132
cranial nerves,cm,967,left,all,11418,5761.78,561.708,11418,5761.78,561.708
cranial nerves,cm,967,right,all,14398,5178.81,490.962,14398,5178.81,490.962
vomeronasal nerve,von,949,left,all,0,0,0,0,0,0
vomeronasal nerve,von,949,right,all,26,5346.17,427.538,26,5346.17,427.538
olfactory nerve,In,840,left,all,2417,6132.72,497.146,2417,6132.72,497.146
olfactory nerve,In,840,right,all,7827,4975.5,434.467,7827,4975.5,434.467
olfactory nerve layer of main olfactory bulb,onl,1016,left,all,941,4122.03,394.548,941,4122.03,394.548
olfactory nerve layer of main olfactory bulb,onl,1016,right,all,6164,4922.79,429.608,6164,4922.79,429.608
lateral olfactory tract/ general,lotg,21,left,all,1140,8366.29,600.58,1140,8366.29,600.58
lateral olfactory tract/ general,lotg,21,right,all,1299,5351.61,458.859,1299,5351.61,458.859
lateral olfactory tract/ body,lot,665,left,all,768,10296.1,689.294,768,10296.1,689.294
lateral olfactory tract/ body,lot,665,right,all,983,5699.12,473.987,983,5699.12,473.987
dorsal limb,lotd,538,left,all,372,4382.15,417.427,372,4382.15,417.427
dorsal limb,lotd,538,right,all,316,4270.58,411.801,316,4270.58,411.801
anterior commissure/ olfactory limb,aco,900,left,all,336,4185.68,433.545,336,4185.68,433.545
anterior commissure/ olfactory limb,aco,900,right,all,364,4525.92,429.712,364,4525.92,429.712
optic nerve,IIn,848,left,all,2847,4783.45,525.049,2847,4783.45,525.049
optic nerve,IIn,848,right,all,1714,4784.09,508.963,1714,4784.09,508.963
brachium of the superior colliculus,bsc,916,left,all,989,5681.16,622.434,989,5681.16,622.434
brachium of the superior colliculus,bsc,916,right,all,755,5572.43,585.853,755,5572.43,585.853
superior colliculus commissure,csc,336,left,all,85,4352.11,565.871,85,4352.11,565.871
superior colliculus commissure,csc,336,right,all,95,3800.09,550.326,95,3800.09,550.326
optic chiasm,och,117,left,all,0,0,0,0,0,0
optic chiasm,och,117,right,all,0,0,0,0,0,0
optic tract,opt,125,left,all,1773,4303.38,468.769,1773,4303.38,468.769
optic tract,opt,125,right,all,864,4203.4,437.225,864,4203.4,437.225
oculomotor nerve,IIIn,832,left,all,517,5233.07,607.528,517,5233.07,607.528
oculomotor nerve,IIIn,832,right,all,513,6939.58,625.058,513,6939.58,625.058
medial longitudinal fascicle,mlf,62,left,all,436,5424.81,612.606,436,5424.81,612.606
medial longitudinal fascicle,mlf,62,right,all,432,6983.67,633.225,432,6983.67,633.225
posterior commissure,pc,158,left,all,72,4236.01,585.542,72,4236.01,585.542
posterior commissure,pc,158,right,all,76,6911.24,589.842,76,6911.24,589.842
trochlear nerve,IVn,911,left,all,37,7535.41,683.054,37,7535.41,683.054
trochlear nerve,IVn,911,right,all,31,5832.88,581.387,31,5832.88,581.387
trigeminal nerve,Vn,901,left,all,351,5391.47,459.843,351,5391.47,459.843
trigeminal nerve,Vn,901,right,all,270,4926.21,440.533,270,4926.21,440.533
motor root of the trigeminal nerve,moV,93,left,all,1,3629.42,380,1,3629.42,380
motor root of the trigeminal nerve,moV,93,right,all,0,0,0,0,0,0
sensory root of the trigeminal nerve,sV,229,left,all,350,5396.51,460.071,350,5396.51,460.071
sensory root of the trigeminal nerve,sV,229,right,all,270,4926.21,440.533,270,4926.21,440.533
spinal tract of the trigeminal nerve,sptV,794,left,all,338,5333.08,463.533,338,5333.08,463.533
spinal tract of the trigeminal nerve,sptV,794,right,all,265,4963.63,441.702,265,4963.63,441.702
facial nerve,VIIn,798,left,all,309,6430.85,663.722,309,6430.85,663.722
facial nerve,VIIn,798,right,all,352,5784.58,644.665,352,5784.58,644.665
genu of the facial nerve,gVIIn,1116,left,all,89,8928.37,710.281,89,8928.37,710.281
genu of the facial nerve,gVIIn,1116,right,all,99,7142.29,681.374,99,7142.29,681.374
vestibulocochlear nerve,VIIIn,933,left,all,2923,6406.95,583.358,2923,6406.95,583.358
vestibulocochlear nerve,VIIIn,933,right,all,2620,5783.51,573.555,2620,5783.51,573.555
vestibular nerve,vVIIIn,413,left,all,76,7443.56,605.776,76,7443.56,605.776
vestibular nerve,vVIIIn,413,right,all,73,7296.21,614.658,73,7296.21,614.658
cochlear nerve,cVIIIn,948,left,all,2847,6379.28,582.76,2847,6379.28,582.76
cochlear nerve,cVIIIn,948,right,all,2547,5740.16,572.377,2547,5740.16,572.377
trapezoid body,tb,841,left,all,0,0,0,0,0,0
trapezoid body,tb,841,right,all,0,0,0,0,0,0
dorsal acoustic stria,das,506,left,all,70,13787.8,877.5,70,13787.8,877.5
dorsal acoustic stria,das,506,right,all,51,8012.15,703.02,51,8012.15,703.02
lateral lemniscus,ll,658,left,all,2157,6681.27,622.445,2157,6681.27,622.445
lateral lemniscus,ll,658,right,all,2023,5973.96,605.718,2023,5973.96,605.718
inferior colliculus commissure,cic,633,left,all,61,5511.5,534.639,61,5511.5,534.639
inferior colliculus commissure,cic,633,right,all,35,4674.71,532.2,35,4674.71,532.2
brachium of the inferior colliculus,bic,482,left,all,559,4380.94,397.971,559,4380.94,397.971
brachium of the inferior colliculus,bic,482,right,all,438,4480.89,406.379,438,4480.89,406.379
vagus nerve,Xn,917,left,all,95,6939.49,586.126,95,6939.49,586.126
vagus nerve,Xn,917,right,all,44,5853.54,445.591,44,5853.54,445.591
solitary tract,ts,237,left,all,95,6939.49,586.126,95,6939.49,586.126
solitary tract,ts,237,right,all,44,5853.54,445.591,44,5853.54,445.591
dorsal roots,drt,792,left,all,1922,5773.22,650.609,1922,5773.22,650.609
dorsal roots,drt,792,right,all,1001,4760.22,577.371,1001,4760.22,577.371
cervicothalamic tract,cett,932,left,all,1922,5773.22,650.609,1922,5773.22,650.609
cervicothalamic tract,cett,932,right,all,1001,4760.22,577.371,1001,4760.22,577.371
dorsal column,dc,514,left,all,32,5102.52,398.219,32,5102.52,398.219
dorsal column,dc,514,right,all,15,5019.32,457.067,15,5019.32,457.067
cuneate fascicle,cuf,380,left,all,32,5102.52,398.219,32,5102.52,398.219
cuneate fascicle,cuf,380,right,all,15,5019.32,457.067,15,5019.32,457.067
medial lemniscus,ml,697,left,all,1890,5784.57,654.883,1890,5784.57,654.883
medial lemniscus,ml,697,right,all,986,4756.27,579.201,986,4756.27,579.201
cerebellum related fiber tracts,cbf,960,left,all,13237,7398.63,680.169,13237,7398.63,680.169
cerebellum related fiber tracts,cbf,960,right,all,8957,6530.46,624.361,8957,6530.46,624.361
cerebellar commissure,cbc,744,left,all,17,7574.23,614.353,17,7574.23,614.353
cerebellar commissure,cbc,744,right,all,12,3874.74,523.167,12,3874.74,523.167
cerebellar peduncles,cbp,752,left,all,2910,7277.98,658.901,2910,7277.98,658.901
cerebellar peduncles,cbp,752,right,all,2355,6931.07,655.374,2355,6931.07,655.374
superior cerebelar peduncles,scp,326,left,all,2300,7102.79,673.841,2300,7102.79,673.841
superior cerebelar peduncles,scp,326,right,all,2088,6967.36,669.753,2088,6967.36,669.753
superior cerebellar peduncle decussation,dscp,812,left,all,39,6911.95,540.872,39,6911.95,540.872
superior cerebellar peduncle decussation,dscp,812,right,all,84,6688.28,555.786,84,6688.28,555.786
uncinate fascicle,uf,850,left,all,233,6830.89,684.837,233,6830.89,684.837
uncinate fascicle,uf,850,right,all,151,4728.37,614.775,151,4728.37,614.775
ventral spinocerebellar tract,sctv,866,left,all,230,5527.63,601.222,230,5527.63,601.222
ventral spinocerebellar tract,sctv,866,right,all,195,5517.92,572.559,195,5517.92,572.559
middle cerebellar peduncle,mcp,78,left,all,235,7163.17,532.681,235,7163.17,532.681
middle cerebellar peduncle,mcp,78,right,all,85,5531.22,484.306,85,5531.22,484.306
inferior cerebellar peduncle,icp,1123,left,all,375,8424.45,646.363,375,8424.45,646.363
inferior cerebellar peduncle,icp,1123,right,all,182,7168.49,570.297,182,7168.49,570.297
dorsal spinocerebellar tract,sctd,553,left,all,0,0,0,0,0,0
dorsal spinocerebellar tract,sctd,553,right,all,0,0,0,0,0,0
arbor vitae,arb,728,left,all,10310,7432.39,686.28,10310,7432.39,686.28
arbor vitae,arb,728,right,all,6590,6392.14,613.463,6590,6392.14,613.463
supra-callosal cerebral white matter,scwm,484682512,left,all,1962,4655.73,545.632,1962,4655.73,545.632
supra-callosal cerebral white matter,scwm,484682512,right,all,1156,4378.4,482.847,1156,4378.4,482.847
lateral forebrain bundle system,lfbs,983,left,all,25700,5272.61,556.85,25700,5272.61,556.85
lateral forebrain bundle system,lfbs,983,right,all,16929,4915.94,509.782,16929,4915.94,509.782
corpus callosum,cc,776,left,all,17336,5089.83,560.809,17336,5089.83,560.809
corpus callosum,cc,776,right,all,10387,4743.68,513.992,10387,4743.68,513.992
corpus callosum/ anterior forceps,fa,956,left,all,3889,5555.16,519.094,3889,5555.16,519.094
corpus callosum/ anterior forceps,fa,956,right,all,1955,4837.96,474.314,1955,4837.96,474.314
external capsule,ec,579,left,all,3341,5660.61,527.413,3341,5660.61,527.413
external capsule,ec,579,right,all,1605,4909.26,478.865,1605,4909.26,478.865
corpus callosum/ extreme capsule,ee,964,left,all,378,5135.44,461.18,378,5135.44,461.18
corpus callosum/ extreme capsule,ee,964,right,all,362,5099.64,436.025,362,5099.64,436.025
genu of corpus callosum,ccg,1108,left,all,650,4654,527.065,650,4654,527.065
genu of corpus callosum,ccg,1108,right,all,364,4931.87,456.86,364,4931.87,456.86
corpus callosum/ posterior forceps,fp,971,left,all,5566,5083.51,570.903,5566,5083.51,570.903
corpus callosum/ posterior forceps,fp,971,right,all,3062,4484.42,488.825,3062,4484.42,488.825
corpus callosum/ body,ccb,484682516,left,all,3406,4644.82,562.205,3406,4644.82,562.205
corpus callosum/ body,ccb,484682516,right,all,2317,4596.08,516.118,2317,4596.08,516.118
corpus callosum/ splenium,ccs,986,left,all,3447,5091.93,607.481,3447,5091.93,607.481
corpus callosum/ splenium,ccs,986,right,all,2327,5067.76,599.391,2327,5067.76,599.391
corticospinal tract,cst,784,left,all,2814,4986.02,509.906,2814,4986.02,509.906
corticospinal tract,cst,784,right,all,2032,5074.69,454.864,2032,5074.69,454.864
internal capsule,int,6,left,all,1555,4978.9,472.033,1555,4978.9,472.033
internal capsule,int,6,right,all,1535,4850.69,454.382,1535,4850.69,454.382
cerebal peduncle,cpd,924,left,all,1259,4994.82,556.683,1259,4994.82,556.683
cerebal peduncle,cpd,924,right,all,497,5766.53,456.35,497,5766.53,456.35
pyramid,py,190,left,all,0,0,0,0,0,0
pyramid,py,190,right,all,0,0,0,0,0,0
pyramidal decussation,pyd,198,left,all,0,0,0,0,0,0
pyramidal decussation,pyd,198,right,all,0,0,0,0,0,0
thalamus related,lfbst,896,left,all,5550,5988.87,568.286,5550,5988.87,568.286
thalamus related,lfbst,896,right,all,4510,5241.17,524.83,4510,5241.17,524.83
external medullary lamina of the thalamus,em,1092,left,all,284,5573.9,559.968,284,5573.9,559.968
external medullary lamina of the thalamus,em,1092,right,all,338,6321.69,580.565,338,6321.69,580.565
optic radiation,or,484682520,left,all,4195,5877.97,558.869,4195,5877.97,558.869
optic radiation,or,484682520,right,all,3219,5057.85,508.42,3219,5057.85,508.42
auditory radiation,ar,484682524,left,all,1071,6533.26,607.377,1071,6533.26,607.377
auditory radiation,ar,484682524,right,all,953,5477.14,560.489,953,5477.14,560.489
extrapyramidal fiber systems,eps,1000,left,all,2021,5811.39,623.459,2021,5811.39,623.459
extrapyramidal fiber systems,eps,1000,right,all,2267,5753.79,604.937,2267,5753.79,604.937
cerebral nuclei related,epsc,760,left,all,215,4748.31,524.595,215,4748.31,524.595
cerebral nuclei related,epsc,760,right,all,172,4569.12,530.529,172,4569.12,530.529
nigrostriatal tract,nst,102,left,all,215,4748.31,524.595,215,4748.31,524.595
nigrostriatal tract,nst,102,right,all,172,4569.12,530.529,172,4569.12,530.529
tectospinal pathway,tsp,877,left,all,1102,5829.28,619.096,1102,5829.28,619.096
tectospinal pathway,tsp,877,right,all,1492,5753.41,603.349,1492,5753.41,603.349
direct tectospinal pathway,tspd,1051,left,all,0,0,0,0,0,0
direct tectospinal pathway,tspd,1051,right,all,0,0,0,0,0,0
doral tegmental decussation,dtd,1060,left,all,14,6213.07,610.857,14,6213.07,610.857
doral tegmental decussation,dtd,1060,right,all,6,4649.12,598.167,6,4649.12,598.167
crossed tectospinal pathway,tspc,1043,left,all,1088,5824.34,619.202,1088,5824.34,619.202
crossed tectospinal pathway,tspc,1043,right,all,1486,5757.87,603.369,1486,5757.87,603.369
rubrospinal tract,rust,863,left,all,704,6108.04,660.48,704,6108.04,660.48
rubrospinal tract,rust,863,right,all,603,6092.66,630.091,603,6092.66,630.091
ventral tegmental decussation,vtd,397,left,all,63,6918.02,577.889,63,6918.02,577.889
ventral tegmental decussation,vtd,397,right,all,43,7512.09,590.233,43,7512.09,590.233
medial forebrain bundle system,mfbs,991,left,all,22944,5063.23,548.94,22944,5063.23,548.94
medial forebrain bundle system,mfbs,991,right,all,17762,4549.56,505.499,17762,4549.56,505.499
cerebrum related,mfbc,768,left,all,20513,5080.74,544.727,20513,5080.74,544.727
cerebrum related,mfbc,768,right,all,16013,4528.16,498.192,16013,4528.16,498.192
amygdalar capsule,amc,884,left,all,272,4654.66,435.566,272,4654.66,435.566
amygdalar capsule,amc,884,right,all,414,4649.72,449.524,414,4649.72,449.524
anterior commissure/ temporal limb,act,908,left,all,438,4527.61,488.929,438,4527.61,488.929
anterior commissure/ temporal limb,act,908,right,all,159,4507.67,419.453,159,4507.67,419.453
cingulum bundle,cing,940,left,all,6281,5491.5,605.289,6281,5491.5,605.289
cingulum bundle,cing,940,right,all,3961,5073.35,558.662,3961,5073.35,558.662
fornix system,fxs,1099,left,all,13058,4926.32,522.307,13058,4926.32,522.307
fornix system,fxs,1099,right,all,11168,4343.74,480.95,11168,4343.74,480.95
alveus,alv,466,left,all,6473,5627.42,560.787,6473,5627.42,560.787
alveus,alv,466,right,all,4452,4701.29,495.643,4452,4701.29,495.643
dorsal fornix,df,530,left,all,25,3765.44,487.96,25,3765.44,487.96
dorsal fornix,df,530,right,all,26,4936.74,457.692,26,4936.74,457.692
fimbria,fi,603,left,all,4564,4016.23,460.452,4564,4016.23,460.452
fimbria,fi,603,right,all,5885,4020.32,469.27,5885,4020.32,469.27
postcommissural fornix,fxpo,737,left,all,183,4034.62,443.699,183,4034.62,443.699
postcommissural fornix,fxpo,737,right,all,186,3529.41,434.156,186,3529.41,434.156
medial corticohypothalamic tract,mct,428,left,all,1,4260.55,405,1,4260.55,405
medial corticohypothalamic tract,mct,428,right,all,0,0,0,0,0,0
columns of the fornix,fx,436,left,all,182,4033.38,443.912,182,4033.38,443.912
columns of the fornix,fx,436,right,all,186,3529.41,434.156,186,3529.41,434.156
hippocampal commissures,hc,618,left,all,1813,4820.22,549.039,1813,4820.22,549.039
hippocampal commissures,hc,618,right,all,619,5066.71,501.352,619,5066.71,501.352
dorsal hippocampal commissure,dhc,443,left,all,1813,4820.22,549.039,1813,4820.22,549.039
dorsal hippocampal commissure,dhc,443,right,all,615,5026.71,501.167,615,5026.71,501.167
ventral hippocampal commissure,vhc,449,left,all,0,0,0,0,0,0
ventral hippocampal commissure,vhc,449,right,all,4,11216.6,529.75,4,11216.6,529.75
stria terminalis,st,301,left,all,464,4638.24,472.53,464,4638.24,472.53
stria terminalis,st,301,right,all,311,4055.83,452.215,311,4055.83,452.215
commissural branch of stria terminalis,stc,484682528,left,all,103,4082.12,472.369,103,4082.12,472.369
commissural branch of stria terminalis,stc,484682528,right,all,71,3492.43,461,71,3492.43,461
hypothalamus related,mfsbshy,824,left,all,2431,4915.47,584.492,2431,4915.47,584.492
hypothalamus related,mfsbshy,824,right,all,1749,4745.42,572.404,1749,4745.42,572.404
medial forebrain bundle,mfb,54,left,all,107,4667.92,598.243,107,4667.92,598.243
medial forebrain bundle,mfb,54,right,all,40,5538.31,588.5,40,5538.31,588.5
supraoptic commissures,sup,349,left,all,15,4641.34,427.067,15,4641.34,427.067
supraoptic commissures,sup,349,right,all,4,4519.47,495.5,4,4519.47,495.5
mammillary related,mfbsma,46,left,all,820,4341.63,520.55,820,4341.63,520.55
mammillary related,mfbsma,46,right,all,409,4259.66,504.817,409,4259.66,504.817
principal mammillary tract,pm,753,left,all,78,3888.46,540.795,78,3888.46,540.795
principal mammillary tract,pm,753,right,all,45,4472.04,521.444,45,4472.04,521.444
mammillothalamic tract,mtt,690,left,all,611,4291.31,505.28,611,4291.31,505.28
mammillothalamic tract,mtt,690,right,all,254,4016.61,483.472,254,4016.61,483.472
mammillotegmental tract,mtg,681,left,all,111,4979.64,573.631,111,4979.64,573.631
mammillotegmental tract,mtg,681,right,all,97,4484.23,546.608,97,4484.23,546.608
mammillary peduncle,mp,673,left,all,20,4105.32,613.5,20,4105.32,613.5
mammillary peduncle,mp,673,right,all,13,6597.86,552.462,13,6597.86,552.462
epithalamus related,mfbse,1083,left,all,1489,5252.03,620.302,1489,5252.03,620.302
epithalamus related,mfbse,1083,right,all,1296,4874.94,593.475,1296,4874.94,593.475
stria medullaris,sm,802,left,all,171,5372.34,527.146,171,5372.34,527.146
stria medullaris,sm,802,right,all,133,7070.79,578.466,133,7070.79,578.466
fasciculus retroflexus,fr,595,left,all,1265,5286.6,635.13,1265,5286.6,635.13
fasciculus retroflexus,fr,595,right,all,1114,4660.01,596.485,1114,4660.01,596.485
habenular commissure,hbc,611,left,all,53,4038.61,566.943,53,4038.61,566.943
habenular commissure,hbc,611,right,all,49,3801.1,565.776,49,3801.1,565.776
ventricular systems,VS,73,left,all,11128,4055.06,482.223,11128,4055.06,482.223
ventricular systems,VS,73,right,all,4854,3746.73,436.208,4854,3746.73,436.208
lateral ventricle,VL,81,left,all,9693,3952.35,470.101,9693,3952.35,470.101
lateral ventricle,VL,81,right,all,4065,3642.8,429.306,4065,3642.8,429.306
subependymal zone,SEZ,98,left,all,9,4462.17,345.556,9,4462.17,345.556
subependymal zone,SEZ,98,right,all,10,9734.2,381.7,10,9734.2,381.7
choroid plexus,chpl,108,left,all,4802,3784.63,463.912,4802,3784.63,463.912
choroid plexus,chpl,108,right,all,1944,3519.38,446.717,1944,3519.38,446.717
third ventricle,V3,129,left,all,525,3724.61,458.84,525,3724.61,458.84
third ventricle,V3,129,right,all,521,3670.34,452.359,521,3670.34,452.359
cerebral aqueduct,AQ,140,left,all,60,5676.64,416.8,60,5676.64,416.8
cerebral aqueduct,AQ,140,right,all,80,5912.25,423.113,80,5912.25,423.113
fourth ventricle,V4,145,left,all,848,5312.77,639.719,848,5312.77,639.719
fourth ventricle,V4,145,right,all,179,5303.83,548.765,179,5303.83,548.765
lateral recess,V4r,153,left,all,694,5259.09,655.582,694,5259.09,655.582
lateral recess,V4r,153,right,all,150,4735.16,547.487,150,4735.16,547.487
central canal/ spinal cord/medulla,c,164,left,all,2,6715.74,555,2,6715.74,555
central canal/ spinal cord/medulla,c,164,right,all,9,4895.64,496.556,9,4895.64,496.556
