Region,,,,Experiment,Marker 1,,,Total,,
name,acronym,id,hemisphere,section,count,strength,channel (name not specified),count,strength,channel (name not specified)
Outside,,0,left,all,80719,2837.3,463.899,80719,2837.3,463.899
Outside,,0,right,all,98229,2375.97,366.59,98229,2375.97,366.59
root,root,997,left,all,3215614,2851.53,574.615,3215614,2851.53,574.615
root,root,997,right,all,2541025,2718.02,502.071,2541025,2718.02,502.071
Basic cell groups and regions,grey,8,left,all,2970409,2869.23,576.047,2970409,2869.23,576.047
Basic cell groups and regions,grey,8,right,all,2344796,2737.93,502.921,2344796,2737.93,502.921
Cerebrum,CH,567,left,all,1995780,2815.67,554.279,1995780,2815.67,554.279
Cerebrum,CH,567,right,all,1572808,2710,476.898,1572808,2710,476.898
Cerebral cortex,CTX,688,left,all,1742092,2923.85,554.93,1742092,2923.85,554.93
Cerebral cortex,CTX,688,right,all,1383013,2808.07,474.934,1383013,2808.07,474.934
Cortical plate,CTXpl,695,left,all,1688693,2944.07,555.277,1688693,2944.07,555.277
Cortical plate,CTXpl,695,right,all,1336110,2833.72,475.452,1336110,2833.72,475.452
Isocortex,Isocortex,315,left,all,1157356,2991.41,558.96,1157356,2991.41,558.96
Isocortex,Isocortex,315,right,all,887595,2851.03,476.044,887595,2851.03,476.044
Frontal pole/ cerebral cortex,FRP,184,left,all,10063,2558.47,459.069,10063,2558.47,459.069
Frontal pole/ cerebral cortex,FRP,184,right,all,9261,2742.5,434.22,9261,2742.5,434.22
Frontal pole/ layer 1,FRP1,68,left,all,1590,2147.12,400.883,1590,2147.12,400.883
Frontal pole/ layer 1,FRP1,68,right,all,1815,2922.53,434.342,1815,2922.53,434.342
Frontal pole/ layer 2/3,FRP2/3,667,left,all,2639,2202.59,445.814,2639,2202.59,445.814
Frontal pole/ layer 2/3,FRP2/3,667,right,all,2510,2270.99,404.623,2510,2270.99,404.623
Frontal pole/ layer 5,FRP5,526157192,left,all,4689,2876.01,478.492,4689,2876.01,478.492
Frontal pole/ layer 5,FRP5,526157192,right,all,4094,3007.8,449.527,4094,3007.8,449.527
Frontal pole/ layer 6a,FRP6a,526157196,left,all,1143,2644.86,490.768,1143,2644.86,490.768
Frontal pole/ layer 6a,FRP6a,526157196,right,all,842,2469.98,447.759,842,2469.98,447.759
Frontal pole/ layer 6b,FRP6b,526322264,left,all,2,5310.15,554,2,5310.15,554
Frontal pole/ layer 6b,FRP6b,526322264,right,all,0,0,0,0,0,0
Somatomotor areas,MO,500,left,all,253458,3211.04,557.333,253458,3211.04,557.333
Somatomotor areas,MO,500,right,all,189047,3057.95,494.143,189047,3057.95,494.143
Primary motor area,MOp,985,left,all,126281,3251.87,592.792,126281,3251.87,592.792
Primary motor area,MOp,985,right,all,86461,3041.38,504.586,86461,3041.38,504.586
Primary motor area/ Layer 1,MOp1,320,left,all,8710,2781.31,494.16,8710,2781.31,494.16
Primary motor area/ Layer 1,MOp1,320,right,all,6365,2447.34,426.638,6365,2447.34,426.638
Primary motor area/ Layer 2/3,MOp2/3,943,left,all,44917,3143.72,571.572,44917,3143.72,571.572
Primary motor area/ Layer 2/3,MOp2/3,943,right,all,33035,2992.84,488.233,33035,2992.84,488.233
Primary motor area/ Layer 5,MOp5,648,left,all,47183,3867.18,629.945,47183,3867.18,629.945
Primary motor area/ Layer 5,MOp5,648,right,all,29730,3572.77,545.728,29730,3572.77,545.728
Primary motor area/ Layer 6a,MOp6a,844,left,all,24005,2482.01,594.534,24005,2482.01,594.534
Primary motor area/ Layer 6a,MOp6a,844,right,all,16627,2461.17,493.369,16627,2461.17,493.369
Primary motor area/ Layer 6b,MOp6b,882,left,all,1466,2163.43,604.624,1466,2163.43,604.624
Primary motor area/ Layer 6b,MOp6b,882,right,all,704,1953.05,504.212,704,1953.05,504.212
Secondary motor area,MOs,993,left,all,127177,3170.51,522.124,127177,3170.51,522.124
Secondary motor area,MOs,993,right,all,102586,3071.91,485.342,102586,3071.91,485.342
Secondary motor area/ layer 1,MOs1,656,left,all,11460,2545.54,450.947,11460,2545.54,450.947
Secondary motor area/ layer 1,MOs1,656,right,all,11578,2477.95,417.197,11578,2477.95,417.197
Secondary motor area/ layer 2/3,MOs2/3,962,left,all,40303,2802.13,491.448,40303,2802.13,491.448
Secondary motor area/ layer 2/3,MOs2/3,962,right,all,33067,2820.89,450.074,33067,2820.89,450.074
Secondary motor area/ layer 5,MOs5,767,left,all,54227,3793.71,557.672,54227,3793.71,557.672
Secondary motor area/ layer 5,MOs5,767,right,all,40916,3629.03,526.433,40916,3629.03,526.433
Secondary motor area/ layer 6a,MOs6a,1021,left,all,20855,2623.38,527.622,20855,2623.38,527.622
Secondary motor area/ layer 6a,MOs6a,1021,right,all,16849,2631.24,501.703,16849,2631.24,501.703
Secondary motor area/ layer 6b,MOs6b,1085,left,all,332,2040.91,551.386,332,2040.91,551.386
Secondary motor area/ layer 6b,MOs6b,1085,right,all,176,1973.76,475.08,176,1973.76,475.08
Somatosensory areas,SS,453,left,all,377416,3011.93,587.793,377416,3011.93,587.793
Somatosensory areas,SS,453,right,all,255541,2797.99,476.577,255541,2797.99,476.577
Primary somatosensory area,SSp,322,left,all,266558,3026.94,598.476,266558,3026.94,598.476
Primary somatosensory area,SSp,322,right,all,174415,2837.55,482.239,174415,2837.55,482.239
Primary somatosensory area/ nose,SSp-n,353,left,all,34224,2742.17,580.015,34224,2742.17,580.015
Primary somatosensory area/ nose,SSp-n,353,right,all,20431,2614.16,461.652,20431,2614.16,461.652
Primary somatosensory area/ nose/ layer 1,SSp-n1,558,left,all,3796,2279.1,473.983,3796,2279.1,473.983
Primary somatosensory area/ nose/ layer 1,SSp-n1,558,right,all,2648,2037.28,383.997,2648,2037.28,383.997
Primary somatosensory area/ nose/ layer 2/3,SSp-n2/3,838,left,all,7729,2326.86,563.992,7729,2326.86,563.992
Primary somatosensory area/ nose/ layer 2/3,SSp-n2/3,838,right,all,4454,2271.89,448.493,4454,2271.89,448.493
Primary somatosensory area/ nose/ layer 4,SSp-n4,654,left,all,7064,3199.71,645.195,7064,3199.71,645.195
Primary somatosensory area/ nose/ layer 4,SSp-n4,654,right,all,3512,2981.7,501.155,3512,2981.7,501.155
Primary somatosensory area/ nose/ layer 5,SSp-n5,702,left,all,8151,3280.24,627.208,8151,3280.24,627.208
Primary somatosensory area/ nose/ layer 5,SSp-n5,702,right,all,4235,3437.83,519.415,4235,3437.83,519.415
Primary somatosensory area/ nose/ layer 6a,SSp-n6a,889,left,all,7061,2422.2,537.383,7061,2422.2,537.383
Primary somatosensory area/ nose/ layer 6a,SSp-n6a,889,right,all,5514,2307.72,440.498,5514,2307.72,440.498
Primary somatosensory area/ nose/ layer 6b,SSp-n6b,929,left,all,423,1818.61,538.059,423,1818.61,538.059
Primary somatosensory area/ nose/ layer 6b,SSp-n6b,929,right,all,68,2067.27,425.294,68,2067.27,425.294
Primary somatosensory area/ barrel field,SSp-bfd,329,left,all,66615,3395.94,575.164,66615,3395.94,575.164
Primary somatosensory area/ barrel field,SSp-bfd,329,right,all,44785,2933.87,466.237,44785,2933.87,466.237
Primary somatosensory area/ barrel field/ layer 1,SSp-bfd1,981,left,all,5755,2714.7,487.628,5755,2714.7,487.628
Primary somatosensory area/ barrel field/ layer 1,SSp-bfd1,981,right,all,3953,2175.63,380.763,3953,2175.63,380.763
Primary somatosensory area/ barrel field/ layer 2/3,SSp-bfd2/3,201,left,all,16800,2790.03,538.424,16800,2790.03,538.424
Primary somatosensory area/ barrel field/ layer 2/3,SSp-bfd2/3,201,right,all,10768,2350.02,435.617,10768,2350.02,435.617
Primary somatosensory area/ barrel field/ layer 4,SSp-bfd4,1047,left,all,14996,3948.87,619.618,14996,3948.87,619.618
Primary somatosensory area/ barrel field/ layer 4,SSp-bfd4,1047,right,all,10268,3234.24,489.393,10268,3234.24,489.393
Primary somatosensory area/ barrel field/ layer 5,SSp-bfd5,1070,left,all,16065,4195.81,628.18,16065,4195.81,628.18
Primary somatosensory area/ barrel field/ layer 5,SSp-bfd5,1070,right,all,9667,3833.16,522.625,9667,3833.16,522.625
Primary somatosensory area/ barrel field/ layer 6a,SSp-bfd6a,1038,left,all,11975,2899.57,546.561,11975,2899.57,546.561
Primary somatosensory area/ barrel field/ layer 6a,SSp-bfd6a,1038,right,all,9770,2695.5,455.001,9770,2695.5,455.001
Primary somatosensory area/ barrel field/ layer 6b,SSp-bfd6b,1062,left,all,1024,2324.25,521.663,1024,2324.25,521.663
Primary somatosensory area/ barrel field/ layer 6b,SSp-bfd6b,1062,right,all,359,2475.42,450.886,359,2475.42,450.886
Primary somatosensory area/ lower limb,SSp-ll,337,left,all,15422,2784.62,509.877,15422,2784.62,509.877
Primary somatosensory area/ lower limb,SSp-ll,337,right,all,15375,2725.64,455.021,15375,2725.64,455.021
Primary somatosensory area/ lower limb/ layer 1,SSp-ll1,1030,left,all,54,2539.89,487.648,54,2539.89,487.648
Primary somatosensory area/ lower limb/ layer 1,SSp-ll1,1030,right,all,35,2190.55,396.286,35,2190.55,396.286
Primary somatosensory area/ lower limb/ layer 2/3,SSp-ll2/3,113,left,all,1957,2191.68,465.138,1957,2191.68,465.138
Primary somatosensory area/ lower limb/ layer 2/3,SSp-ll2/3,113,right,all,1305,2053.15,393.363,1305,2053.15,393.363
Primary somatosensory area/ lower limb/ layer 4,SSp-ll4,1094,left,all,2355,2299.77,469.881,2355,2299.77,469.881
Primary somatosensory area/ lower limb/ layer 4,SSp-ll4,1094,right,all,2045,2044.64,400.794,2045,2044.64,400.794
Primary somatosensory area/ lower limb/ layer 5,SSp-ll5,1128,left,all,6232,3352.71,545.707,6232,3352.71,545.707
Primary somatosensory area/ lower limb/ layer 5,SSp-ll5,1128,right,all,6160,2911.54,464.768,6160,2911.54,464.768
Primary somatosensory area/ lower limb/ layer 6a,SSp-ll6a,478,left,all,4508,2572.61,504.325,4508,2572.61,504.325
Primary somatosensory area/ lower limb/ layer 6a,SSp-ll6a,478,right,all,5571,2944.69,478.463,5571,2944.69,478.463
Primary somatosensory area/ lower limb/ layer 6b,SSp-ll6b,510,left,all,316,1933,461.405,316,1933,461.405
Primary somatosensory area/ lower limb/ layer 6b,SSp-ll6b,510,right,all,259,2430.29,465.722,259,2430.29,465.722
Primary somatosensory area/ mouth,SSp-m,345,left,all,93308,2966.09,654.032,93308,2966.09,654.032
Primary somatosensory area/ mouth,SSp-m,345,right,all,52148,2947.61,527.382,52148,2947.61,527.382
Primary somatosensory area/ mouth/ layer 1,SSp-m1,878,left,all,7449,2875.8,500.321,7449,2875.8,500.321
Primary somatosensory area/ mouth/ layer 1,SSp-m1,878,right,all,5277,2318.46,423.639,5277,2318.46,423.639
Primary somatosensory area/ mouth/ layer 2/3,SSp-m2/3,657,left,all,23385,2619.13,622.556,23385,2619.13,622.556
Primary somatosensory area/ mouth/ layer 2/3,SSp-m2/3,657,right,all,13790,2543.5,502.199,13790,2543.5,502.199
Primary somatosensory area/ mouth/ layer 4,SSp-m4,950,left,all,17895,3780.7,723.057,17895,3780.7,723.057
Primary somatosensory area/ mouth/ layer 4,SSp-m4,950,right,all,8916,3929.18,589.044,8916,3929.18,589.044
Primary somatosensory area/ mouth/ layer 5,SSp-m5,974,left,all,23606,3297.34,692.359,23606,3297.34,692.359
Primary somatosensory area/ mouth/ layer 5,SSp-m5,974,right,all,12058,3479.22,572.164,12058,3479.22,572.164
Primary somatosensory area/ mouth/ layer 6a,SSp-m6a,1102,left,all,19693,2331.17,641.973,19693,2331.17,641.973
Primary somatosensory area/ mouth/ layer 6a,SSp-m6a,1102,right,all,11433,2453.2,510.803,11433,2453.2,510.803
Primary somatosensory area/ mouth/ layer 6b,SSp-m6b,2,left,all,1280,2101.19,637.292,1280,2101.19,637.292
Primary somatosensory area/ mouth/ layer 6b,SSp-m6b,2,right,all,674,2033.3,519.178,674,2033.3,519.178
Primary somatosensory area/ upper limb,SSp-ul,369,left,all,35980,2910.81,582.845,35980,2910.81,582.845
Primary somatosensory area/ upper limb,SSp-ul,369,right,all,26209,2775.87,475.426,26209,2775.87,475.426
Primary somatosensory area/ upper limb/ layer 1,SSp-ul1,450,left,all,2890,2701.65,515.026,2890,2701.65,515.026
Primary somatosensory area/ upper limb/ layer 1,SSp-ul1,450,right,all,1997,2116.36,406.343,1997,2116.36,406.343
Primary somatosensory area/ upper limb/ layer 2/3,SSp-ul2/3,854,left,all,8915,2540,558.675,8915,2540,558.675
Primary somatosensory area/ upper limb/ layer 2/3,SSp-ul2/3,854,right,all,7124,2305.54,450.915,7124,2305.54,450.915
Primary somatosensory area/ upper limb/ layer 4,SSp-ul4,577,left,all,6615,3375.1,627.739,6615,3375.1,627.739
Primary somatosensory area/ upper limb/ layer 4,SSp-ul4,577,right,all,4175,2961.5,492.545,4175,2961.5,492.545
Primary somatosensory area/ upper limb/ layer 5,SSp-ul5,625,left,all,10801,3437.87,626.748,10801,3437.87,626.748
Primary somatosensory area/ upper limb/ layer 5,SSp-ul5,625,right,all,6523,3739.22,533.347,6523,3739.22,533.347
Primary somatosensory area/ upper limb/ layer 6a,SSp-ul6a,945,left,all,6229,2227.73,534.464,6229,2227.73,534.464
Primary somatosensory area/ upper limb/ layer 6a,SSp-ul6a,945,right,all,6254,2407.38,453.625,6254,2407.38,453.625
Primary somatosensory area/ upper limb/ layer 6b,SSp-ul6b,1026,left,all,530,1780.76,472.777,530,1780.76,472.777
Primary somatosensory area/ upper limb/ layer 6b,SSp-ul6b,1026,right,all,136,2137.65,472.699,136,2137.65,472.699
Primary somatosensory area/ trunk,SSp-tr,361,left,all,9209,3110.74,523.333,9209,3110.74,523.333
Primary somatosensory area/ trunk,SSp-tr,361,right,all,6852,2772.97,451.904,6852,2772.97,451.904
Primary somatosensory area/ trunk/ layer 1,SSp-tr1,1006,left,all,0,0,0,0,0,0
Primary somatosensory area/ trunk/ layer 1,SSp-tr1,1006,right,all,0,0,0,0,0,0
Primary somatosensory area/ trunk/ layer 2/3,SSp-tr2/3,670,left,all,84,2910.96,472.69,84,2910.96,472.69
Primary somatosensory area/ trunk/ layer 2/3,SSp-tr2/3,670,right,all,0,0,0,0,0,0
Primary somatosensory area/ trunk/ layer 4,SSp-tr4,1086,left,all,1007,2496.61,472.232,1007,2496.61,472.232
Primary somatosensory area/ trunk/ layer 4,SSp-tr4,1086,right,all,152,1744.81,318.717,152,1744.81,318.717
Primary somatosensory area/ trunk/ layer 5,SSp-tr5,1111,left,all,3920,2857.7,496.703,3920,2857.7,496.703
Primary somatosensory area/ trunk/ layer 5,SSp-tr5,1111,right,all,2605,2250.78,406.367,2605,2250.78,406.367
Primary somatosensory area/ trunk/ layer 6a,SSp-tr6a,9,left,all,3664,3557.24,563.217,3664,3557.24,563.217
Primary somatosensory area/ trunk/ layer 6a,SSp-tr6a,9,right,all,3576,3091.86,480.69,3576,3091.86,480.69
Primary somatosensory area/ trunk/ layer 6b,SSp-tr6b,461,left,all,534,3094.27,549.479,534,3094.27,549.479
Primary somatosensory area/ trunk/ layer 6b,SSp-tr6b,461,right,all,519,3497.91,521.141,519,3497.91,521.141
Primary somatosensory area/ unassigned,SSp-un,182305689,left,all,11800,2856.27,566.413,11800,2856.27,566.413
Primary somatosensory area/ unassigned,SSp-un,182305689,right,all,8615,2639.07,434.42,8615,2639.07,434.42
Primary somatosensory area/ unassigned/ layer 1,SSp-un1,182305693,left,all,1140,2212.52,479.796,1140,2212.52,479.796
Primary somatosensory area/ unassigned/ layer 1,SSp-un1,182305693,right,all,795,2114.33,375.475,795,2114.33,375.475
Primary somatosensory area/ unassigned/ layer 2/3,SSp-un2/3,182305697,left,all,3088,2436.45,546.867,3088,2436.45,546.867
Primary somatosensory area/ unassigned/ layer 2/3,SSp-un2/3,182305697,right,all,2095,2115.64,405.156,2095,2115.64,405.156
Primary somatosensory area/ unassigned/ layer 4,SSp-un4,182305701,left,all,2003,3186.09,613.431,2003,3186.09,613.431
Primary somatosensory area/ unassigned/ layer 4,SSp-un4,182305701,right,all,1460,2800.63,436.145,1460,2800.63,436.145
Primary somatosensory area/ unassigned/ layer 5,SSp-un5,182305705,left,all,3109,3612.83,622.788,3109,3612.83,622.788
Primary somatosensory area/ unassigned/ layer 5,SSp-un5,182305705,right,all,2049,3539.96,488.292,2049,3539.96,488.292
Primary somatosensory area/ unassigned/ layer 6a,SSp-un6a,182305709,left,all,2266,2506.13,526.123,2266,2506.13,526.123
Primary somatosensory area/ unassigned/ layer 6a,SSp-un6a,182305709,right,all,2177,2376.52,431.72,2177,2376.52,431.72
Primary somatosensory area/ unassigned/ layer 6b,SSp-un6b,182305713,left,all,194,1881.49,468.232,194,1881.49,468.232
Primary somatosensory area/ unassigned/ layer 6b,SSp-un6b,182305713,right,all,39,2730.19,463.769,39,2730.19,463.769
Supplemental somatosensory area,SSs,378,left,all,110858,2975.82,562.106,110858,2975.82,562.106
Supplemental somatosensory area,SSs,378,right,all,81126,2712.93,464.404,81126,2712.93,464.404
Supplemental somatosensory area/ layer 1,SSs1,873,left,all,9406,2498.79,451.753,9406,2498.79,451.753
Supplemental somatosensory area/ layer 1,SSs1,873,right,all,9753,2088.27,375.111,9753,2088.27,375.111
Supplemental somatosensory area/ layer 2/3,SSs2/3,806,left,all,27647,2502.23,530.553,27647,2502.23,530.553
Supplemental somatosensory area/ layer 2/3,SSs2/3,806,right,all,22256,2372.52,448.095,22256,2372.52,448.095
Supplemental somatosensory area/ layer 4,SSs4,1035,left,all,16976,3378.04,583.451,16976,3378.04,583.451
Supplemental somatosensory area/ layer 4,SSs4,1035,right,all,10953,3563.64,507.285,10953,3563.64,507.285
Supplemental somatosensory area/ layer 5,SSs5,1090,left,all,32631,3431.41,595.039,32631,3431.41,595.039
Supplemental somatosensory area/ layer 5,SSs5,1090,right,all,22663,3063.96,496.583,22663,3063.96,496.583
Supplemental somatosensory area/ layer 6a,SSs6a,862,left,all,22199,2858.91,580.941,22199,2858.91,580.941
Supplemental somatosensory area/ layer 6a,SSs6a,862,right,all,14438,2517.33,466.433,14438,2517.33,466.433
Supplemental somatosensory area/ layer 6b,SSs6b,893,left,all,1999,2216.21,589.725,1999,2216.21,589.725
Supplemental somatosensory area/ layer 6b,SSs6b,893,right,all,1063,1978.65,469.687,1063,1978.65,469.687
Gustatory areas,GU,1057,left,all,18721,2602.89,547.531,18721,2602.89,547.531
Gustatory areas,GU,1057,right,all,16761,2619.41,453.453,16761,2619.41,453.453
Gustatory areas/ layer 1,GU1,36,left,all,1638,2584.72,465.918,1638,2584.72,465.918
Gustatory areas/ layer 1,GU1,36,right,all,912,2079.67,367.126,912,2079.67,367.126
Gustatory areas/ layer 2/3,GU2/3,180,left,all,3941,2606.42,540.696,3941,2606.42,540.696
Gustatory areas/ layer 2/3,GU2/3,180,right,all,4022,2424.21,410.641,4022,2424.21,410.641
Gustatory areas/ layer 4,GU4,148,left,all,2029,2821.39,546.25,2029,2821.39,546.25
Gustatory areas/ layer 4,GU4,148,right,all,1702,2985.49,451.549,1702,2985.49,451.549
Gustatory areas/ layer 5,GU5,187,left,all,6644,2770.01,556.419,6644,2770.01,556.419
Gustatory areas/ layer 5,GU5,187,right,all,6947,2858.09,471.824,6947,2858.09,471.824
Gustatory areas/ layer 6a,GU6a,638,left,all,4170,2268.79,567.728,4170,2268.79,567.728
Gustatory areas/ layer 6a,GU6a,638,right,all,2964,2327.15,492.77,2964,2327.15,492.77
Gustatory areas/ layer 6b,GU6b,662,left,all,299,2119.26,614.231,299,2119.26,614.231
Gustatory areas/ layer 6b,GU6b,662,right,all,214,1976.18,500.168,214,1976.18,500.168
Visceral area,VISC,677,left,all,22224,3190.02,548.516,22224,3190.02,548.516
Visceral area,VISC,677,right,all,24010,2604.62,414.862,24010,2604.62,414.862
Visceral area/ layer 1,VISC1,897,left,all,2015,2489.31,447.405,2015,2489.31,447.405
Visceral area/ layer 1,VISC1,897,right,all,3534,2270.39,360.843,3534,2270.39,360.843
Visceral area/ layer 2/3,VISC2/3,1106,left,all,5030,2934.6,531.919,5030,2934.6,531.919
Visceral area/ layer 2/3,VISC2/3,1106,right,all,5975,2742.93,392.579,5975,2742.93,392.579
Visceral area/ layer 4,VISC4,1010,left,all,1960,2961.9,539.023,1960,2961.9,539.023
Visceral area/ layer 4,VISC4,1010,right,all,2062,3029.59,419.95,2062,3029.59,419.95
Visceral area/ layer 5,VISC5,1058,left,all,7316,3878.82,585.502,7316,3878.82,585.502
Visceral area/ layer 5,VISC5,1058,right,all,8328,2778.64,430.47,8328,2778.64,430.47
Visceral area/ layer 6a,VISC6a,857,left,all,5445,2896.05,553.822,5445,2896.05,553.822
Visceral area/ layer 6a,VISC6a,857,right,all,3732,2132.86,457.672,3732,2132.86,457.672
Visceral area/ layer 6b,VISC6b,849,left,all,458,2546.3,562.373,458,2546.3,562.373
Visceral area/ layer 6b,VISC6b,849,right,all,379,2050.28,477.633,379,2050.28,477.633
Auditory areas,AUD,247,left,all,70044,2929.77,577.383,70044,2929.77,577.383
Auditory areas,AUD,247,right,all,52750,2913.75,469.599,52750,2913.75,469.599
Dorsal auditory area,AUDd,1011,left,all,15957,3446.21,625.733,15957,3446.21,625.733
Dorsal auditory area,AUDd,1011,right,all,10315,2998.62,475.016,10315,2998.62,475.016
Dorsal auditory area/ layer 1,AUDd1,527,left,all,1862,2623.18,518.251,1862,2623.18,518.251
Dorsal auditory area/ layer 1,AUDd1,527,right,all,1440,2128.46,404.568,1440,2128.46,404.568
Dorsal auditory area/ layer 2/3,AUDd2/3,600,left,all,5006,2822.81,614.762,5006,2822.81,614.762
Dorsal auditory area/ layer 2/3,AUDd2/3,600,right,all,3347,2473.29,450.996,3347,2473.29,450.996
Dorsal auditory area/ layer 4,AUDd4,678,left,all,2237,4295.09,683.72,2237,4295.09,683.72
Dorsal auditory area/ layer 4,AUDd4,678,right,all,1090,4038.83,514.557,1090,4038.83,514.557
Dorsal auditory area/ layer 5,AUDd5,252,left,all,5312,4073.08,659.022,5312,4073.08,659.022
Dorsal auditory area/ layer 5,AUDd5,252,right,all,3296,3615.87,517.823,3296,3615.87,517.823
Dorsal auditory area/ layer 6a,AUDd6a,156,left,all,1331,3064.3,597.316,1331,3064.3,597.316
Dorsal auditory area/ layer 6a,AUDd6a,156,right,all,1085,2911.22,476.465,1085,2911.22,476.465
Dorsal auditory area/ layer 6b,AUDd6b,243,left,all,209,3123.68,560.301,209,3123.68,560.301
Dorsal auditory area/ layer 6b,AUDd6b,243,right,all,57,1908.03,406.088,57,1908.03,406.088
Primary auditory area,AUDp,1002,left,all,26574,2848.61,579.915,26574,2848.61,579.915
Primary auditory area,AUDp,1002,right,all,19492,2996.82,484.8,19492,2996.82,484.8
Primary auditory area/ layer 1,AUDp1,735,left,all,3524,2224.58,493.274,3524,2224.58,493.274
Primary auditory area/ layer 1,AUDp1,735,right,all,2740,2007.97,403.612,2740,2007.97,403.612
Primary auditory area/ layer 2/3,AUDp2/3,251,left,all,6621,2372.21,568.427,6621,2372.21,568.427
Primary auditory area/ layer 2/3,AUDp2/3,251,right,all,4920,2461.26,465.972,4920,2461.26,465.972
Primary auditory area/ layer 4,AUDp4,816,left,all,3678,3291.4,612.779,3678,3291.4,612.779
Primary auditory area/ layer 4,AUDp4,816,right,all,2536,3538.81,523.37,2536,3538.81,523.37
Primary auditory area/ layer 5,AUDp5,847,left,all,10788,3230.04,606.165,10788,3230.04,606.165
Primary auditory area/ layer 5,AUDp5,847,right,all,7048,3635.38,522.893,7048,3635.38,522.893
Primary auditory area/ layer 6a,AUDp6a,954,left,all,1739,2635.12,571.651,1739,2635.12,571.651
Primary auditory area/ layer 6a,AUDp6a,954,right,all,1946,2956.98,474.868,1946,2956.98,474.868
Primary auditory area/ layer 6b,AUDp6b,1005,left,all,224,2764.4,542.857,224,2764.4,542.857
Primary auditory area/ layer 6b,AUDp6b,1005,right,all,302,1496.36,379.242,302,1496.36,379.242
Posterior auditory area,AUDpo,1027,left,all,6534,2508.34,531.63,6534,2508.34,531.63
Posterior auditory area,AUDpo,1027,right,all,5061,2720.94,451.119,5061,2720.94,451.119
Posterior auditory area/ layer 1,AUDpo1,696,left,all,935,1903.7,473.749,935,1903.7,473.749
Posterior auditory area/ layer 1,AUDpo1,696,right,all,647,1912.57,389.705,647,1912.57,389.705
Posterior auditory area/ layer 2/3,AUDpo2/3,643,left,all,1713,2115.78,517.892,1713,2115.78,517.892
Posterior auditory area/ layer 2/3,AUDpo2/3,643,right,all,1383,2186.51,431.371,1383,2186.51,431.371
Posterior auditory area/ layer 4,AUDpo4,759,left,all,922,3036.58,546.2,922,3036.58,546.2
Posterior auditory area/ layer 4,AUDpo4,759,right,all,667,3423.19,479.772,667,3423.19,479.772
Posterior auditory area/ layer 5,AUDpo5,791,left,all,2346,2828.79,553.847,2346,2828.79,553.847
Posterior auditory area/ layer 5,AUDpo5,791,right,all,1797,3161.05,474.74,1797,3161.05,474.74
Posterior auditory area/ layer 6a,AUDpo6a,249,left,all,509,2488.7,554.212,509,2488.7,554.212
Posterior auditory area/ layer 6a,AUDpo6a,249,right,all,547,2754.72,461.313,547,2754.72,461.313
Posterior auditory area/ layer 6b,AUDpo6b,456,left,all,109,2590.49,537.165,109,2590.49,537.165
Posterior auditory area/ layer 6b,AUDpo6b,456,right,all,20,1941,446.65,20,1941,446.65
Ventral auditory area,AUDv,1018,left,all,20979,2771.03,551.649,20979,2771.03,551.649
Ventral auditory area,AUDv,1018,right,all,17882,2828.82,455.135,17882,2828.82,455.135
Ventral auditory area/ layer 1,AUDv1,959,left,all,2003,2524.91,468.996,2003,2524.91,468.996
Ventral auditory area/ layer 1,AUDv1,959,right,all,1937,1955.58,368.922,1937,1955.58,368.922
Ventral auditory area/ layer 2/3,AUDv2/3,755,left,all,4421,2232.35,525.494,4421,2232.35,525.494
Ventral auditory area/ layer 2/3,AUDv2/3,755,right,all,4347,2352.21,422.333,4347,2352.21,422.333
Ventral auditory area/ layer 4,AUDv4,990,left,all,2822,2720.44,545.103,2822,2720.44,545.103
Ventral auditory area/ layer 4,AUDv4,990,right,all,2452,3382.17,481.974,2452,3382.17,481.974
Ventral auditory area/ layer 5,AUDv5,1023,left,all,8809,3153.39,583.536,8809,3153.39,583.536
Ventral auditory area/ layer 5,AUDv5,1023,right,all,7073,3203.79,488.555,7073,3203.79,488.555
Ventral auditory area/ layer 6a,AUDv6a,520,left,all,2651,2664.28,561.591,2651,2664.28,561.591
Ventral auditory area/ layer 6a,AUDv6a,520,right,all,1768,2894.34,471.442,1768,2894.34,471.442
Ventral auditory area/ layer 6b,AUDv6b,598,left,all,273,2522.34,523.821,273,2522.34,523.821
Ventral auditory area/ layer 6b,AUDv6b,598,right,all,305,1643.7,384.856,305,1643.7,384.856
Visual areas,VIS,669,left,all,81801,2623.42,505.895,81801,2623.42,505.895
Visual areas,VIS,669,right,all,61094,2294.18,411.246,61094,2294.18,411.246
Anterolateral visual area,VISal,402,left,all,7718,2793.01,555.12,7718,2793.01,555.12
Anterolateral visual area,VISal,402,right,all,6260,2825.72,461.21,6260,2825.72,461.21
Anterolateral visual area/ layer 1,VISal1,1074,left,all,742,2699.99,499.892,742,2699.99,499.892
Anterolateral visual area/ layer 1,VISal1,1074,right,all,617,2044.53,376.799,617,2044.53,376.799
Anterolateral visual area/ layer 2/3,VISal2/3,905,left,all,2104,2276.04,524.225,2104,2276.04,524.225
Anterolateral visual area/ layer 2/3,VISal2/3,905,right,all,1787,2213.33,427.991,1787,2213.33,427.991
Anterolateral visual area/ layer 4,VISal4,1114,left,all,1175,2695.37,566.022,1175,2695.37,566.022
Anterolateral visual area/ layer 4,VISal4,1114,right,all,974,3234.34,489.52,974,3234.34,489.52
Anterolateral visual area/ layer 5,VISal5,233,left,all,2401,3416.13,589.254,2401,3416.13,589.254
Anterolateral visual area/ layer 5,VISal5,233,right,all,1820,3616.19,507.782,1820,3616.19,507.782
Anterolateral visual area/ layer 6a,VISal6a,601,left,all,1196,2625.49,563.445,1196,2625.49,563.445
Anterolateral visual area/ layer 6a,VISal6a,601,right,all,1019,2585.28,459.716,1019,2585.28,459.716
Anterolateral visual area/ layer 6b,VISal6b,649,left,all,100,2550.4,567.76,100,2550.4,567.76
Anterolateral visual area/ layer 6b,VISal6b,649,right,all,43,2470.24,475.86,43,2470.24,475.86
Anteromedial visual area,VISam,394,left,all,1967,2327.58,485.911,1967,2327.58,485.911
Anteromedial visual area,VISam,394,right,all,648,2238.54,423.281,648,2238.54,423.281
Anteromedial visual area/ layer 1,VISam1,281,left,all,0,0,0,0,0,0
Anteromedial visual area/ layer 1,VISam1,281,right,all,0,0,0,0,0,0
Anteromedial visual area/ layer 2/3,VISam2/3,1066,left,all,0,0,0,0,0,0
Anteromedial visual area/ layer 2/3,VISam2/3,1066,right,all,0,0,0,0,0,0
Anteromedial visual area/ layer 4,VISam4,401,left,all,0,0,0,0,0,0
Anteromedial visual area/ layer 4,VISam4,401,right,all,0,0,0,0,0,0
Anteromedial visual area/ layer 5,VISam5,433,left,all,224,2415.33,462.036,224,2415.33,462.036
Anteromedial visual area/ layer 5,VISam5,433,right,all,0,0,0,0,0,0
Anteromedial visual area/ layer 6a,VISam6a,1046,left,all,1441,2289,483.704,1441,2289,483.704
Anteromedial visual area/ layer 6a,VISam6a,1046,right,all,419,2293.91,412.029,419,2293.91,412.029
Anteromedial visual area/ layer 6b,VISam6b,441,left,all,302,2446.6,514.149,302,2446.6,514.149
Anteromedial visual area/ layer 6b,VISam6b,441,right,all,229,2137.22,443.869,229,2137.22,443.869
Lateral visual area,VISl,409,left,all,11849,2411.7,499.755,11849,2411.7,499.755
Lateral visual area,VISl,409,right,all,8361,2341.39,422.32,8361,2341.39,422.32
Lateral visual area/ layer 1,VISl1,421,left,all,1136,2128.88,454.012,1136,2128.88,454.012
Lateral visual area/ layer 1,VISl1,421,right,all,843,1876.41,341.356,843,1876.41,341.356
Lateral visual area/ layer 2/3,VISl2/3,973,left,all,3311,2067.88,483.538,3311,2067.88,483.538
Lateral visual area/ layer 2/3,VISl2/3,973,right,all,1766,1909.62,392.603,1766,1909.62,392.603
Lateral visual area/ layer 4,VISl4,573,left,all,1842,2631.3,521.408,1842,2631.3,521.408
Lateral visual area/ layer 4,VISl4,573,right,all,1330,2341.14,443.781,1330,2341.14,443.781
Lateral visual area/ layer 5,VISl5,613,left,all,3390,2859.56,521.489,3390,2859.56,521.489
Lateral visual area/ layer 5,VISl5,613,right,all,2484,2875.8,459.964,2484,2875.8,459.964
Lateral visual area/ layer 6a,VISl6a,74,left,all,2072,2187.49,496.346,2072,2187.49,496.346
Lateral visual area/ layer 6a,VISl6a,74,right,all,1885,2256.37,422.824,1885,2256.37,422.824
Lateral visual area/ layer 6b,VISl6b,121,left,all,98,2426.65,491.173,98,2426.65,491.173
Lateral visual area/ layer 6b,VISl6b,121,right,all,53,2107.15,379.566,53,2107.15,379.566
Primary visual area,VISp,385,left,all,33016,2508.93,512.507,33016,2508.93,512.507
Primary visual area,VISp,385,right,all,24309,2217.27,417.935,24309,2217.27,417.935
Primary visual area/ layer 1,VISp1,593,left,all,921,2546.87,455.514,921,2546.87,455.514
Primary visual area/ layer 1,VISp1,593,right,all,611,1930.03,360.396,611,1930.03,360.396
Primary visual area/ layer 2/3,VISp2/3,821,left,all,3790,2280.75,473.137,3790,2280.75,473.137
Primary visual area/ layer 2/3,VISp2/3,821,right,all,1685,1764.98,357.327,1685,1764.98,357.327
Primary visual area/ layer 4,VISp4,721,left,all,4498,2542.48,558.971,4498,2542.48,558.971
Primary visual area/ layer 4,VISp4,721,right,all,2138,1930.86,384.179,2138,1930.86,384.179
Primary visual area/ layer 5,VISp5,778,left,all,11170,2553.98,507.404,11170,2553.98,507.404
Primary visual area/ layer 5,VISp5,778,right,all,7694,2235.59,419.535,7694,2235.59,419.535
Primary visual area/ layer 6a,VISp6a,33,left,all,10804,2515.34,512.53,10804,2515.34,512.53
Primary visual area/ layer 6a,VISp6a,33,right,all,10286,2320.48,431.787,10286,2320.48,431.787
Primary visual area/ layer 6b,VISp6b,305,left,all,1833,2566.97,539.493,1833,2566.97,539.493
Primary visual area/ layer 6b,VISp6b,305,right,all,1895,2400.61,446.78,1895,2400.61,446.78
Posterolateral visual area,VISpl,425,left,all,8373,2949.9,491.595,8373,2949.9,491.595
Posterolateral visual area,VISpl,425,right,all,7287,2195.62,391.188,7287,2195.62,391.188
Posterolateral visual area/ layer 1,VISpl1,750,left,all,1693,3073.54,478.819,1693,3073.54,478.819
Posterolateral visual area/ layer 1,VISpl1,750,right,all,1582,1898.58,372.046,1582,1898.58,372.046
Posterolateral visual area/ layer 2/3,VISpl2/3,269,left,all,2752,2766.74,514.311,2752,2766.74,514.311
Posterolateral visual area/ layer 2/3,VISpl2/3,269,right,all,2125,2015.12,390.992,2125,2015.12,390.992
Posterolateral visual area/ layer 4,VISpl4,869,left,all,413,2950.26,496.877,413,2950.26,496.877
Posterolateral visual area/ layer 4,VISpl4,869,right,all,281,2195.28,406.523,281,2195.28,406.523
Posterolateral visual area/ layer 5,VISpl5,902,left,all,2477,3220.01,490.017,2477,3220.01,490.017
Posterolateral visual area/ layer 5,VISpl5,902,right,all,2264,2618.7,411.535,2264,2618.7,411.535
Posterolateral visual area/ layer 6a,VISpl6a,377,left,all,983,2566.54,452.503,983,2566.54,452.503
Posterolateral visual area/ layer 6a,VISpl6a,377,right,all,951,2125.92,373.567,951,2125.92,373.567
Posterolateral visual area/ layer 6b,VISpl6b,393,left,all,55,2993.21,478.255,55,2993.21,478.255
Posterolateral visual area/ layer 6b,VISpl6b,393,right,all,84,1743.63,356.429,84,1743.63,356.429
posteromedial visual area,VISpm,533,left,all,1320,2133.56,467.715,1320,2133.56,467.715
posteromedial visual area,VISpm,533,right,all,515,2147.04,413.771,515,2147.04,413.771
posteromedial visual area/ layer 1,VISpm1,805,left,all,0,0,0,0,0,0
posteromedial visual area/ layer 1,VISpm1,805,right,all,0,0,0,0,0,0
posteromedial visual area/ layer 2/3,VISpm2/3,41,left,all,0,0,0,0,0,0
posteromedial visual area/ layer 2/3,VISpm2/3,41,right,all,0,0,0,0,0,0
posteromedial visual area/ layer 4,VISpm4,501,left,all,0,0,0,0,0,0
posteromedial visual area/ layer 4,VISpm4,501,right,all,0,0,0,0,0,0
posteromedial visual area/ layer 5,VISpm5,565,left,all,181,2329.58,443.762,181,2329.58,443.762
posteromedial visual area/ layer 5,VISpm5,565,right,all,0,0,0,0,0,0
posteromedial visual area/ layer 6a,VISpm6a,257,left,all,900,2099.23,464.417,900,2099.23,464.417
posteromedial visual area/ layer 6a,VISpm6a,257,right,all,314,2133.1,406.987,314,2133.1,406.987
posteromedial visual area/ layer 6b,VISpm6b,469,left,all,239,2114.37,498.276,239,2114.37,498.276
posteromedial visual area/ layer 6b,VISpm6b,469,right,all,201,2168.81,424.368,201,2168.81,424.368
Laterointermediate area,VISli,312782574,left,all,5108,2285.92,487.895,5108,2285.92,487.895
Laterointermediate area,VISli,312782574,right,all,3675,2357.73,415.01,3675,2357.73,415.01
Laterointermediate area/ layer 1,VISli1,312782578,left,all,412,2085.78,445.874,412,2085.78,445.874
Laterointermediate area/ layer 1,VISli1,312782578,right,all,488,1827.28,360.908,488,1827.28,360.908
Laterointermediate area/ layer 2/3,VISli2/3,312782582,left,all,1297,1985.93,472.449,1297,1985.93,472.449
Laterointermediate area/ layer 2/3,VISli2/3,312782582,right,all,907,2068.63,395.923,907,2068.63,395.923
Laterointermediate area/ layer 4,VISli4,312782586,left,all,717,2423.13,502.142,717,2423.13,502.142
Laterointermediate area/ layer 4,VISli4,312782586,right,all,496,2813.45,442.234,496,2813.45,442.234
Laterointermediate area/ layer 5,VISli5,312782590,left,all,1858,2548.08,498.378,1858,2548.08,498.378
Laterointermediate area/ layer 5,VISli5,312782590,right,all,1150,2756.64,440.536,1150,2756.64,440.536
Laterointermediate area/ layer 6a,VISli6a,312782594,left,all,779,2132.31,496.299,779,2132.31,496.299
Laterointermediate area/ layer 6a,VISli6a,312782594,right,all,623,2104.02,417.3,623,2104.02,417.3
Laterointermediate area/ layer 6b,VISli6b,312782598,left,all,45,2413.99,512.444,45,2413.99,512.444
Laterointermediate area/ layer 6b,VISli6b,312782598,right,all,11,1844.51,363.182,11,1844.51,363.182
Postrhinal area,VISpor,312782628,left,all,12450,3041,487.896,12450,3041,487.896
Postrhinal area,VISpor,312782628,right,all,10039,2169.06,366.943,10039,2169.06,366.943
Postrhinal area/ layer 1,VISpor1,312782632,left,all,1551,2746.91,451.9,1551,2746.91,451.9
Postrhinal area/ layer 1,VISpor1,312782632,right,all,1304,1893.46,341.432,1304,1893.46,341.432
Postrhinal area/ layer 2/3,VISpor2/3,312782636,left,all,4100,3229.04,506.781,4100,3229.04,506.781
Postrhinal area/ layer 2/3,VISpor2/3,312782636,right,all,3190,1988.13,357.226,3190,1988.13,357.226
Postrhinal area/ layer 4,VISpor4,312782640,left,all,642,2522.6,451.382,642,2522.6,451.382
Postrhinal area/ layer 4,VISpor4,312782640,right,all,520,2358.86,381.125,520,2358.86,381.125
Postrhinal area/ layer 5,VISpor5,312782644,left,all,4274,3257.13,489.303,4274,3257.13,489.303
Postrhinal area/ layer 5,VISpor5,312782644,right,all,3388,2459.61,381.081,3388,2459.61,381.081
Postrhinal area/ layer 6a,VISpor6a,312782648,left,all,1808,2535.41,484.483,1808,2535.41,484.483
Postrhinal area/ layer 6a,VISpor6a,312782648,right,all,1531,2075.42,372.619,1531,2075.42,372.619
Postrhinal area/ layer 6b,VISpor6b,312782652,left,all,75,3152.12,514.467,75,3152.12,514.467
Postrhinal area/ layer 6b,VISpor6b,312782652,right,all,106,2139.72,369.792,106,2139.72,369.792
Anterior cingulate area,ACA,31,left,all,44942,2796.51,539.59,44942,2796.51,539.59
Anterior cingulate area,ACA,31,right,all,41671,2921.52,543.238,41671,2921.52,543.238
Anterior cingulate area/ dorsal part,ACAd,39,left,all,31568,2842.53,536.045,31568,2842.53,536.045
Anterior cingulate area/ dorsal part,ACAd,39,right,all,26814,2940.99,535.815,26814,2940.99,535.815
Anterior cingulate area/ dorsal part/ layer 1,ACAd1,935,left,all,3596,2337.94,493.928,3596,2337.94,493.928
Anterior cingulate area/ dorsal part/ layer 1,ACAd1,935,right,all,2433,3087.3,487.096,2433,3087.3,487.096
Anterior cingulate area/ dorsal part/ layer 2/3,ACAd2/3,211,left,all,7531,2698.58,525.817,7531,2698.58,525.817
Anterior cingulate area/ dorsal part/ layer 2/3,ACAd2/3,211,right,all,5392,2532.66,515.57,5392,2532.66,515.57
Anterior cingulate area/ dorsal part/ layer 5,ACAd5,1015,left,all,14280,3245.26,557.203,14280,3245.26,557.203
Anterior cingulate area/ dorsal part/ layer 5,ACAd5,1015,right,all,12781,3214.75,557.913,12781,3214.75,557.913
Anterior cingulate area/ dorsal part/ layer 6a,ACAd6a,919,left,all,6098,2383.53,524.502,6098,2383.53,524.502
Anterior cingulate area/ dorsal part/ layer 6a,ACAd6a,919,right,all,6149,2681.2,527.637,6149,2681.2,527.637
Anterior cingulate area/ dorsal part/ layer 6b,ACAd6b,927,left,all,63,1996.72,483.921,63,1996.72,483.921
Anterior cingulate area/ dorsal part/ layer 6b,ACAd6b,927,right,all,59,1997.32,460.339,59,1997.32,460.339
Anterior cingulate area/ ventral part,ACAv,48,left,all,13374,2687.86,547.958,13374,2687.86,547.958
Anterior cingulate area/ ventral part,ACAv,48,right,all,14857,2886.37,556.636,14857,2886.37,556.636
Anterior cingulate area/ ventral part/ layer 1,ACAv1,588,left,all,2074,4402.78,631.743,2074,4402.78,631.743
Anterior cingulate area/ ventral part/ layer 1,ACAv1,588,right,all,2670,4864.83,613.482,2670,4864.83,613.482
Anterior cingulate area/ ventral part/ layer 2/3,ACAv2/3,296,left,all,3576,2362.01,538.187,3576,2362.01,538.187
Anterior cingulate area/ ventral part/ layer 2/3,ACAv2/3,296,right,all,3369,2149.74,542.271,3369,2149.74,542.271
Anterior cingulate area/ ventral part/ layer 5,ACAv5,772,left,all,6449,2466,537.551,6449,2466,537.551
Anterior cingulate area/ ventral part/ layer 5,ACAv5,772,right,all,7105,2662.44,554.912,7105,2662.44,554.912
Anterior cingulate area/ ventral part/ 6a,ACAv6a,810,left,all,1078,1987.62,498.643,1078,1987.62,498.643
Anterior cingulate area/ ventral part/ 6a,ACAv6a,810,right,all,1553,2231.7,509.504,1553,2231.7,509.504
Anterior cingulate area/ ventral part/ 6b,ACAv6b,819,left,all,197,1642.73,453.777,197,1642.73,453.777
Anterior cingulate area/ ventral part/ 6b,ACAv6b,819,right,all,160,1679.9,444.475,160,1679.9,444.475
Prelimbic area,PL,972,left,all,22181,2803.87,493.979,22181,2803.87,493.979
Prelimbic area,PL,972,right,all,17693,2927.8,485.112,17693,2927.8,485.112
Prelimbic area/ layer 1,PL1,171,left,all,2342,2955.74,443.063,2342,2955.74,443.063
Prelimbic area/ layer 1,PL1,171,right,all,2094,5184.84,535.896,2094,5184.84,535.896
Prelimbic area/ layer 2/3,PL2/3,304,left,all,4297,2267.2,459.703,4297,2267.2,459.703
Prelimbic area/ layer 2/3,PL2/3,304,right,all,3357,2128.84,437.545,3357,2128.84,437.545
Prelimbic area/ layer 5,PL5,363,left,all,11894,3075.79,509.695,11894,3075.79,509.695
Prelimbic area/ layer 5,PL5,363,right,all,9179,2831.98,485.902,9179,2831.98,485.902
Prelimbic area/ layer 6a,PL6a,84,left,all,3578,2454.77,515.817,3578,2454.77,515.817
Prelimbic area/ layer 6a,PL6a,84,right,all,3036,2554.38,500.834,3036,2554.38,500.834
Prelimbic area/ layer 6b,PL6b,132,left,all,70,2305.98,514.829,70,2305.98,514.829
Prelimbic area/ layer 6b,PL6b,132,right,all,27,1783.2,424.185,27,1783.2,424.185
Infralimbic area,ILA,44,left,all,5870,2848.73,530.139,5870,2848.73,530.139
Infralimbic area,ILA,44,right,all,5413,4273.75,576.681,5413,4273.75,576.681
Infralimbic area/ layer 1,ILA1,707,left,all,527,7563.42,732.334,527,7563.42,732.334
Infralimbic area/ layer 1,ILA1,707,right,all,824,15334.4,1052.81,824,15334.4,1052.81
Infralimbic area/ layer 2/3,ILA2/3,556,left,all,962,2451.36,519.812,962,2451.36,519.812
Infralimbic area/ layer 2/3,ILA2/3,556,right,all,831,2230.44,498.173,831,2230.44,498.173
Infralimbic area/ layer 5,ILA5,827,left,all,3195,2391.85,511.177,3195,2391.85,511.177
Infralimbic area/ layer 5,ILA5,827,right,all,2670,2278.68,491.863,2670,2278.68,491.863
Infralimbic area/ layer 6a,ILA6a,1054,left,all,1153,2316.12,500.807,1153,2316.12,500.807
Infralimbic area/ layer 6a,ILA6a,1054,right,all,1040,2385.16,486.49,1040,2385.16,486.49
Infralimbic area/ layer 6b,ILA6b,1081,left,all,33,1984.38,462.848,33,1984.38,462.848
Infralimbic area/ layer 6b,ILA6b,1081,right,all,48,1669.47,434.438,48,1669.47,434.438
Orbital area,ORB,714,left,all,50441,3048.24,538.3,50441,3048.24,538.3
Orbital area,ORB,714,right,all,39860,3042.23,502.656,39860,3042.23,502.656
Orbital area/ lateral part,ORBl,723,left,all,21888,3387.05,583.422,21888,3387.05,583.422
Orbital area/ lateral part,ORBl,723,right,all,17510,3292.04,540.972,17510,3292.04,540.972
Orbital area/ lateral part/ layer 1,ORBl1,448,left,all,2489,6138.83,730.687,2489,6138.83,730.687
Orbital area/ lateral part/ layer 1,ORBl1,448,right,all,2240,5668.27,664.716,2240,5668.27,664.716
Orbital area/ lateral part/ layer 2/3,ORBl2/3,412,left,all,5119,3983.81,623.343,5119,3983.81,623.343
Orbital area/ lateral part/ layer 2/3,ORBl2/3,412,right,all,4100,4170.18,608.891,4100,4170.18,608.891
Orbital area/ lateral part/ layer 5,ORBl5,630,left,all,10437,2814.41,547.78,10437,2814.41,547.78
Orbital area/ lateral part/ layer 5,ORBl5,630,right,all,8761,2599.23,495.688,8761,2599.23,495.688
Orbital area/ lateral part/ layer 6a,ORBl6a,440,left,all,3647,2387.7,530.769,3647,2387.7,530.769
Orbital area/ lateral part/ layer 6a,ORBl6a,440,right,all,2300,2132.88,474.068,2300,2132.88,474.068
Orbital area/ lateral part/ layer 6b,ORBl6b,488,left,all,196,1944.93,548.398,196,1944.93,548.398
Orbital area/ lateral part/ layer 6b,ORBl6b,488,right,all,109,1573.37,494.615,109,1573.37,494.615
Orbital area/ medial part,ORBm,731,left,all,13285,2816.51,500.683,13285,2816.51,500.683
Orbital area/ medial part,ORBm,731,right,all,10250,3351.43,491.045,10250,3351.43,491.045
Orbital area/ medial part/ layer 1,ORBm1,484,left,all,2446,3105.52,462.09,2446,3105.52,462.09
Orbital area/ medial part/ layer 1,ORBm1,484,right,all,2386,6550.37,573.789,2386,6550.37,573.789
Orbital area/ medial part/ layer 2/3,ORBm2/3,582,left,all,3570,2594.11,488.892,3570,2594.11,488.892
Orbital area/ medial part/ layer 2/3,ORBm2/3,582,right,all,2694,2330.39,454.432,2694,2330.39,454.432
Orbital area/ medial part/ layer 5,ORBm5,620,left,all,5851,2884.2,520.661,5851,2884.2,520.661
Orbital area/ medial part/ layer 5,ORBm5,620,right,all,3963,2449.69,471.729,3963,2449.69,471.729
Orbital area/ medial part/ layer 6a,ORBm6a,910,left,all,1413,2603.47,514.585,1413,2603.47,514.585
Orbital area/ medial part/ layer 6a,ORBm6a,910,right,all,1193,2275.39,472.587,1193,2275.39,472.587
Orbital area/ medial part/ layer 6b,ORBm6b,527696977,left,all,5,1205.75,492,5,1205.75,492
Orbital area/ medial part/ layer 6b,ORBm6b,527696977,right,all,14,1593.25,475.5,14,1593.25,475.5
Orbital area/ ventrolateral part,ORBvl,746,left,all,15268,2764.16,506.346,15268,2764.16,506.346
Orbital area/ ventrolateral part,ORBvl,746,right,all,12100,2418.81,457.044,12100,2418.81,457.044
Orbital area/ ventrolateral part/ layer 1,ORBvl1,969,left,all,2184,2932.81,482.172,2184,2932.81,482.172
Orbital area/ ventrolateral part/ layer 1,ORBvl1,969,right,all,2142,2456.21,433.602,2142,2456.21,433.602
Orbital area/ ventrolateral part/ layer 2/3,ORBvl2/3,288,left,all,4634,2714.66,500.092,4634,2714.66,500.092
Orbital area/ ventrolateral part/ layer 2/3,ORBvl2/3,288,right,all,3827,2496.57,465.21,3827,2496.57,465.21
Orbital area/ ventrolateral part/ layer 5,ORBvl5,1125,left,all,6820,2802.5,518.916,6820,2802.5,518.916
Orbital area/ ventrolateral part/ layer 5,ORBvl5,1125,right,all,5092,2392.12,462.891,5092,2392.12,462.891
Orbital area/ ventrolateral part/ layer 6a,ORBvl6a,608,left,all,1612,2523.19,504.017,1612,2523.19,504.017
Orbital area/ ventrolateral part/ layer 6a,ORBvl6a,608,right,all,1027,2191.98,446.451,1027,2191.98,446.451
Orbital area/ ventrolateral part/ layer 6b,ORBvl6b,680,left,all,18,2093.51,494.889,18,2093.51,494.889
Orbital area/ ventrolateral part/ layer 6b,ORBvl6b,680,right,all,12,1683.26,462.333,12,1683.26,462.333
Agranular insular area,AI,95,left,all,75695,2920.38,546.907,75695,2920.38,546.907
Agranular insular area,AI,95,right,all,69245,3038.17,471.375,69245,3038.17,471.375
Agranular insular area/ dorsal part,AId,104,left,all,37552,2940.52,545.077,37552,2940.52,545.077
Agranular insular area/ dorsal part,AId,104,right,all,33709,3298.69,499.058,33709,3298.69,499.058
Agranular insular area/ dorsal part/ layer 1,AId1,996,left,all,3570,3557.62,490.963,3570,3557.62,490.963
Agranular insular area/ dorsal part/ layer 1,AId1,996,right,all,2613,5186.35,563.372,2613,5186.35,563.372
Agranular insular area/ dorsal part/ layer 2/3,AId2/3,328,left,all,7707,3068,530.26,7707,3068,530.26
Agranular insular area/ dorsal part/ layer 2/3,AId2/3,328,right,all,9086,3324.27,470.844,9086,3324.27,470.844
Agranular insular area/ dorsal part/ layer 5,AId5,1101,left,all,18032,3030.09,550.759,18032,3030.09,550.759
Agranular insular area/ dorsal part/ layer 5,AId5,1101,right,all,16947,3263.37,504.573,16947,3263.37,504.573
Agranular insular area/ dorsal part/ layer 6a,AId6a,783,left,all,7783,2372.36,566.85,7783,2372.36,566.85
Agranular insular area/ dorsal part/ layer 6a,AId6a,783,right,all,4864,2408.49,497.797,4864,2408.49,497.797
Agranular insular area/ dorsal part/ layer 6b,AId6b,831,left,all,460,2117.35,622.211,460,2117.35,622.211
Agranular insular area/ dorsal part/ layer 6b,AId6b,831,right,all,199,2111.79,504,199,2111.79,504
Agranular insular area/ posterior part,AIp,111,left,all,19495,2936.01,541.792,19495,2936.01,541.792
Agranular insular area/ posterior part,AIp,111,right,all,21063,2708.91,413.869,21063,2708.91,413.869
Agranular insular area/ posterior part/ layer 1,AIp1,120,left,all,2565,2380.29,493.891,2565,2380.29,493.891
Agranular insular area/ posterior part/ layer 1,AIp1,120,right,all,2958,2926.49,414.793,2958,2926.49,414.793
Agranular insular area/ posterior part/ layer 2/3,AIp2/3,163,left,all,7705,3128.57,582.234,7705,3128.57,582.234
Agranular insular area/ posterior part/ layer 2/3,AIp2/3,163,right,all,8103,3011.31,411.595,8103,3011.31,411.595
Agranular insular area/ posterior part/ layer 5,AIp5,344,left,all,5141,2971.04,515.487,5141,2971.04,515.487
Agranular insular area/ posterior part/ layer 5,AIp5,344,right,all,6837,2539.61,409.09,6837,2539.61,409.09
Agranular insular area/ posterior part/ layer 6a,AIp6a,314,left,all,3908,2877.68,528.278,3908,2877.68,528.278
Agranular insular area/ posterior part/ layer 6a,AIp6a,314,right,all,3062,2101.78,428.73,3062,2101.78,428.73
Agranular insular area/ posterior part/ layer 6b,AIp6b,355,left,all,176,2876.75,537.824,176,2876.75,537.824
Agranular insular area/ posterior part/ layer 6b,AIp6b,355,right,all,103,1957.8,441.641,103,1957.8,441.641
Agranular insular area/ ventral part,AIv,119,left,all,18648,2863.49,555.939,18648,2863.49,555.939
Agranular insular area/ ventral part,AIv,119,right,all,14473,2910.55,490.59,14473,2910.55,490.59
Agranular insular area/ ventral part/ layer 1,AIv1,704,left,all,2337,2926.78,522.756,2337,2926.78,522.756
Agranular insular area/ ventral part/ layer 1,AIv1,704,right,all,1669,2785.98,454.519,1669,2785.98,454.519
Agranular insular area/ ventral part/ layer 2/3,AIv2/3,694,left,all,7869,3268.63,571.607,7869,3268.63,571.607
Agranular insular area/ ventral part/ layer 2/3,AIv2/3,694,right,all,5705,3321.37,496.279,5705,3321.37,496.279
Agranular insular area/ ventral part/ layer 5,AIv5,800,left,all,7149,2542.59,547.01,7149,2542.59,547.01
Agranular insular area/ ventral part/ layer 5,AIv5,800,right,all,6071,2672.36,494.608,6071,2672.36,494.608
Agranular insular area/ ventral part/ layer 6a,AIv6a,675,left,all,1266,2059.51,568.552,1266,2059.51,568.552
Agranular insular area/ ventral part/ layer 6a,AIv6a,675,right,all,1013,2244.36,493.64,1013,2244.36,493.64
Agranular insular area/ ventral part/ layer 6b,AIv6b,699,left,all,27,1972.21,634.296,27,1972.21,634.296
Agranular insular area/ ventral part/ layer 6b,AIv6b,699,right,all,15,1913.58,508.467,15,1913.58,508.467
Retrosplenial area,RSP,254,left,all,58691,2798.47,546.265,58691,2798.47,546.265
Retrosplenial area,RSP,254,right,all,43789,2672.59,516.576,43789,2672.59,516.576
Retrosplenial area/ lateral agranular part,RSPagl,894,left,all,5995,2621.7,469.842,5995,2621.7,469.842
Retrosplenial area/ lateral agranular part,RSPagl,894,right,all,4297,2337.21,429.708,4297,2337.21,429.708
Retrosplenial area/ lateral agranular part/ layer 1,RSPagl1,671,left,all,520,2733.64,464.7,520,2733.64,464.7
Retrosplenial area/ lateral agranular part/ layer 1,RSPagl1,671,right,all,386,2001.72,373.326,386,2001.72,373.326
Retrosplenial area/ lateral agranular part/ layer 2/3,RSPagl2/3,965,left,all,742,2299.83,473.823,742,2299.83,473.823
Retrosplenial area/ lateral agranular part/ layer 2/3,RSPagl2/3,965,right,all,534,1960.31,388.519,534,1960.31,388.519
Retrosplenial area/ lateral agranular part/ layer 5,RSPagl5,774,left,all,1173,2627.5,468.546,1173,2627.5,468.546
Retrosplenial area/ lateral agranular part/ layer 5,RSPagl5,774,right,all,651,2251.39,394.737,651,2251.39,394.737
Retrosplenial area/ lateral agranular part/ layer 6a,RSPagl6a,906,left,all,3138,2661.1,466.169,3138,2661.1,466.169
Retrosplenial area/ lateral agranular part/ layer 6a,RSPagl6a,906,right,all,2378,2444.48,447.069,2378,2444.48,447.069
Retrosplenial area/ lateral agranular part/ layer 6b,RSPagl6b,279,left,all,422,2740.71,500.092,422,2740.71,500.092
Retrosplenial area/ lateral agranular part/ layer 6b,RSPagl6b,279,right,all,348,2715.22,502.244,348,2715.22,502.244
Retrosplenial area/ dorsal part,RSPd,879,left,all,9944,2547.26,471.558,9944,2547.26,471.558
Retrosplenial area/ dorsal part,RSPd,879,right,all,6538,2243.33,425.046,6538,2243.33,425.046
Retrosplenial area/ dorsal part/ layer 1,RSPd1,442,left,all,1216,2274.1,422.422,1216,2274.1,422.422
Retrosplenial area/ dorsal part/ layer 1,RSPd1,442,right,all,949,1782.37,362.992,949,1782.37,362.992
Retrosplenial area/ dorsal part/ layer 2/3,RSPd2/3,434,left,all,1251,2103.87,453.977,1251,2103.87,453.977
Retrosplenial area/ dorsal part/ layer 2/3,RSPd2/3,434,right,all,801,1918.13,386.045,801,1918.13,386.045
Retrosplenial area/ dorsal part/ layer 4,RSPd4,545,left,all,0,0,0,0,0,0
Retrosplenial area/ dorsal part/ layer 4,RSPd4,545,right,all,0,0,0,0,0,0
Retrosplenial area/ dorsal part/ layer 5,RSPd5,610,left,all,2714,2545.52,474.738,2714,2545.52,474.738
Retrosplenial area/ dorsal part/ layer 5,RSPd5,610,right,all,1904,2266.29,412.516,1904,2266.29,412.516
Retrosplenial area/ dorsal part/ layer 6a,RSPd6a,274,left,all,4374,2734.73,484.321,4374,2734.73,484.321
Retrosplenial area/ dorsal part/ layer 6a,RSPd6a,274,right,all,2644,2461.28,459.384,2644,2461.28,459.384
Retrosplenial area/ dorsal part/ layer 6b,RSPd6b,330,left,all,389,2731.39,516.008,389,2731.39,516.008
Retrosplenial area/ dorsal part/ layer 6b,RSPd6b,330,right,all,240,2568.2,521.708,240,2568.2,521.708
Retrosplenial area/ ventral part,RSPv,886,left,all,42752,2881.69,574.358,42752,2881.69,574.358
Retrosplenial area/ ventral part,RSPv,886,right,all,32954,2801.49,546.063,32954,2801.49,546.063
Retrosplenial area/ ventral part/ layer 1,RSPv1,542,left,all,7233,2542,557.192,7233,2542,557.192
Retrosplenial area/ ventral part/ layer 1,RSPv1,542,right,all,5847,2406.71,500.759,5847,2406.71,500.759
Retrosplenial area/ ventral part/ layer 2/3,RSPv2/3,430,left,all,9133,3210.31,595.861,9133,3210.31,595.861
Retrosplenial area/ ventral part/ layer 2/3,RSPv2/3,430,right,all,5755,2481.18,526.982,5755,2481.18,526.982
Retrosplenial area/ ventral part/ layer 5,RSPv5,687,left,all,17766,2964.62,581.388,17766,2964.62,581.388
Retrosplenial area/ ventral part/ layer 5,RSPv5,687,right,all,14253,2988.14,567.407,14253,2988.14,567.407
Retrosplenial area/ ventral part/ layer 6a,RSPv6a,590,left,all,7978,2638.08,551.095,7978,2638.08,551.095
Retrosplenial area/ ventral part/ layer 6a,RSPv6a,590,right,all,6483,2995.64,553.592,6483,2995.64,553.592
Retrosplenial area/ ventral part/ layer 6b,RSPv6b,622,left,all,642,2766.06,556.411,642,2766.06,556.411
Retrosplenial area/ ventral part/ layer 6b,RSPv6b,622,right,all,616,3179.13,581.24,616,3179.13,581.24
Posterior parietal association areas,PTLp,22,left,all,14627,3145.34,569.838,14627,3145.34,569.838
Posterior parietal association areas,PTLp,22,right,all,10480,2785.63,468.645,10480,2785.63,468.645
Anterior area,VISa,312782546,left,all,6672,3012.67,547.507,6672,3012.67,547.507
Anterior area,VISa,312782546,right,all,4263,2508.97,442.03,4263,2508.97,442.03
Anterior area/ layer 1,VISa1,312782550,left,all,0,0,0,0,0,0
Anterior area/ layer 1,VISa1,312782550,right,all,0,0,0,0,0,0
Anterior area/ layer 2/3,VISa2/3,312782554,left,all,0,0,0,0,0,0
Anterior area/ layer 2/3,VISa2/3,312782554,right,all,0,0,0,0,0,0
Anterior area/ layer 4,VISa4,312782558,left,all,221,2947.54,513.824,221,2947.54,513.824
Anterior area/ layer 4,VISa4,312782558,right,all,3,2009.92,319.667,3,2009.92,319.667
Anterior area/ layer 5,VISa5,312782562,left,all,2569,2598.15,505.665,2569,2598.15,505.665
Anterior area/ layer 5,VISa5,312782562,right,all,966,2439.27,400.46,966,2439.27,400.46
Anterior area/ layer 6a,VISa6a,312782566,left,all,3223,3130.21,567.303,3223,3130.21,567.303
Anterior area/ layer 6a,VISa6a,312782566,right,all,2656,2467.95,448.875,2656,2467.95,448.875
Anterior area/ layer 6b,VISa6b,312782570,left,all,659,4075.58,625.099,659,4075.58,625.099
Anterior area/ layer 6b,VISa6b,312782570,right,all,638,2787.6,477.052,638,2787.6,477.052
Rostrolateral visual area,VISrl,417,left,all,7955,3256.61,588.568,7955,3256.61,588.568
Rostrolateral visual area,VISrl,417,right,all,6217,2975.33,486.895,6217,2975.33,486.895
Rostrolateral area/ layer 1,VISrl1,312782604,left,all,39,3600.15,519.615,39,3600.15,519.615
Rostrolateral area/ layer 1,VISrl1,312782604,right,all,20,2538.39,300.45,20,2538.39,300.45
Rostrolateral area/ layer 2/3,VISrl2/3,312782608,left,all,767,2515.27,515.548,767,2515.27,515.548
Rostrolateral area/ layer 2/3,VISrl2/3,312782608,right,all,445,2088.92,394.357,445,2088.92,394.357
Rostrolateral area/ layer 4,VISrl4,312782612,left,all,1588,2694.34,539.67,1588,2694.34,539.67
Rostrolateral area/ layer 4,VISrl4,312782612,right,all,897,2336.84,440.817,897,2336.84,440.817
Rostrolateral area/ layer 5,VISrl5,312782616,left,all,3191,3376.17,603.737,3191,3376.17,603.737
Rostrolateral area/ layer 5,VISrl5,312782616,right,all,2852,2953.22,493.659,2852,2953.22,493.659
Rostrolateral area/ layer 6a,VISrl6a,312782620,left,all,2026,3777.63,629.317,2026,3777.63,629.317
Rostrolateral area/ layer 6a,VISrl6a,312782620,right,all,1709,3579.14,524.368,1709,3579.14,524.368
Rostrolateral area/ layer 6b,VISrl6b,312782624,left,all,344,3288.59,604.209,344,3288.59,604.209
Rostrolateral area/ layer 6b,VISrl6b,312782624,right,all,294,2999.35,496.779,294,2999.35,496.779
Temporal association areas,TEa,541,left,all,28635,2579.16,519.106,28635,2579.16,519.106
Temporal association areas,TEa,541,right,all,28235,2517.53,414.744,28235,2517.53,414.744
Temporal association areas/ layer 1,TEa1,97,left,all,2756,2290.34,429.735,2756,2290.34,429.735
Temporal association areas/ layer 1,TEa1,97,right,all,2854,1840.54,350.501,2854,1840.54,350.501
Temporal association areas/ layer 2/3,TEa2/3,1127,left,all,5343,2162.9,483.981,5343,2162.9,483.981
Temporal association areas/ layer 2/3,TEa2/3,1127,right,all,6738,2178.23,379.76,6738,2178.23,379.76
Temporal association areas/ layer 4,TEa4,234,left,all,3220,2345.22,507.927,3220,2345.22,507.927
Temporal association areas/ layer 4,TEa4,234,right,all,3419,3029.87,430.37,3419,3029.87,430.37
Temporal association areas/ layer 5,TEa5,289,left,all,11403,2874.15,542.625,11403,2874.15,542.625
Temporal association areas/ layer 5,TEa5,289,right,all,11447,2770.69,440.741,11447,2770.69,440.741
Temporal association areas/ layer 6a,TEa6a,729,left,all,5493,2648.79,555.181,5493,2648.79,555.181
Temporal association areas/ layer 6a,TEa6a,729,right,all,3393,2420.79,433.203,3393,2420.79,433.203
Temporal association areas/ layer 6b,TEa6b,786,left,all,420,2643.54,527.74,420,2643.54,527.74
Temporal association areas/ layer 6b,TEa6b,786,right,all,384,2249.46,428.88,384,2249.46,428.88
Perirhinal area,PERI,922,left,all,6581,3713.48,557.372,6581,3713.48,557.372
Perirhinal area,PERI,922,right,all,7187,3514.9,442.439,7187,3514.9,442.439
Perirhinal area/ layer 1,PERI1,540,left,all,1067,3605.33,547.192,1067,3605.33,547.192
Perirhinal area/ layer 1,PERI1,540,right,all,1634,4253.23,463.645,1634,4253.23,463.645
Perirhinal area/ layer 2/3,PERI2/3,888,left,all,3345,4083.58,585.357,3345,4083.58,585.357
Perirhinal area/ layer 2/3,PERI2/3,888,right,all,3238,3689.84,444.99,3238,3689.84,444.99
Perirhinal area/ layer 5,PERI5,692,left,all,1507,3383.73,523.859,1507,3383.73,523.859
Perirhinal area/ layer 5,PERI5,692,right,all,1747,2809.78,424.322,1747,2809.78,424.322
Perirhinal area/ layer 6a,PERI6a,335,left,all,490,2745.31,504.012,490,2745.31,504.012
Perirhinal area/ layer 6a,PERI6a,335,right,all,451,2574.12,421.976,451,2574.12,421.976
Perirhinal area/ layer 6b,PERI6b,368,left,all,172,2833.93,521.942,172,2833.93,521.942
Perirhinal area/ layer 6b,PERI6b,368,right,all,117,2517.09,425.043,117,2517.09,425.043
Ectorhinal area,ECT,895,left,all,15966,3656.08,571.82,15966,3656.08,571.82
Ectorhinal area,ECT,895,right,all,15558,2627.28,412.327,15558,2627.28,412.327
Ectorhinal area/Layer 1,ECT1,836,left,all,1456,3355.83,506.189,1456,3355.83,506.189
Ectorhinal area/Layer 1,ECT1,836,right,all,1301,2270.59,365.809,1301,2270.59,365.809
Ectorhinal area/Layer 2/3,ECT2/3,427,left,all,4246,4445.87,611.401,4246,4445.87,611.401
Ectorhinal area/Layer 2/3,ECT2/3,427,right,all,4814,2601.57,390.715,4814,2601.57,390.715
Ectorhinal area/Layer 5,ECT5,988,left,all,5316,3753.28,562.958,5316,3753.28,562.958
Ectorhinal area/Layer 5,ECT5,988,right,all,6369,2828.29,434.551,6369,2828.29,434.551
Ectorhinal area/Layer 6a,ECT6a,977,left,all,4426,3009.28,570.788,4426,3009.28,570.788
Ectorhinal area/Layer 6a,ECT6a,977,right,all,2706,2406.15,419.626,2706,2406.15,419.626
Ectorhinal area/Layer 6b,ECT6b,1045,left,all,522,2563.71,531.935,522,2563.71,531.935
Ectorhinal area/Layer 6b,ECT6b,1045,right,all,368,2371.94,421.19,368,2371.94,421.19
Olfactory areas,OLF,698,left,all,240302,2806.95,526.644,240302,2806.95,526.644
Olfactory areas,OLF,698,right,all,189820,2774.8,465.393,189820,2774.8,465.393
Main olfactory bulb,MOB,507,left,all,90739,2942.04,510.991,90739,2942.04,510.991
Main olfactory bulb,MOB,507,right,all,54559,2788.73,456.715,54559,2788.73,456.715
Accessory olfactory bulb,AOB,151,left,all,3763,3987.1,555.466,3763,3987.1,555.466
Accessory olfactory bulb,AOB,151,right,all,2537,3926.97,490.121,2537,3926.97,490.121
Accessory olfactory bulb/ glomerular layer,AOBgl,188,left,all,980,8890.68,821.007,980,8890.68,821.007
Accessory olfactory bulb/ glomerular layer,AOBgl,188,right,all,589,5284.31,558.484,589,5284.31,558.484
Accessory olfactory bulb/ granular layer,AOBgr,196,left,all,1191,2018.99,450.318,1191,2018.99,450.318
Accessory olfactory bulb/ granular layer,AOBgr,196,right,all,760,1933.88,386.216,760,1933.88,386.216
Accessory olfactory bulb/ mitral layer,AOBmi,204,left,all,1592,2440.93,470.668,1592,2440.93,470.668
Accessory olfactory bulb/ mitral layer,AOBmi,204,right,all,1188,4529.06,522.698,1188,4529.06,522.698
Anterior olfactory nucleus,AON,159,left,all,29221,2382.77,497.072,29221,2382.77,497.072
Anterior olfactory nucleus,AON,159,right,all,27839,2662.03,473.915,27839,2662.03,473.915
Taenia tecta,TT,589,left,all,5714,2343.21,511.173,5714,2343.21,511.173
Taenia tecta,TT,589,right,all,5907,3668.43,565.635,5907,3668.43,565.635
Taenia tecta/ dorsal part,TTd,597,left,all,5090,2428.55,524.278,5090,2428.55,524.278
Taenia tecta/ dorsal part,TTd,597,right,all,5288,3348.88,556.791,5288,3348.88,556.791
Taenia tecta/ ventral part,TTv,605,left,all,624,1647.04,404.274,624,1647.04,404.274
Taenia tecta/ ventral part,TTv,605,right,all,619,6398.34,641.186,619,6398.34,641.186
Dorsal peduncular area,DP,814,left,all,2965,2430.56,511.67,2965,2430.56,511.67
Dorsal peduncular area,DP,814,right,all,2993,3797.43,571.844,2993,3797.43,571.844
Piriform area,PIR,961,left,all,76037,2727.35,558.055,76037,2727.35,558.055
Piriform area,PIR,961,right,all,67164,2559.5,453.046,67164,2559.5,453.046
Nucleus of the lateral olfactory tract,NLOT,619,left,all,0,0,0,0,0,0
Nucleus of the lateral olfactory tract,NLOT,619,right,all,145,1604.66,466.186,145,1604.66,466.186
Nucleus of the lateral olfactory tract/ molecular layer,NLOT1,260,left,all,0,0,0,0,0,0
Nucleus of the lateral olfactory tract/ molecular layer,NLOT1,260,right,all,0,0,0,0,0,0
Nucleus of the lateral olfactory tract/ pyramidal layer,NLOT2,268,left,all,0,0,0,0,0,0
Nucleus of the lateral olfactory tract/ pyramidal layer,NLOT2,268,right,all,4,1360.26,595.75,4,1360.26,595.75
Nucleus of the lateral olfactory tract/ layer 3,NLOT3,1139,left,all,0,0,0,0,0,0
Nucleus of the lateral olfactory tract/ layer 3,NLOT3,1139,right,all,141,1611.59,462.511,141,1611.59,462.511
Cortical amygdalar area,COA,631,left,all,1142,1694.46,498.553,1142,1694.46,498.553
Cortical amygdalar area,COA,631,right,all,4296,1754.39,408.31,4296,1754.39,408.31
Cortical amygdalar area/ anterior part,COAa,639,left,all,0,0,0,0,0,0
Cortical amygdalar area/ anterior part,COAa,639,right,all,3,1272.53,527.667,3,1272.53,527.667
Cortical amygdalar area/ posterior part,COAp,647,left,all,1142,1694.46,498.553,1142,1694.46,498.553
Cortical amygdalar area/ posterior part,COAp,647,right,all,4293,1754.73,408.227,4293,1754.73,408.227
Cortical amygdalar area/ posterior part/ lateral zone,COApl,655,left,all,638,1700.74,489.428,638,1700.74,489.428
Cortical amygdalar area/ posterior part/ lateral zone,COApl,655,right,all,1625,1790.04,406.985,1625,1790.04,406.985
Cortical amygdalar area/ posterior part/ medial zone,COApm,663,left,all,504,1686.52,510.103,504,1686.52,510.103
Cortical amygdalar area/ posterior part/ medial zone,COApm,663,right,all,2668,1733.22,408.983,2668,1733.22,408.983
Piriform-amygdalar area,PAA,788,left,all,70,1758.44,584.3,70,1758.44,584.3
Piriform-amygdalar area,PAA,788,right,all,319,1888.14,432.63,319,1888.14,432.63
Postpiriform transition area,TR,566,left,all,3133,1900.05,472.267,3133,1900.05,472.267
Postpiriform transition area,TR,566,right,all,6277,2416.75,416.264,6277,2416.75,416.264
Hippocampal formation,HPF,1089,left,all,291035,2869.02,564.274,291035,2869.02,564.274
Hippocampal formation,HPF,1089,right,all,258695,2817.55,480.798,258695,2817.55,480.798
Hippocampal region,HIP,1080,left,all,145088,2612.09,597.972,145088,2612.09,597.972
Hippocampal region,HIP,1080,right,all,111053,2644.21,531.223,111053,2644.21,531.223
Ammon's horn,CA,375,left,all,109470,2703.76,607.572,109470,2703.76,607.572
Ammon's horn,CA,375,right,all,84086,2778.84,539.928,84086,2778.84,539.928
Field CA1,CA1,382,left,all,62627,2464.79,567.105,62627,2464.79,567.105
Field CA1,CA1,382,right,all,45465,2609.46,503.154,45465,2609.46,503.154
Field CA2,CA2,423,left,all,2680,2652.56,588.829,2680,2652.56,588.829
Field CA2,CA2,423,right,all,2282,3255.01,578.574,2282,3255.01,578.574
Field CA3,CA3,463,left,all,44163,3045.75,666.096,44163,3045.75,666.096
Field CA3,CA3,463,right,all,36339,2960.85,583.511,36339,2960.85,583.511
Dentate gyrus,DG,726,left,all,34844,2327.97,568.658,34844,2327.97,568.658
Dentate gyrus,DG,726,right,all,26125,2221.6,503.21,26125,2221.6,503.21
Dentate gyrus/ molecular layer,DG-mo,10703,left,all,19842,2300.45,554.724,19842,2300.45,554.724
Dentate gyrus/ molecular layer,DG-mo,10703,right,all,14428,2159.59,488.374,14428,2159.59,488.374
Dentate gyrus/ polymorph layer,DG-po,10704,left,all,5099,2595.68,592.797,5099,2595.68,592.797
Dentate gyrus/ polymorph layer,DG-po,10704,right,all,4076,2471.36,514.925,4076,2471.36,514.925
Dentate gyrus/ granule cell layer,DG-sg,632,left,all,9903,2245.27,584.147,9903,2245.27,584.147
Dentate gyrus/ granule cell layer,DG-sg,632,right,all,7621,2205.44,525.033,7621,2205.44,525.033
Fasciola cinerea,FC,982,left,all,575,2645.71,590.621,575,2645.71,590.621
Fasciola cinerea,FC,982,right,all,592,2502.28,556.351,592,2502.28,556.351
Induseum griseum,IG,19,left,all,199,1832.71,470.724,199,1832.71,470.724
Induseum griseum,IG,19,right,all,250,1862.21,471.204,250,1862.21,471.204
Retrohippocampal region,RHP,822,left,all,143988,3133.74,531.184,143988,3133.74,531.184
Retrohippocampal region,RHP,822,right,all,145619,2955.41,442.695,145619,2955.41,442.695
Entorhinal area,ENT,909,left,all,86642,3469.79,528.133,86642,3469.79,528.133
Entorhinal area,ENT,909,right,all,99687,3210.96,438.336,99687,3210.96,438.336
Entorhinal area/ lateral part,ENTl,918,left,all,47903,3311.14,518.407,47903,3311.14,518.407
Entorhinal area/ lateral part,ENTl,918,right,all,56977,3281.73,428.34,56977,3281.73,428.34
Entorhinal area/ lateral part/ layer 1,ENTl1,1121,left,all,4890,2399.72,450.382,4890,2399.72,450.382
Entorhinal area/ lateral part/ layer 1,ENTl1,1121,right,all,4816,4067.07,432.661,4816,4067.07,432.661
Entorhinal area/ lateral part/ layer 2,ENTl2,20,left,all,10980,3945.17,557.284,10980,3945.17,557.284
Entorhinal area/ lateral part/ layer 2,ENTl2,20,right,all,18395,3776.45,443.428,18395,3776.45,443.428
Entorhinal area/ lateral part/ layer 3,ENTl3,52,left,all,11513,3728.59,538.972,11513,3728.59,538.972
Entorhinal area/ lateral part/ layer 3,ENTl3,52,right,all,11627,3213.15,409.869,11627,3213.15,409.869
Entorhinal area/ lateral part/ layer 5,ENTl5,139,left,all,10673,3149.33,506.903,10673,3149.33,506.903
Entorhinal area/ lateral part/ layer 5,ENTl5,139,right,all,13357,2708.67,414.064,13357,2708.67,414.064
Entorhinal area/ lateral part/ layer 6a,ENTl6a,28,left,all,9847,2744.1,497.262,9847,2744.1,497.262
Entorhinal area/ lateral part/ layer 6a,ENTl6a,28,right,all,8782,2777.18,440.537,8782,2777.18,440.537
Entorhinal area/ medial part/ dorsal zone,ENTm,926,left,all,38739,3665.97,540.161,38739,3665.97,540.161
Entorhinal area/ medial part/ dorsal zone,ENTm,926,right,all,42710,3116.55,451.67,42710,3116.55,451.67
Entorhinal area/ medial part/ dorsal zone/ layer 1,ENTm1,526,left,all,6079,2787.94,444.949,6079,2787.94,444.949
Entorhinal area/ medial part/ dorsal zone/ layer 1,ENTm1,526,right,all,5471,2968.72,427.749,5471,2968.72,427.749
Entorhinal area/ medial part/ dorsal zone/ layer 2,ENTm2,543,left,all,8507,4803.3,610.119,8507,4803.3,610.119
Entorhinal area/ medial part/ dorsal zone/ layer 2,ENTm2,543,right,all,13578,3749.77,492.556,13578,3749.77,492.556
Entorhinal area/ medial part/ dorsal zone/ layer 3,ENTm3,664,left,all,9705,4046.94,571.67,9705,4046.94,571.67
Entorhinal area/ medial part/ dorsal zone/ layer 3,ENTm3,664,right,all,10073,3110.79,447.072,10073,3110.79,447.072
Entorhinal area/ medial part/ dorsal zone/ layer 5,ENTm5,727,left,all,7935,3391.96,527.793,7935,3391.96,527.793
Entorhinal area/ medial part/ dorsal zone/ layer 5,ENTm5,727,right,all,8927,2595.67,422.221,8927,2595.67,422.221
Entorhinal area/ medial part/ dorsal zone/ layer 6,ENTm6,743,left,all,6513,2766.13,505.768,6513,2766.13,505.768
Entorhinal area/ medial part/ dorsal zone/ layer 6,ENTm6,743,right,all,4661,2455.45,426.978,4661,2455.45,426.978
Parasubiculum,PAR,843,left,all,8553,3378.06,543.706,8553,3378.06,543.706
Parasubiculum,PAR,843,right,all,8636,2683.37,445.929,8636,2683.37,445.929
Postsubiculum,POST,1037,left,all,8219,2167.16,490.194,8219,2167.16,490.194
Postsubiculum,POST,1037,right,all,8032,1939.94,429.279,8032,1939.94,429.279
Presubiculum,PRE,1084,left,all,7353,2582.81,529.489,7353,2582.81,529.489
Presubiculum,PRE,1084,right,all,5092,2051.16,423.591,5092,2051.16,423.591
Subiculum,SUB,502,left,all,18831,2569.61,554.239,18831,2569.61,554.239
Subiculum,SUB,502,right,all,13340,2659.95,492.058,13340,2659.95,492.058
Prosubiculum,ProS,484682470,left,all,9960,2598.05,557.426,9960,2598.05,557.426
Prosubiculum,ProS,484682470,right,all,5661,2648.84,467.601,5661,2648.84,467.601
Hippocampo-amygdalar transition area,HATA,589508447,left,all,1481,1750.89,481.011,1481,1750.89,481.011
Hippocampo-amygdalar transition area,HATA,589508447,right,all,2027,1790.79,428.62,2027,1790.79,428.62
Area prostriata,APr,484682508,left,all,2949,2725.62,492.312,2949,2725.62,492.312
Area prostriata,APr,484682508,right,all,3144,2215.28,392.017,3144,2215.28,392.017
Cortical subplate,CTXsp,703,left,all,53399,2284.53,543.95,53399,2284.53,543.95
Cortical subplate,CTXsp,703,right,all,46903,2077.52,460.205,46903,2077.52,460.205
Claustrum,CLA,583,left,all,4406,2240.08,570.429,4406,2240.08,570.429
Claustrum,CLA,583,right,all,2956,2020.22,485.063,2956,2020.22,485.063
Endopiriform nucleus,EP,942,left,all,18508,2454.26,544.454,18508,2454.26,544.454
Endopiriform nucleus,EP,942,right,all,14395,2252.08,453.374,14395,2252.08,453.374
Endopiriform nucleus/ dorsal part,EPd,952,left,all,13838,2543.85,562.302,13838,2543.85,562.302
Endopiriform nucleus/ dorsal part,EPd,952,right,all,9811,2320.24,462.599,9811,2320.24,462.599
Endopiriform nucleus/ ventral part,EPv,966,left,all,4670,2188.78,491.569,4670,2188.78,491.569
Endopiriform nucleus/ ventral part,EPv,966,right,all,4584,2106.2,433.631,4584,2106.2,433.631
Lateral amygdalar nucleus,LA,131,left,all,7172,2728.39,587.567,7172,2728.39,587.567
Lateral amygdalar nucleus,LA,131,right,all,4511,2209.91,470.468,4511,2209.91,470.468
Basolateral amygdalar nucleus,BLA,295,left,all,11682,2115.6,522.364,11682,2115.6,522.364
Basolateral amygdalar nucleus,BLA,295,right,all,10372,2057.94,471.686,10372,2057.94,471.686
Basolateral amygdalar nucleus/ anterior part,BLAa,303,left,all,5765,2290.88,530.095,5765,2290.88,530.095
Basolateral amygdalar nucleus/ anterior part,BLAa,303,right,all,4079,2077.43,476.777,4079,2077.43,476.777
Basolateral amygdalar nucleus/ posterior part,BLAp,311,left,all,4748,1953.94,503.121,4748,1953.94,503.121
Basolateral amygdalar nucleus/ posterior part,BLAp,311,right,all,4626,2119.68,467.284,4626,2119.68,467.284
Basolateral amygdalar nucleus/ ventral part,BLAv,451,left,all,1169,1907.81,562.397,1169,1907.81,562.397
Basolateral amygdalar nucleus/ ventral part,BLAv,451,right,all,1667,1838.92,471.449,1667,1838.92,471.449
Basomedial amygdalar nucleus,BMA,319,left,all,5811,1912.25,534.601,5811,1912.25,534.601
Basomedial amygdalar nucleus,BMA,319,right,all,7826,1890.24,460.044,7826,1890.24,460.044
Basomedial amygdalar nucleus/ anterior part,BMAa,327,left,all,1193,1837.64,549.736,1193,1837.64,549.736
Basomedial amygdalar nucleus/ anterior part,BMAa,327,right,all,3789,1782.68,462.974,3789,1782.68,462.974
Basomedial amygdalar nucleus/ posterior part,BMAp,334,left,all,4618,1931.53,530.691,4618,1931.53,530.691
Basomedial amygdalar nucleus/ posterior part,BMAp,334,right,all,4037,1991.19,457.293,4037,1991.19,457.293
Posterior amygdalar nucleus,PA,780,left,all,3676,1737.32,516.33,3676,1737.32,516.33
Posterior amygdalar nucleus,PA,780,right,all,5050,1795.94,434.284,5050,1795.94,434.284
Cerebral nuclei,CNU,623,left,all,253688,2072.78,549.808,253688,2072.78,549.808
Cerebral nuclei,CNU,623,right,all,189795,1995.35,491.204,189795,1995.35,491.204
Striatum,STR,477,left,all,222255,2063.68,548.209,222255,2063.68,548.209
Striatum,STR,477,right,all,163037,1998,486.943,163037,1998,486.943
Striatum dorsal region,STRd,485,left,all,155557,2070.3,545.215,155557,2070.3,545.215
Striatum dorsal region,STRd,485,right,all,100573,1984.1,467.594,100573,1984.1,467.594
Caudoputamen,CP,672,left,all,155557,2070.3,545.215,155557,2070.3,545.215
Caudoputamen,CP,672,right,all,100573,1984.1,467.594,100573,1984.1,467.594
Striatum ventral region,STRv,493,left,all,23627,2040.08,601.045,23627,2040.08,601.045
Striatum ventral region,STRv,493,right,all,21791,2006.79,552.776,21791,2006.79,552.776
Nucleus accumbens,ACB,56,left,all,20129,2028.06,603.254,20129,2028.06,603.254
Nucleus accumbens,ACB,56,right,all,18129,2023.18,564.135,18129,2023.18,564.135
Fundus of striatum,FS,998,left,all,3405,2124,589.881,3405,2124,589.881
Fundus of striatum,FS,998,right,all,2275,2019.19,499.077,2275,2019.19,499.077
Olfactory tubercle,OT,754,left,all,93,1570.14,531.839,93,1570.14,531.839
Olfactory tubercle,OT,754,right,all,1387,1772.15,492.374,1387,1772.15,492.374
Lateral septal complex,LSX,275,left,all,9467,1821.35,478.934,9467,1821.35,478.934
Lateral septal complex,LSX,275,right,all,9682,1956.42,501.154,9682,1956.42,501.154
Lateral septal nucleus,LS,242,left,all,8434,1826.28,481.71,8434,1826.28,481.71
Lateral septal nucleus,LS,242,right,all,8605,1986.08,507.372,8605,1986.08,507.372
Lateral septal nucleus/ caudal (caudodorsal) part,LSc,250,left,all,1158,1627.87,399.472,1158,1627.87,399.472
Lateral septal nucleus/ caudal (caudodorsal) part,LSc,250,right,all,1224,1755.42,384.653,1224,1755.42,384.653
Lateral septal nucleus/ rostral (rostroventral) part,LSr,258,left,all,5683,1884.95,501.452,5683,1884.95,501.452
Lateral septal nucleus/ rostral (rostroventral) part,LSr,258,right,all,5825,2082.71,542.843,5825,2082.71,542.843
Lateral septal nucleus/ ventral part,LSv,266,left,all,1593,1761.19,471.063,1593,1761.19,471.063
Lateral septal nucleus/ ventral part,LSv,266,right,all,1556,1805.81,471.118,1556,1805.81,471.118
Septofimbrial nucleus,SF,310,left,all,912,1776.25,455.259,912,1776.25,455.259
Septofimbrial nucleus,SF,310,right,all,931,1705.32,446.918,931,1705.32,446.918
Septohippocampal nucleus,SH,333,left,all,121,1817.81,463.893,121,1817.81,463.893
Septohippocampal nucleus,SH,333,right,all,146,1809.35,480.527,146,1809.35,480.527
Striatum-like amygdalar nuclei,sAMY,278,left,all,19983,2105.46,535.578,19983,2105.46,535.578
Striatum-like amygdalar nuclei,sAMY,278,right,all,18317,1965.62,469.79,18317,1965.62,469.79
Anterior amygdalar area,AAA,23,left,all,1160,1919.41,535.107,1160,1919.41,535.107
Anterior amygdalar area,AAA,23,right,all,1488,1659.9,445.756,1488,1659.9,445.756
Bed nucleus of the accessory olfactory tract,BA,292,left,all,0,0,0,0,0,0
Bed nucleus of the accessory olfactory tract,BA,292,right,all,0,0,0,0,0,0
Central amygdalar nucleus,CEA,536,left,all,10171,2238.87,536.551,10171,2238.87,536.551
Central amygdalar nucleus,CEA,536,right,all,7828,2164.1,484.396,7828,2164.1,484.396
Central amygdalar nucleus/ capsular part,CEAc,544,left,all,1923,2139.94,520.263,1923,2139.94,520.263
Central amygdalar nucleus/ capsular part,CEAc,544,right,all,2021,2038.22,470.771,2021,2038.22,470.771
Central amygdalar nucleus/ lateral part,CEAl,551,left,all,1971,2552.04,549.884,1971,2552.04,549.884
Central amygdalar nucleus/ lateral part,CEAl,551,right,all,1667,2420.12,494.111,1667,2420.12,494.111
Central amygdalar nucleus/ medial part,CEAm,559,left,all,6277,2170.84,537.354,6277,2170.84,537.354
Central amygdalar nucleus/ medial part,CEAm,559,right,all,4140,2122.46,487.135,4140,2122.46,487.135
Intercalated amygdalar nucleus,IA,1105,left,all,1325,1956.99,527.712,1325,1956.99,527.712
Intercalated amygdalar nucleus,IA,1105,right,all,1021,1948.96,442.475,1021,1948.96,442.475
Medial amygdalar nucleus,MEA,403,left,all,7327,1976.57,535.724,7327,1976.57,535.724
Medial amygdalar nucleus,MEA,403,right,all,7980,1830.06,463.439,7980,1830.06,463.439
Pallidum,PAL,803,left,all,31433,2137.1,561.116,31433,2137.1,561.116
Pallidum,PAL,803,right,all,26758,1979.15,517.164,26758,1979.15,517.164
Pallidum/ dorsal region,PALd,818,left,all,8472,2429.99,573.265,8472,2429.99,573.265
Pallidum/ dorsal region,PALd,818,right,all,5419,2179.89,495.462,5419,2179.89,495.462
Globus pallidus/ external segment,GPe,1022,left,all,6377,2386.99,555.312,6377,2386.99,555.312
Globus pallidus/ external segment,GPe,1022,right,all,4219,2198.33,479.54,4219,2198.33,479.54
Globus pallidus/ internal segment,GPi,1031,left,all,2095,2560.89,627.913,2095,2560.89,627.913
Globus pallidus/ internal segment,GPi,1031,right,all,1200,2115.04,551.443,1200,2115.04,551.443
Pallidum/ ventral region,PALv,835,left,all,8495,1949.86,573.252,8495,1949.86,573.252
Pallidum/ ventral region,PALv,835,right,all,9416,1814.46,529.975,9416,1814.46,529.975
Substantia innominata,SI,342,left,all,8288,1958.95,576.9,8288,1958.95,576.9
Substantia innominata,SI,342,right,all,9131,1821.97,532.62,9131,1821.97,532.62
Magnocellular nucleus,MA,298,left,all,207,1585.65,427.174,207,1585.65,427.174
Magnocellular nucleus,MA,298,right,all,285,1573.96,445.253,285,1573.96,445.253
Pallidum/ medial region,PALm,826,left,all,3582,2225.79,577.948,3582,2225.79,577.948
Pallidum/ medial region,PALm,826,right,all,3497,2238.5,588.293,3497,2238.5,588.293
Medial septal complex,MSC,904,left,all,3174,2276,597.87,3174,2276,597.87
Medial septal complex,MSC,904,right,all,3075,2314.54,612.987,3075,2314.54,612.987
Medial septal nucleus,MS,564,left,all,1903,2334.08,618.138,1903,2334.08,618.138
Medial septal nucleus,MS,564,right,all,1990,2366.95,628.053,1990,2366.95,628.053
Diagonal band nucleus,NDB,596,left,all,1271,2189.06,567.522,1271,2189.06,567.522
Diagonal band nucleus,NDB,596,right,all,1085,2218.42,585.353,1085,2218.42,585.353
Triangular nucleus of septum,TRS,581,left,all,408,1835.16,422.968,408,1835.16,422.968
Triangular nucleus of septum,TRS,581,right,all,422,1684.41,408.355,422,1684.41,408.355
Pallidum/ caudal region,PALc,809,left,all,5966,1822.82,519.535,5966,1822.82,519.535
Pallidum/ caudal region,PALc,809,right,all,5146,1782.56,475.715,5146,1782.56,475.715
Bed nuclei of the stria terminalis,BST,351,left,all,5951,1822.84,519.575,5951,1822.84,519.575
Bed nuclei of the stria terminalis,BST,351,right,all,5132,1782.34,475.696,5132,1782.34,475.696
Bed nucleus of the anterior commissure,BAC,287,left,all,15,1813.7,503.733,15,1813.7,503.733
Bed nucleus of the anterior commissure,BAC,287,right,all,14,1862.36,482.571,14,1862.36,482.571
Brain stem,BS,343,left,all,762613,2932.63,627.24,762613,2932.63,627.24
Brain stem,BS,343,right,all,613850,2756.94,563.374,613850,2756.94,563.374
Interbrain,IB,1129,left,all,240142,3179.04,657.058,240142,3179.04,657.058
Interbrain,IB,1129,right,all,191605,3001.8,589.621,191605,3001.8,589.621
Thalamus,TH,549,left,all,177899,3496.52,668.048,177899,3496.52,668.048
Thalamus,TH,549,right,all,139382,3336.4,600.479,139382,3336.4,600.479
Thalamus/ sensory-motor cortex related,DORsm,864,left,all,61862,4044.59,743.656,61862,4044.59,743.656
Thalamus/ sensory-motor cortex related,DORsm,864,right,all,47560,3873.84,650.378,47560,3873.84,650.378
Ventral group of the dorsal thalamus,VENT,637,left,all,41958,4469.12,757.522,41958,4469.12,757.522
Ventral group of the dorsal thalamus,VENT,637,right,all,32367,4172.05,667.433,32367,4172.05,667.433
Ventral anterior-lateral complex of the thalamus,VAL,629,left,all,5816,3640.74,633.069,5816,3640.74,633.069
Ventral anterior-lateral complex of the thalamus,VAL,629,right,all,5277,3217.42,574.547,5277,3217.42,574.547
Ventral medial nucleus of the thalamus,VM,685,left,all,6685,3177.01,653.276,6685,3177.01,653.276
Ventral medial nucleus of the thalamus,VM,685,right,all,5475,3001.43,592.003,5475,3001.43,592.003
Ventral posterior complex of the thalamus,VP,709,left,all,26505,5188.64,817.389,26505,5188.64,817.389
Ventral posterior complex of the thalamus,VP,709,right,all,19465,4939.8,721.091,19465,4939.8,721.091
Ventral posterolateral nucleus of the thalamus,VPL,718,left,all,7485,4412.21,744.562,7485,4412.21,744.562
Ventral posterolateral nucleus of the thalamus,VPL,718,right,all,5749,4727.19,707.455,5749,4727.19,707.455
Ventral posterolateral nucleus of the thalamus/ parvicellular part,VPLpc,725,left,all,923,4207.48,835.285,923,4207.48,835.285
Ventral posterolateral nucleus of the thalamus/ parvicellular part,VPLpc,725,right,all,612,5171.63,760.31,612,5171.63,760.31
Ventral posteromedial nucleus of the thalamus,VPM,733,left,all,16282,5786.74,864.665,16282,5786.74,864.665
Ventral posteromedial nucleus of the thalamus,VPM,733,right,all,11788,5215.21,737.16,11788,5215.21,737.16
Ventral posteromedial nucleus of the thalamus/ parvicellular part,VPMpc,741,left,all,1815,3524.19,684.518,1815,3524.19,684.518
Ventral posteromedial nucleus of the thalamus/ parvicellular part,VPMpc,741,right,all,1316,3293.74,618.482,1316,3293.74,618.482
Posterior triangular thalamic nucleus,PoT,563807435,left,all,2952,2566.86,701.265,2952,2566.86,701.265
Posterior triangular thalamic nucleus,PoT,563807435,right,all,2150,2545.25,601.709,2150,2545.25,601.709
Subparafascicular nucleus,SPF,406,left,all,1552,2258.53,683.314,1552,2258.53,683.314
Subparafascicular nucleus,SPF,406,right,all,1587,2246.08,578.821,1587,2246.08,578.821
Subparafascicular nucleus/ magnocellular part,SPFm,414,left,all,448,2254.08,604.701,448,2254.08,604.701
Subparafascicular nucleus/ magnocellular part,SPFm,414,right,all,469,2229.64,562.962,469,2229.64,562.962
Subparafascicular nucleus/ parvicellular part,SPFp,422,left,all,1104,2260.34,715.215,1104,2260.34,715.215
Subparafascicular nucleus/ parvicellular part,SPFp,422,right,all,1118,2252.98,585.474,1118,2252.98,585.474
Subparafascicular area,SPA,609,left,all,793,2530.26,569.817,793,2530.26,569.817
Subparafascicular area,SPA,609,right,all,818,2624.09,552.394,818,2624.09,552.394
Peripeduncular nucleus,PP,1044,left,all,462,2743.93,647.745,462,2743.93,647.745
Peripeduncular nucleus,PP,1044,right,all,527,2636.34,525.806,527,2636.34,525.806
Geniculate group/ dorsal thalamus,GENd,1008,left,all,17097,3270.27,725.76,17097,3270.27,725.76
Geniculate group/ dorsal thalamus,GENd,1008,right,all,12261,3433.87,626.507,12261,3433.87,626.507
Medial geniculate complex,MG,475,left,all,8165,2662.27,684.175,8165,2662.27,684.175
Medial geniculate complex,MG,475,right,all,6844,3136.83,602.926,6844,3136.83,602.926
Medial geniculate complex/ dorsal part,MGd,1072,left,all,2139,2389.67,641.087,2139,2389.67,641.087
Medial geniculate complex/ dorsal part,MGd,1072,right,all,1606,3074.06,546.732,1606,3074.06,546.732
Medial geniculate complex/ ventral part,MGv,1079,left,all,3553,2684.32,679.63,3553,2684.32,679.63
Medial geniculate complex/ ventral part,MGv,1079,right,all,2900,3149.02,617.18,2900,3149.02,617.18
Medial geniculate complex/ medial part,MGm,1088,left,all,2473,2866.37,727.975,2473,2866.37,727.975
Medial geniculate complex/ medial part,MGm,1088,right,all,2338,3164.83,623.845,2338,3164.83,623.845
Dorsal part of the lateral geniculate complex,LGd,170,left,all,8932,3826.06,763.773,8932,3826.06,763.773
Dorsal part of the lateral geniculate complex,LGd,170,right,all,5417,3809.16,656.299,5417,3809.16,656.299
Dorsal part of the lateral geniculate complex/ shell,LGd-sh,496345664,left,all,2781,3454.19,762.158,2781,3454.19,762.158
Dorsal part of the lateral geniculate complex/ shell,LGd-sh,496345664,right,all,1686,3612.67,659.162,1686,3612.67,659.162
Dorsal part of the lateral geniculate complex/ core,LGd-co,496345668,left,all,4968,4036.64,757.552,4968,4036.64,757.552
Dorsal part of the lateral geniculate complex/ core,LGd-co,496345668,right,all,2977,3912.99,653.038,2977,3912.99,653.038
Dorsal part of the lateral geniculate complex/ ipsilateral zone,LGd-ip,496345672,left,all,1183,3815.94,793.696,1183,3815.94,793.696
Dorsal part of the lateral geniculate complex/ ipsilateral zone,LGd-ip,496345672,right,all,754,3838.55,662.777,754,3838.55,662.777
Thalamus/ polymodal association cortex related,DORpm,856,left,all,108512,3237.4,625.223,108512,3237.4,625.223
Thalamus/ polymodal association cortex related,DORpm,856,right,all,85863,3060.49,573.075,85863,3060.49,573.075
Lateral group of the dorsal thalamus,LAT,138,left,all,31691,3796.56,687.981,31691,3796.56,687.981
Lateral group of the dorsal thalamus,LAT,138,right,all,21977,3468.85,615.629,21977,3468.85,615.629
Lateral posterior nucleus of the thalamus,LP,218,left,all,13526,3632.57,667.861,13526,3632.57,667.861
Lateral posterior nucleus of the thalamus,LP,218,right,all,8528,3299.27,595.788,8528,3299.27,595.788
Posterior complex of the thalamus,PO,1020,left,all,11824,4538.85,721.838,11824,4538.85,721.838
Posterior complex of the thalamus,PO,1020,right,all,8574,3925.5,639.612,8574,3925.5,639.612
Posterior limiting nucleus of the thalamus,POL,1029,left,all,1728,2434.76,677.412,1728,2434.76,677.412
Posterior limiting nucleus of the thalamus,POL,1029,right,all,1421,2468.89,616.296,1421,2468.89,616.296
Suprageniculate nucleus,SGN,325,left,all,1969,2634.7,657.73,1969,2634.7,657.73
Suprageniculate nucleus,SGN,325,right,all,1472,2992.03,547.689,1472,2992.03,547.689
Ethmoid nucleus of the thalamus,Eth,560581551,left,all,2644,3071.25,668.944,2644,3071.25,668.944
Ethmoid nucleus of the thalamus,Eth,560581551,right,all,1982,3294.12,647.23,1982,3294.12,647.23
Anterior group of the dorsal thalamus,ATN,239,left,all,16566,3338.85,595.903,16566,3338.85,595.903
Anterior group of the dorsal thalamus,ATN,239,right,all,12633,3060.12,550.436,12633,3060.12,550.436
Anteroventral nucleus of thalamus,AV,255,left,all,3038,2301.18,539.39,3038,2301.18,539.39
Anteroventral nucleus of thalamus,AV,255,right,all,2802,2442.76,525.597,2802,2442.76,525.597
Anteromedial nucleus,AM,127,left,all,2253,2135.1,492.158,2253,2135.1,492.158
Anteromedial nucleus,AM,127,right,all,1765,2080.42,457.097,1765,2080.42,457.097
Anteromedial nucleus/ dorsal part,AMd,1096,left,all,1393,2257.69,496.463,1393,2257.69,496.463
Anteromedial nucleus/ dorsal part,AMd,1096,right,all,1087,2037.17,458.931,1087,2037.17,458.931
Anteromedial nucleus/ ventral part,AMv,1104,left,all,860,1936.53,485.185,860,1936.53,485.185
Anteromedial nucleus/ ventral part,AMv,1104,right,all,678,2149.76,454.156,678,2149.76,454.156
Anterodorsal nucleus,AD,64,left,all,1618,4336.43,681.575,1618,4336.43,681.575
Anterodorsal nucleus,AD,64,right,all,1327,4004.83,629.369,1327,4004.83,629.369
Interanteromedial nucleus of the thalamus,IAM,1120,left,all,305,2424.29,483.675,305,2424.29,483.675
Interanteromedial nucleus of the thalamus,IAM,1120,right,all,276,2198.39,464.482,276,2198.39,464.482
Interanterodorsal nucleus of the thalamus,IAD,1113,left,all,658,1969.28,477.126,658,1969.28,477.126
Interanterodorsal nucleus of the thalamus,IAD,1113,right,all,659,1953.01,455.703,659,1953.01,455.703
Lateral dorsal nucleus of thalamus,LD,155,left,all,8694,3963.49,639.517,8694,3963.49,639.517
Lateral dorsal nucleus of thalamus,LD,155,right,all,5804,3606.77,587.61,5804,3606.77,587.61
Medial group of the dorsal thalamus,MED,444,left,all,16103,3047.08,578.255,16103,3047.08,578.255
Medial group of the dorsal thalamus,MED,444,right,all,14668,3039.98,559.278,14668,3039.98,559.278
Intermediodorsal nucleus of the thalamus,IMD,59,left,all,1424,3241.88,587.475,1424,3241.88,587.475
Intermediodorsal nucleus of the thalamus,IMD,59,right,all,1685,3191.63,581.848,1685,3191.63,581.848
Mediodorsal nucleus of thalamus,MD,362,left,all,11220,3117.54,587.446,11220,3117.54,587.446
Mediodorsal nucleus of thalamus,MD,362,right,all,9757,3188.84,564.74,9757,3188.84,564.74
Submedial nucleus of the thalamus,SMT,366,left,all,2429,2862.02,552.744,2429,2862.02,552.744
Submedial nucleus of the thalamus,SMT,366,right,all,2162,2589.36,538.785,2162,2589.36,538.785
Perireunensis nucleus,PR,1077,left,all,1030,2446.73,525.547,1030,2446.73,525.547
Perireunensis nucleus,PR,1077,right,all,1064,2350.38,515.081,1064,2350.38,515.081
Midline group of the dorsal thalamus,MTN,571,left,all,8663,2496.14,502.997,8663,2496.14,502.997
Midline group of the dorsal thalamus,MTN,571,right,all,8562,2493.65,501.114,8562,2493.65,501.114
Paraventricular nucleus of the thalamus,PVT,149,left,all,3449,2720.88,524.3,3449,2720.88,524.3
Paraventricular nucleus of the thalamus,PVT,149,right,all,3450,2792.96,528.08,3450,2792.96,528.08
Parataenial nucleus,PT,15,left,all,1410,2030.4,460.406,1410,2030.4,460.406
Parataenial nucleus,PT,15,right,all,1253,2085.63,452.868,1253,2085.63,452.868
Nucleus of reuniens,RE,181,left,all,3163,2464.69,495.946,3163,2464.69,495.946
Nucleus of reuniens,RE,181,right,all,3198,2382.89,491.686,3198,2382.89,491.686
Xiphoid thalamic nucleus,Xi,560581559,left,all,641,2466.53,516.85,641,2466.53,516.85
Xiphoid thalamic nucleus,Xi,560581559,right,all,661,2240.8,497.437,661,2240.8,497.437
Intralaminar nuclei of the dorsal thalamus,ILM,51,left,all,14855,3119.21,642.62,14855,3119.21,642.62
Intralaminar nuclei of the dorsal thalamus,ILM,51,right,all,12286,2982.97,597.522,12286,2982.97,597.522
Rhomboid nucleus,RH,189,left,all,709,2747.91,537.238,709,2747.91,537.238
Rhomboid nucleus,RH,189,right,all,740,2408.42,519.626,740,2408.42,519.626
Central medial nucleus of the thalamus,CM,599,left,all,2073,2893.71,572.49,2073,2893.71,572.49
Central medial nucleus of the thalamus,CM,599,right,all,2030,2707.02,561.96,2030,2707.02,561.96
Paracentral nucleus,PCN,907,left,all,2209,3538.31,660.589,2209,3538.31,660.589
Paracentral nucleus,PCN,907,right,all,1679,3141.71,598.498,1679,3141.71,598.498
Central lateral nucleus of the thalamus,CL,575,left,all,3551,3555.44,638.263,3551,3555.44,638.263
Central lateral nucleus of the thalamus,CL,575,right,all,2689,3314.22,611.571,2689,3314.22,611.571
Parafascicular nucleus,PF,930,left,all,4852,3012.61,691.313,4852,3012.61,691.313
Parafascicular nucleus,PF,930,right,all,3772,3134.74,641.894,3772,3134.74,641.894
Posterior intralaminar thalamic nucleus,PIL,560581563,left,all,1461,2279.43,614.975,1461,2279.43,614.975
Posterior intralaminar thalamic nucleus,PIL,560581563,right,all,1376,2441.99,541.593,1376,2441.99,541.593
Reticular nucleus of the thalamus,RT,262,left,all,10812,3054.61,624.823,10812,3054.61,624.823
Reticular nucleus of the thalamus,RT,262,right,all,8082,3109.5,571.478,8082,3109.5,571.478
Geniculate group/ ventral thalamus,GENv,1014,left,all,5118,2975.86,723.832,5118,2975.86,723.832
Geniculate group/ ventral thalamus,GENv,1014,right,all,3514,3389.92,633.766,3514,3389.92,633.766
Intergeniculate leaflet of the lateral geniculate complex,IGL,27,left,all,671,3118.34,701.189,671,3118.34,701.189
Intergeniculate leaflet of the lateral geniculate complex,IGL,27,right,all,498,3942.61,665.721,498,3942.61,665.721
Intermediate geniculate nucleus,IntG,563807439,left,all,240,3332.18,743.458,240,3332.18,743.458
Intermediate geniculate nucleus,IntG,563807439,right,all,175,3312.96,642.669,175,3312.96,642.669
Ventral part of the lateral geniculate complex,LGv,178,left,all,4074,2956.68,727.233,4074,2956.68,727.233
Ventral part of the lateral geniculate complex,LGv,178,right,all,2654,3358.69,627.423,2654,3358.69,627.423
Subgeniculate nucleus,SubG,321,left,all,133,2201.57,698.451,133,2201.57,698.451
Subgeniculate nucleus,SubG,321,right,all,187,2433.25,630.364,187,2433.25,630.364
Epithalamus,EPI,958,left,all,4704,2207.67,530.254,4704,2207.67,530.254
Epithalamus,EPI,958,right,all,4141,1993.8,493.052,4141,1993.8,493.052
Medial habenula,MH,483,left,all,2175,1706.03,411.042,2175,1706.03,411.042
Medial habenula,MH,483,right,all,1935,1676.64,407.851,1935,1676.64,407.851
Lateral habenula,LH,186,left,all,2529,2639.09,632.779,2529,2639.09,632.779
Lateral habenula,LH,186,right,all,2206,2272,567.787,2206,2272,567.787
Hypothalamus,HY,1097,left,all,62243,2271.63,625.645,62243,2271.63,625.645
Hypothalamus,HY,1097,right,all,52223,2108.78,560.643,52223,2108.78,560.643
Periventricular zone,PVZ,157,left,all,1083,1604.67,450.488,1083,1604.67,450.488
Periventricular zone,PVZ,157,right,all,1225,1587.97,472.796,1225,1587.97,472.796
Supraoptic nucleus,SO,390,left,all,0,0,0,0,0,0
Supraoptic nucleus,SO,390,right,all,0,0,0,0,0,0
Accessory supraoptic group,ASO,332,left,all,17,1611.34,454.588,17,1611.34,454.588
Accessory supraoptic group,ASO,332,right,all,27,1821.22,501.222,27,1821.22,501.222
Paraventricular hypothalamic nucleus,PVH,38,left,all,777,1599.5,439.999,777,1599.5,439.999
Paraventricular hypothalamic nucleus,PVH,38,right,all,739,1623.9,452.138,739,1623.9,452.138
Periventricular hypothalamic nucleus/ anterior part,PVa,30,left,all,19,1677.34,437.737,19,1677.34,437.737
Periventricular hypothalamic nucleus/ anterior part,PVa,30,right,all,21,1499.65,413.238,21,1499.65,413.238
Periventricular hypothalamic nucleus/ intermediate part,PVi,118,left,all,270,1613.99,481.311,270,1613.99,481.311
Periventricular hypothalamic nucleus/ intermediate part,PVi,118,right,all,438,1517.2,508.753,438,1517.2,508.753
Arcuate hypothalamic nucleus,ARH,223,left,all,0,0,0,0,0,0
Arcuate hypothalamic nucleus,ARH,223,right,all,0,0,0,0,0,0
Periventricular region,PVR,141,left,all,4199,1636.97,523.766,4199,1636.97,523.766
Periventricular region,PVR,141,right,all,4351,1627.6,514.243,4351,1627.6,514.243
Anterodorsal preoptic nucleus,ADP,72,left,all,363,1537.36,535.534,363,1537.36,535.534
Anterodorsal preoptic nucleus,ADP,72,right,all,265,1483.3,519.657,265,1483.3,519.657
Anteroventral preoptic nucleus,AVP,263,left,all,15,1267.23,458,15,1267.23,458
Anteroventral preoptic nucleus,AVP,263,right,all,30,1306.52,443.1,30,1306.52,443.1
Anteroventral periventricular nucleus,AVPV,272,left,all,5,1262.05,428,5,1262.05,428
Anteroventral periventricular nucleus,AVPV,272,right,all,8,1288.34,421,8,1288.34,421
Dorsomedial nucleus of the hypothalamus,DMH,830,left,all,1195,1713.76,544.465,1195,1713.76,544.465
Dorsomedial nucleus of the hypothalamus,DMH,830,right,all,1616,1762.95,549.239,1616,1762.95,549.239
Median preoptic nucleus,MEPO,452,left,all,77,1554.78,399.532,77,1554.78,399.532
Median preoptic nucleus,MEPO,452,right,all,67,1597.91,398.224,67,1597.91,398.224
Medial preoptic area,MPO,523,left,all,1721,1615.14,500.567,1721,1615.14,500.567
Medial preoptic area,MPO,523,right,all,1601,1531.88,479.406,1601,1531.88,479.406
Vascular organ of the lamina terminalis,OV,763,left,all,0,0,0,0,0,0
Vascular organ of the lamina terminalis,OV,763,right,all,0,0,0,0,0,0
Posterodorsal preoptic nucleus,PD,914,left,all,50,1628.38,507.18,50,1628.38,507.18
Posterodorsal preoptic nucleus,PD,914,right,all,45,1499.37,468,45,1499.37,468
Parastrial nucleus,PS,1109,left,all,672,1630.85,574.705,672,1630.85,574.705
Parastrial nucleus,PS,1109,right,all,591,1645.32,550.832,591,1645.32,550.832
Periventricular hypothalamic nucleus/ posterior part,PVp,126,left,all,0,0,0,0,0,0
Periventricular hypothalamic nucleus/ posterior part,PVp,126,right,all,0,0,0,0,0,0
Periventricular hypothalamic nucleus/ preoptic part,PVpo,133,left,all,30,1499.47,373.6,30,1499.47,373.6
Periventricular hypothalamic nucleus/ preoptic part,PVpo,133,right,all,40,1504.9,383,40,1504.9,383
Subparaventricular zone,SBPV,347,left,all,62,1515.23,428.887,62,1515.23,428.887
Subparaventricular zone,SBPV,347,right,all,86,1472.52,448.884,86,1472.52,448.884
Suprachiasmatic nucleus,SCH,286,left,all,0,0,0,0,0,0
Suprachiasmatic nucleus,SCH,286,right,all,0,0,0,0,0,0
Subfornical organ,SFO,338,left,all,9,2960.63,405.333,9,2960.63,405.333
Subfornical organ,SFO,338,right,all,2,1956.34,396.5,2,1956.34,396.5
Ventromedial preoptic nucleus,VMPO,576073699,left,all,0,0,0,0,0,0
Ventromedial preoptic nucleus,VMPO,576073699,right,all,0,0,0,0,0,0
Ventrolateral preoptic nucleus,VLPO,689,left,all,0,0,0,0,0,0
Ventrolateral preoptic nucleus,VLPO,689,right,all,0,0,0,0,0,0
Hypothalamic medial zone,MEZ,467,left,all,10020,1854.09,550.405,10020,1854.09,550.405
Hypothalamic medial zone,MEZ,467,right,all,10613,1877.37,540.917,10613,1877.37,540.917
Anterior hypothalamic nucleus,AHN,88,left,all,2045,1874.6,517.091,2045,1874.6,517.091
Anterior hypothalamic nucleus,AHN,88,right,all,2057,1832.08,508.226,2057,1832.08,508.226
Mammillary body,MBO,331,left,all,1480,1711.78,549.578,1480,1711.78,549.578
Mammillary body,MBO,331,right,all,1478,1735.75,509.613,1478,1735.75,509.613
Lateral mammillary nucleus,LM,210,left,all,89,1594.28,495.449,89,1594.28,495.449
Lateral mammillary nucleus,LM,210,right,all,186,1583.12,416.935,186,1583.12,416.935
Medial mammillary nucleus,MM,491,left,all,683,1711.81,516.504,683,1711.81,516.504
Medial mammillary nucleus,MM,491,right,all,688,1685.57,495.769,688,1685.57,495.769
Medial mammillary nucleus/ median part,MMme,732,left,all,78,1451.69,450.013,78,1451.69,450.013
Medial mammillary nucleus/ median part,MMme,732,right,all,115,1638.8,490.061,115,1638.8,490.061
Medial mammillary nucleus/ lateral part,MMl,606826647,left,all,387,1728.41,537.351,387,1728.41,537.351
Medial mammillary nucleus/ lateral part,MMl,606826647,right,all,276,1740.79,489.62,276,1740.79,489.62
Medial mammillary nucleus/ medial part,MMm,606826651,left,all,113,1767.94,488.549,113,1767.94,488.549
Medial mammillary nucleus/ medial part,MMm,606826651,right,all,226,1701.55,503.168,226,1701.55,503.168
Medial mammillary nucleus/ posterior part,MMp,606826655,left,all,7,1280.86,406.286,7,1280.86,406.286
Medial mammillary nucleus/ posterior part,MMp,606826655,right,all,4,1428.63,424.5,4,1428.63,424.5
Medial mammillary nucleus/ dorsal part,MMd,606826659,left,all,98,1819.33,527.204,98,1819.33,527.204
Medial mammillary nucleus/ dorsal part,MMd,606826659,right,all,67,1499.82,510.194,67,1499.82,510.194
Supramammillary nucleus,SUM,525,left,all,664,1748.15,593.535,664,1748.15,593.535
Supramammillary nucleus,SUM,525,right,all,556,1867.44,562.322,556,1867.44,562.322
Tuberomammillary nucleus,TM,557,left,all,44,1400.03,509.136,44,1400.03,509.136
Tuberomammillary nucleus,TM,557,right,all,48,1520.86,456.625,48,1520.86,456.625
Tuberomammillary nucleus/ dorsal part,TMd,1126,left,all,44,1400.03,509.136,44,1400.03,509.136
Tuberomammillary nucleus/ dorsal part,TMd,1126,right,all,41,1531.8,483.732,41,1531.8,483.732
Tuberomammillary nucleus/ ventral part,TMv,1,left,all,0,0,0,0,0,0
Tuberomammillary nucleus/ ventral part,TMv,1,right,all,7,1456.79,297.857,7,1456.79,297.857
Medial preoptic nucleus,MPN,515,left,all,662,1540.83,460.094,662,1540.83,460.094
Medial preoptic nucleus,MPN,515,right,all,745,1542.17,450.349,745,1542.17,450.349
Dorsal premammillary nucleus,PMd,980,left,all,329,1625.97,528.787,329,1625.97,528.787
Dorsal premammillary nucleus,PMd,980,right,all,430,1752.61,515.381,430,1752.61,515.381
Ventral premammillary nucleus,PMv,1004,left,all,63,1524.83,456.841,63,1524.83,456.841
Ventral premammillary nucleus,PMv,1004,right,all,109,1812.93,461.394,109,1812.93,461.394
Paraventricular hypothalamic nucleus/ descending division,PVHd,63,left,all,750,2280.8,561.732,750,2280.8,561.732
Paraventricular hypothalamic nucleus/ descending division,PVHd,63,right,all,665,2121.24,555.388,665,2121.24,555.388
Ventromedial hypothalamic nucleus,VMH,693,left,all,258,1501.15,517.508,258,1501.15,517.508
Ventromedial hypothalamic nucleus,VMH,693,right,all,327,1464.96,496.147,327,1464.96,496.147
Posterior hypothalamic nucleus,PH,946,left,all,4433,1908.87,582.468,4433,1908.87,582.468
Posterior hypothalamic nucleus,PH,946,right,all,4802,1999.3,583.743,4802,1999.3,583.743
Hypothalamic lateral zone,LZ,290,left,all,35659,2529.92,672.007,35659,2529.92,672.007
Hypothalamic lateral zone,LZ,290,right,all,26616,2369.06,586.135,26616,2369.06,586.135
Lateral hypothalamic area,LHA,194,left,all,13629,2270.89,590.971,13629,2270.89,590.971
Lateral hypothalamic area,LHA,194,right,all,10006,2046.01,518.061,10006,2046.01,518.061
Lateral preoptic area,LPO,226,left,all,1411,1774.1,527.972,1411,1774.1,527.972
Lateral preoptic area,LPO,226,right,all,1527,1653.2,486.035,1527,1653.2,486.035
Preparasubthalamic nucleus,PST,356,left,all,131,2452.62,678.244,131,2452.62,678.244
Preparasubthalamic nucleus,PST,356,right,all,90,2419.13,615.1,90,2419.13,615.1
Parasubthalamic nucleus,PSTN,364,left,all,1401,2148.2,680.999,1401,2148.2,680.999
Parasubthalamic nucleus,PSTN,364,right,all,884,2171.65,618.615,884,2171.65,618.615
Perifornical nucleus,PeF,576073704,left,all,1743,2212.68,570.377,1743,2212.68,570.377
Perifornical nucleus,PeF,576073704,right,all,1064,1994.62,527.164,1064,1994.62,527.164
Retrochiasmatic area,RCH,173,left,all,0,0,0,0,0,0
Retrochiasmatic area,RCH,173,right,all,0,0,0,0,0,0
Subthalamic nucleus,STN,470,left,all,1057,2760.68,766.933,1057,2760.68,766.933
Subthalamic nucleus,STN,470,right,all,1496,2586.25,706.739,1496,2586.25,706.739
Tuberal nucleus,TU,614,left,all,22,1849.06,408.636,22,1849.06,408.636
Tuberal nucleus,TU,614,right,all,279,1433.99,360.305,279,1433.99,360.305
Zona incerta,ZI,797,left,all,16265,2865.96,756.659,16265,2865.96,756.659
Zona incerta,ZI,797,right,all,11270,2797.62,652.506,11270,2797.62,652.506
Fields of Forel,FF,804,left,all,1799,2772.8,787.131,1799,2772.8,787.131
Fields of Forel,FF,804,right,all,1676,2464.88,657.293,1676,2464.88,657.293
Median eminence,ME,10671,left,all,0,0,0,0,0,0
Median eminence,ME,10671,right,all,0,0,0,0,0,0
Midbrain,MB,313,left,all,238682,2701.55,582.104,238682,2701.55,582.104
Midbrain,MB,313,right,all,211295,2578.41,526.894,211295,2578.41,526.894
Midbrain/ sensory related,MBsen,339,left,all,43386,2824.29,585.426,43386,2824.29,585.426
Midbrain/ sensory related,MBsen,339,right,all,34808,2533.41,503.199,34808,2533.41,503.199
Superior colliculus/ sensory related,SCs,302,left,all,8469,2102.14,447.239,8469,2102.14,447.239
Superior colliculus/ sensory related,SCs,302,right,all,7755,2065.73,426.16,7755,2065.73,426.16
Superior colliculus/ optic layer,SCop,851,left,all,2847,2109.81,465.185,2847,2109.81,465.185
Superior colliculus/ optic layer,SCop,851,right,all,2425,2032.55,431.971,2425,2032.55,431.971
Superior colliculus/ superficial gray layer,SCsg,842,left,all,4216,2097.87,435.197,4216,2097.87,435.197
Superior colliculus/ superficial gray layer,SCsg,842,right,all,3993,2026.36,417.884,3993,2026.36,417.884
Superior colliculus/ zonal layer,SCzo,834,left,all,1406,2099.39,447.004,1406,2099.39,447.004
Superior colliculus/ zonal layer,SCzo,834,right,all,1337,2243.46,440.34,1337,2243.46,440.34
Inferior colliculus,IC,4,left,all,33276,3029.25,624.785,33276,3029.25,624.785
Inferior colliculus,IC,4,right,all,25638,2673.06,529.303,25638,2673.06,529.303
Inferior colliculus/ central nucleus,ICc,811,left,all,10756,3122.63,662.495,10756,3122.63,662.495
Inferior colliculus/ central nucleus,ICc,811,right,all,7420,2781.72,558.934,7420,2781.72,558.934
Inferior colliculus/ dorsal nucleus,ICd,820,left,all,7625,2630.83,530.434,7625,2630.83,530.434
Inferior colliculus/ dorsal nucleus,ICd,820,right,all,6808,2479.98,497.434,6808,2479.98,497.434
Inferior colliculus/ external nucleus,ICe,828,left,all,14895,3165.76,645.854,14895,3165.76,645.854
Inferior colliculus/ external nucleus,ICe,828,right,all,11410,2717.61,529.048,11410,2717.61,529.048
Nucleus of the brachium of the inferior colliculus,NB,580,left,all,586,2397.95,534.765,586,2397.95,534.765
Nucleus of the brachium of the inferior colliculus,NB,580,right,all,491,2415.5,450.248,491,2415.5,450.248
Nucleus sagulum,SAG,271,left,all,681,2312.66,495.874,681,2312.66,495.874
Nucleus sagulum,SAG,271,right,all,592,2718.27,463.086,592,2718.27,463.086
Parabigeminal nucleus,PBG,874,left,all,259,2203.36,391.95,259,2203.36,391.95
Parabigeminal nucleus,PBG,874,right,all,219,2215.63,370.808,219,2215.63,370.808
Midbrain trigeminal nucleus,MEV,460,left,all,71,4463.35,656.606,71,4463.35,656.606
Midbrain trigeminal nucleus,MEV,460,right,all,59,4502.45,630.932,59,4502.45,630.932
Subcommissural organ,SCO,599626923,left,all,44,1428.05,501.455,44,1428.05,501.455
Subcommissural organ,SCO,599626923,right,all,54,1581.43,491.833,54,1581.43,491.833
Midbrain/ motor related,MBmot,323,left,all,139186,2594.89,573.043,139186,2594.89,573.043
Midbrain/ motor related,MBmot,323,right,all,125376,2556.69,526.079,125376,2556.69,526.079
Substantia nigra/ reticular part,SNr,381,left,all,8410,2148.58,563.699,8410,2148.58,563.699
Substantia nigra/ reticular part,SNr,381,right,all,6622,2621.36,527.326,6622,2621.36,527.326
Ventral tegmental area,VTA,749,left,all,2844,2311.5,629.874,2844,2311.5,629.874
Ventral tegmental area,VTA,749,right,all,2600,2267.58,586.834,2600,2267.58,586.834
Paranigral nucleus,PN,607344830,left,all,97,1854.06,555.124,97,1854.06,555.124
Paranigral nucleus,PN,607344830,right,all,145,2065.92,535.324,145,2065.92,535.324
Midbrain reticular nucleus/ retrorubral area,RR,246,left,all,1009,2387.99,548.616,1009,2387.99,548.616
Midbrain reticular nucleus/ retrorubral area,RR,246,right,all,761,2441.41,503.819,761,2441.41,503.819
Midbrain reticular nucleus,MRN,128,left,all,32111,2680.31,610.195,32111,2680.31,610.195
Midbrain reticular nucleus,MRN,128,right,all,29301,2609.44,546.334,29301,2609.44,546.334
Superior colliculus/ motor related,SCm,294,left,all,35687,2412.89,522.967,35687,2412.89,522.967
Superior colliculus/ motor related,SCm,294,right,all,33148,2376.5,486.886,33148,2376.5,486.886
Superior colliculus/ motor related/ deep gray layer,SCdg,26,left,all,7297,2520.97,505.75,7297,2520.97,505.75
Superior colliculus/ motor related/ deep gray layer,SCdg,26,right,all,7312,2349.48,468.946,7312,2349.48,468.946
Superior colliculus/ motor related/ deep white layer,SCdw,42,left,all,2073,2588.37,514.014,2073,2588.37,514.014
Superior colliculus/ motor related/ deep white layer,SCdw,42,right,all,2017,2450.12,485.111,2017,2450.12,485.111
Superior colliculus/ motor related/ intermediate white layer,SCiw,17,left,all,13820,2505.93,530.266,13820,2505.93,530.266
Superior colliculus/ motor related/ intermediate white layer,SCiw,17,right,all,12468,2499.36,493.213,12468,2499.36,493.213
Superior colliculus/ motor related/ intermediate gray layer,SCig,10,left,all,12497,2217.79,526.432,12497,2217.79,526.432
Superior colliculus/ motor related/ intermediate gray layer,SCig,10,right,all,11351,2245.89,491.807,11351,2245.89,491.807
Periaqueductal gray,PAG,795,left,all,30357,2582.95,507.88,30357,2582.95,507.88
Periaqueductal gray,PAG,795,right,all,30118,2546.97,491.604,30118,2546.97,491.604
Precommissural nucleus,PRC,50,left,all,1098,1913.96,484.944,1098,1913.96,484.944
Precommissural nucleus,PRC,50,right,all,976,1919.62,466.16,976,1919.62,466.16
Interstitial nucleus of Cajal,INC,67,left,all,710,2516.87,654.439,710,2516.87,654.439
Interstitial nucleus of Cajal,INC,67,right,all,719,2520.55,632.114,719,2520.55,632.114
Nucleus of Darkschewitsch,ND,587,left,all,672,2424.73,590.567,672,2424.73,590.567
Nucleus of Darkschewitsch,ND,587,right,all,761,2377.44,570.995,761,2377.44,570.995
Supraoculomotor periaqueductal gray,Su3,614454277,left,all,300,2754.29,534.087,300,2754.29,534.087
Supraoculomotor periaqueductal gray,Su3,614454277,right,all,364,2762.7,503.168,364,2762.7,503.168
Pretectal region,PRT,1100,left,all,16335,2523.65,668.364,16335,2523.65,668.364
Pretectal region,PRT,1100,right,all,13038,2495.12,603.353,13038,2495.12,603.353
Anterior pretectal nucleus,APN,215,left,all,9896,2551.41,703.344,9896,2551.41,703.344
Anterior pretectal nucleus,APN,215,right,all,7701,2497.05,625.905,7701,2497.05,625.905
Medial pretectal area,MPT,531,left,all,405,2233.28,587.56,405,2233.28,587.56
Medial pretectal area,MPT,531,right,all,348,2712.52,578.399,348,2712.52,578.399
Nucleus of the optic tract,NOT,628,left,all,1759,2549.31,641.738,1759,2549.31,641.738
Nucleus of the optic tract,NOT,628,right,all,1183,2381.09,547.343,1183,2381.09,547.343
Nucleus of the posterior commissure,NPC,634,left,all,2038,2226.2,561.936,2038,2226.2,561.936
Nucleus of the posterior commissure,NPC,634,right,all,1849,2267.51,547.315,1849,2267.51,547.315
Olivary pretectal nucleus,OP,706,left,all,493,2444.64,619.247,493,2444.64,619.247
Olivary pretectal nucleus,OP,706,right,all,429,2522.76,592.599,429,2522.76,592.599
Posterior pretectal nucleus,PPT,1061,left,all,1248,2518.4,653.736,1248,2518.4,653.736
Posterior pretectal nucleus,PPT,1061,right,all,1093,2650.71,611.723,1093,2650.71,611.723
Retroparafascicular nucleus,RPF,549009203,left,all,496,3429.92,653.77,496,3429.92,653.77
Retroparafascicular nucleus,RPF,549009203,right,all,435,3146.29,604.159,435,3146.29,604.159
Cuneiform nucleus,CUN,616,left,all,5285,3868.6,629.939,5285,3868.6,629.939
Cuneiform nucleus,CUN,616,right,all,3524,3765.13,585.034,3524,3765.13,585.034
Red nucleus,RN,214,left,all,5393,3125.35,689.145,5393,3125.35,689.145
Red nucleus,RN,214,right,all,4326,2895.94,602.816,4326,2895.94,602.816
Oculomotor nucleus,III,35,left,all,257,2981.49,555.965,257,2981.49,555.965
Oculomotor nucleus,III,35,right,all,247,3103.51,542.996,247,3103.51,542.996
Medial accesory oculomotor nucleus,MA3,549009211,left,all,125,2508.19,553.736,125,2508.19,553.736
Medial accesory oculomotor nucleus,MA3,549009211,right,all,149,2432.69,533.201,149,2432.69,533.201
Edinger-Westphal nucleus,EW,975,left,all,155,2493.78,501.213,155,2493.78,501.213
Edinger-Westphal nucleus,EW,975,right,all,225,2558.84,509.431,225,2558.84,509.431
Trochlear nucleus,IV,115,left,all,63,4045.99,634.683,63,4045.99,634.683
Trochlear nucleus,IV,115,right,all,67,3774.64,606.388,67,3774.64,606.388
Paratrochlear nucleus,Pa4,606826663,left,all,112,4429.21,668.705,112,4429.21,668.705
Paratrochlear nucleus,Pa4,606826663,right,all,124,2714,542.815,124,2714,542.815
Ventral tegmental nucleus,VTN,757,left,all,322,3638.53,662.202,322,3638.53,662.202
Ventral tegmental nucleus,VTN,757,right,all,314,3326.76,619.675,314,3326.76,619.675
Anterior tegmental nucleus,AT,231,left,all,211,2311.68,541.422,211,2311.68,541.422
Anterior tegmental nucleus,AT,231,right,all,190,2440.66,538.384,190,2440.66,538.384
Lateral terminal nucleus of the accessory optic tract,LT,66,left,all,91,2456.34,626.604,91,2456.34,626.604
Lateral terminal nucleus of the accessory optic tract,LT,66,right,all,126,2075.59,552.595,126,2075.59,552.595
Dorsal terminal nucleus of the accessory optic tract,DT,75,left,all,74,2095.94,572.324,74,2095.94,572.324
Dorsal terminal nucleus of the accessory optic tract,DT,75,right,all,58,2152.79,415.5,58,2152.79,415.5
Medial terminal nucleus of the accessory optic tract,MT,58,left,all,248,2312.15,605.71,248,2312.15,605.71
Medial terminal nucleus of the accessory optic tract,MT,58,right,all,293,2302.38,555.485,293,2302.38,555.485
Midbrain/ behavioral state related,MBsta,348,left,all,11610,3563.1,621.316,11610,3563.1,621.316
Midbrain/ behavioral state related,MBsta,348,right,all,10873,3157.56,568.622,10873,3157.56,568.622
Substantia nigra/ compact part,SNc,374,left,all,1004,2278.47,598.724,1004,2278.47,598.724
Substantia nigra/ compact part,SNc,374,right,all,1077,2487.5,552.384,1077,2487.5,552.384
Pedunculopontine nucleus,PPN,1052,left,all,6592,3706.61,632.462,6592,3706.61,632.462
Pedunculopontine nucleus,PPN,1052,right,all,5384,3011.32,548.798,5384,3011.32,548.798
Midbrain raphe nuclei,RAmb,165,left,all,4014,3648.75,608.66,4014,3648.75,608.66
Midbrain raphe nuclei,RAmb,165,right,all,4412,3499.58,596.776,4412,3499.58,596.776
Interfascicular nucleus raphe,IF,12,left,all,379,1965.67,556.488,379,1965.67,556.488
Interfascicular nucleus raphe,IF,12,right,all,480,1942.57,556.458,480,1942.57,556.458
Interpeduncular nucleus,IPN,100,left,all,1413,1751.3,532.176,1413,1751.3,532.176
Interpeduncular nucleus,IPN,100,right,all,1318,1901.99,550.634,1318,1901.99,550.634
Interpeduncular nucleus/ rostral,IPR,607344834,left,all,241,1737.17,561.506,241,1737.17,561.506
Interpeduncular nucleus/ rostral,IPR,607344834,right,all,286,2179.95,591.766,286,2179.95,591.766
Interpeduncular nucleus/ caudal,IPC,607344838,left,all,302,1747.19,441.957,302,1747.19,441.957
Interpeduncular nucleus/ caudal,IPC,607344838,right,all,219,1571.83,442.388,219,1571.83,442.388
Interpeduncular nucleus/ apical,IPA,607344842,left,all,149,1901.48,606.215,149,1901.48,606.215
Interpeduncular nucleus/ apical,IPA,607344842,right,all,174,1763.86,620.477,174,1763.86,620.477
Interpeduncular nucleus/ lateral,IPL,607344846,left,all,136,1616.04,458,136,1616.04,458
Interpeduncular nucleus/ lateral,IPL,607344846,right,all,98,1614.56,401.684,98,1614.56,401.684
Interpeduncular nucleus/ intermediate,IPI,607344850,left,all,72,1442.56,454.472,72,1442.56,454.472
Interpeduncular nucleus/ intermediate,IPI,607344850,right,all,57,1452.85,419.982,57,1452.85,419.982
Interpeduncular nucleus/ dorsomedial,IPDM,607344854,left,all,134,1828.34,645.507,134,1828.34,645.507
Interpeduncular nucleus/ dorsomedial,IPDM,607344854,right,all,146,2177.71,633.822,146,2177.71,633.822
Interpeduncular nucleus/ dorsolateral,IPDL,607344858,left,all,204,1626.12,530.569,204,1626.12,530.569
Interpeduncular nucleus/ dorsolateral,IPDL,607344858,right,all,140,1767.07,565.136,140,1767.07,565.136
Interpeduncular nucleus/ rostrolateral,IPRL,607344862,left,all,101,2190.26,586.98,101,2190.26,586.98
Interpeduncular nucleus/ rostrolateral,IPRL,607344862,right,all,149,2226.57,601.409,149,2226.57,601.409
Rostral linear nucleus raphe,RL,197,left,all,524,2585.22,597.002,524,2585.22,597.002
Rostral linear nucleus raphe,RL,197,right,all,758,2580.42,588.319,758,2580.42,588.319
Central linear nucleus raphe,CLI,591,left,all,217,2124.73,485.387,217,2124.73,485.387
Central linear nucleus raphe,CLI,591,right,all,246,2076.75,477.923,246,2076.75,477.923
Dorsal nucleus raphe,DR,872,left,all,1481,6489.38,717.172,1481,6489.38,717.172
Dorsal nucleus raphe,DR,872,right,all,1610,5921.76,668.711,1610,5921.76,668.711
Hindbrain,HB,1065,left,all,283789,2918.48,639.971,283789,2918.48,639.971
Hindbrain,HB,1065,right,all,210950,2713.35,576.075,210950,2713.35,576.075
Pons,P,771,left,all,102084,3250.67,657.993,102084,3250.67,657.993
Pons,P,771,right,all,78216,2970.39,602.646,78216,2970.39,602.646
Pons/ sensory related,P-sen,1132,left,all,26058,3526.05,690.904,26058,3526.05,690.904
Pons/ sensory related,P-sen,1132,right,all,16008,3130.2,604.012,16008,3130.2,604.012
Nucleus of the lateral lemniscus,NLL,612,left,all,4997,3028.63,615.397,4997,3028.63,615.397
Nucleus of the lateral lemniscus,NLL,612,right,all,2942,2475.25,494.384,2942,2475.25,494.384
Principal sensory nucleus of the trigeminal,PSV,7,left,all,8073,3368.13,728.069,8073,3368.13,728.069
Principal sensory nucleus of the trigeminal,PSV,7,right,all,4853,2847.24,662.289,4853,2847.24,662.289
Parabrachial nucleus,PB,867,left,all,10776,4041.27,708.757,10776,4041.27,708.757
Parabrachial nucleus,PB,867,right,all,7439,3650.47,623.868,7439,3650.47,623.868
Koelliker-Fuse subnucleus,KF,123,left,all,1662,4237.7,776.17,1662,4237.7,776.17
Koelliker-Fuse subnucleus,KF,123,right,all,1083,3347.26,633.331,1083,3347.26,633.331
Superior olivary complex,SOC,398,left,all,2212,2716.12,638.863,2212,2716.12,638.863
Superior olivary complex,SOC,398,right,all,774,2393.41,464.473,774,2393.41,464.473
Superior olivary complex/ periolivary region,POR,122,left,all,266,2262.71,549.267,266,2262.71,549.267
Superior olivary complex/ periolivary region,POR,122,right,all,138,1646.09,305.681,138,1646.09,305.681
Superior olivary complex/ medial part,SOCm,105,left,all,440,2618.71,622.977,440,2618.71,622.977
Superior olivary complex/ medial part,SOCm,105,right,all,276,2387,459.507,276,2387,459.507
Superior olivary complex/ lateral part,SOCl,114,left,all,1506,2824.66,659.33,1506,2824.66,659.33
Superior olivary complex/ lateral part,SOCl,114,right,all,360,2684.79,529.15,360,2684.79,529.15
Pons/ motor related,P-mot,987,left,all,33350,3125.31,656.792,33350,3125.31,656.792
Pons/ motor related,P-mot,987,right,all,27642,2907.69,613.619,27642,2907.69,613.619
Barrington's nucleus,B,280,left,all,137,3735.09,654.839,137,3735.09,654.839
Barrington's nucleus,B,280,right,all,122,4578.08,657.443,122,4578.08,657.443
Dorsal tegmental nucleus,DTN,880,left,all,724,3022.26,656.26,724,3022.26,656.26
Dorsal tegmental nucleus,DTN,880,right,all,646,2855.96,634.401,646,2855.96,634.401
Posterodorsal tegmental nucleus,PDTg,599626927,left,all,245,2536.71,698.335,245,2536.71,698.335
Posterodorsal tegmental nucleus,PDTg,599626927,right,all,281,2631.46,712.146,281,2631.46,712.146
Pontine central gray,PCG,898,left,all,3088,3019.73,685.669,3088,3019.73,685.669
Pontine central gray,PCG,898,right,all,3152,3034.78,653.62,3152,3034.78,653.62
Pontine gray,PG,931,left,all,174,1673.9,387.914,174,1673.9,387.914
Pontine gray,PG,931,right,all,55,1803.07,334.545,55,1803.07,334.545
Pontine reticular nucleus/ caudal part,PRNc,1093,left,all,14928,3240.19,670.091,14928,3240.19,670.091
Pontine reticular nucleus/ caudal part,PRNc,1093,right,all,12514,3014.57,626.985,12514,3014.57,626.985
Supragenual nucleus,SG,318,left,all,85,2012,638.129,85,2012,638.129
Supragenual nucleus,SG,318,right,all,93,2349.54,678.387,93,2349.54,678.387
Supratrigeminal nucleus,SUT,534,left,all,2383,3631.85,720.661,2383,3631.85,720.661
Supratrigeminal nucleus,SUT,534,right,all,1755,2876.82,612.439,1755,2876.82,612.439
Tegmental reticular nucleus,TRN,574,left,all,5772,2128.29,521.518,5772,2128.29,521.518
Tegmental reticular nucleus,TRN,574,right,all,4829,2136.8,511.925,4829,2136.8,511.925
Motor nucleus of trigeminal,V,621,left,all,3004,4244.83,770.375,3004,4244.83,770.375
Motor nucleus of trigeminal,V,621,right,all,2171,3853.34,692.439,2171,3853.34,692.439
Peritrigeminal zone,P5,549009215,left,all,1933,3128.85,664.936,1933,3128.85,664.936
Peritrigeminal zone,P5,549009215,right,all,1353,2936.53,601.746,1353,2936.53,601.746
Accessory trigeminal nucleus,Acs5,549009219,left,all,78,3500.91,684.551,78,3500.91,684.551
Accessory trigeminal nucleus,Acs5,549009219,right,all,45,2872.87,613.022,45,2872.87,613.022
Parvicellular motor 5 nucleus,PC5,549009223,left,all,449,3577.6,651.878,449,3577.6,651.878
Parvicellular motor 5 nucleus,PC5,549009223,right,all,361,2792.15,597.853,361,2792.15,597.853
Intertrigeminal nucleus,I5,549009227,left,all,350,3236.55,722.031,350,3236.55,722.031
Intertrigeminal nucleus,I5,549009227,right,all,265,2945.45,663.928,265,2945.45,663.928
Pons/ behavioral state related,P-sat,1117,left,all,25370,3061.35,627.306,25370,3061.35,627.306
Pons/ behavioral state related,P-sat,1117,right,all,21421,2866.91,583.714,21421,2866.91,583.714
Superior central nucleus raphe,CS,679,left,all,4872,2802.74,596.721,4872,2802.74,596.721
Superior central nucleus raphe,CS,679,right,all,4289,2689.01,575.916,4289,2689.01,575.916
Locus ceruleus,LC,147,left,all,155,5532.18,778.065,155,5532.18,778.065
Locus ceruleus,LC,147,right,all,149,6863.21,759.564,149,6863.21,759.564
Laterodorsal tegmental nucleus,LDT,162,left,all,1786,3833.92,669.219,1786,3833.92,669.219
Laterodorsal tegmental nucleus,LDT,162,right,all,1893,4140.77,654.427,1893,4140.77,654.427
Nucleus incertus,NI,604,left,all,1079,3252.56,698.028,1079,3252.56,698.028
Nucleus incertus,NI,604,right,all,1117,2826.51,700.463,1117,2826.51,700.463
Pontine reticular nucleus,PRNr,146,left,all,15984,3004.37,622.588,15984,3004.37,622.588
Pontine reticular nucleus,PRNr,146,right,all,12663,2673.28,558.439,12663,2673.28,558.439
Nucleus raphe pontis,RPO,238,left,all,839,2836.47,627.386,839,2836.47,627.386
Nucleus raphe pontis,RPO,238,right,all,772,2725.27,615.889,772,2725.27,615.889
Subceruleus nucleus,SLC,350,left,all,286,4536.29,738.815,286,4536.29,738.815
Subceruleus nucleus,SLC,350,right,all,205,4389.6,678.932,205,4389.6,678.932
Sublaterodorsal nucleus,SLD,358,left,all,369,2976.17,675.881,369,2976.17,675.881
Sublaterodorsal nucleus,SLD,358,right,all,333,3017.98,639.826,333,3017.98,639.826
Medulla,MY,354,left,all,181705,2731.85,629.846,181705,2731.85,629.846
Medulla,MY,354,right,all,132734,2561.89,560.417,132734,2561.89,560.417
Medulla/ sensory related,MY-sen,386,left,all,58425,2730.75,617.543,58425,2730.75,617.543
Medulla/ sensory related,MY-sen,386,right,all,36418,2518.37,526.932,36418,2518.37,526.932
Area postrema,AP,207,left,all,67,2197.6,371.343,67,2197.6,371.343
Area postrema,AP,207,right,all,133,2107.59,392.429,133,2107.59,392.429
Cochlear nuclei,CN,607,left,all,11339,3454.73,750.104,11339,3454.73,750.104
Cochlear nuclei,CN,607,right,all,7839,2946.24,614.462,7839,2946.24,614.462
Dorsal cochlear nucleus,DCO,96,left,all,3585,2759.73,740.67,3585,2759.73,740.67
Dorsal cochlear nucleus,DCO,96,right,all,2636,2427.96,586.828,2636,2427.96,586.828
Ventral cochlear nucleus,VCO,101,left,all,7754,3776.06,754.466,7754,3776.06,754.466
Ventral cochlear nucleus,VCO,101,right,all,5203,3208.81,628.463,5203,3208.81,628.463
Dorsal column nuclei,DCN,720,left,all,2011,2899.72,525.026,2011,2899.72,525.026
Dorsal column nuclei,DCN,720,right,all,2349,2580.13,501.641,2349,2580.13,501.641
Cuneate nucleus,CU,711,left,all,1879,2958.71,533.662,1879,2958.71,533.662
Cuneate nucleus,CU,711,right,all,2165,2604.78,509.228,2165,2604.78,509.228
Gracile nucleus,GR,1039,left,all,132,2060.02,402.106,132,2060.02,402.106
Gracile nucleus,GR,1039,right,all,184,2290.13,412.37,184,2290.13,412.37
External cuneate nucleus,ECU,903,left,all,537,2939.52,548.305,537,2939.52,548.305
External cuneate nucleus,ECU,903,right,all,590,2267.02,401.083,590,2267.02,401.083
Nucleus of the trapezoid body,NTB,642,left,all,43,1475.71,358.047,43,1475.71,358.047
Nucleus of the trapezoid body,NTB,642,right,all,229,1642.68,335.266,229,1642.68,335.266
Nucleus of the solitary tract,NTS,651,left,all,4728,2284.62,543.858,4728,2284.62,543.858
Nucleus of the solitary tract,NTS,651,right,all,5611,2483.54,524.945,5611,2483.54,524.945
Spinal nucleus of the trigeminal/ caudal part,SPVC,429,left,all,18812,2529.46,553.211,18812,2529.46,553.211
Spinal nucleus of the trigeminal/ caudal part,SPVC,429,right,all,9149,2279.32,475.189,9149,2279.32,475.189
Spinal nucleus of the trigeminal/ interpolar part,SPVI,437,left,all,14688,2538.09,607.979,14688,2538.09,607.979
Spinal nucleus of the trigeminal/ interpolar part,SPVI,437,right,all,6761,2368.67,496.672,6761,2368.67,496.672
Spinal nucleus of the trigeminal/ oral part,SPVO,445,left,all,6090,2772.42,694.972,6090,2772.42,694.972
Spinal nucleus of the trigeminal/ oral part,SPVO,445,right,all,3707,2611.82,583.257,3707,2611.82,583.257
Paratrigeminal nucleus,Pa5,589508451,left,all,110,1824.63,393.027,110,1824.63,393.027
Paratrigeminal nucleus,Pa5,589508451,right,all,50,1570.14,319.3,50,1570.14,319.3
Medulla/ motor related,MY-mot,370,left,all,112117,2744.23,643.238,112117,2744.23,643.238
Medulla/ motor related,MY-mot,370,right,all,86141,2589.1,579.109,86141,2589.1,579.109
Abducens nucleus,VI,653,left,all,168,3345.88,684.845,168,3345.88,684.845
Abducens nucleus,VI,653,right,all,111,2354.37,616.667,111,2354.37,616.667
Facial motor nucleus,VII,661,left,all,3202,2723.79,698.649,3202,2723.79,698.649
Facial motor nucleus,VII,661,right,all,1825,2081.56,469.246,1825,2081.56,469.246
Accessory facial motor nucleus,ACVII,576,left,all,54,2585.32,736.87,54,2585.32,736.87
Accessory facial motor nucleus,ACVII,576,right,all,29,2396.17,645.586,29,2396.17,645.586
Nucleus ambiguus,AMB,135,left,all,358,1958.74,646.793,358,1958.74,646.793
Nucleus ambiguus,AMB,135,right,all,106,2288.89,497.943,106,2288.89,497.943
Nucleus ambiguus/ dorsal division,AMBd,939,left,all,201,1766.3,652.373,201,1766.3,652.373
Nucleus ambiguus/ dorsal division,AMBd,939,right,all,69,2126.11,533.478,69,2126.11,533.478
Nucleus ambiguus/ ventral division,AMBv,143,left,all,157,2205.1,639.65,157,2205.1,639.65
Nucleus ambiguus/ ventral division,AMBv,143,right,all,37,2592.44,431.676,37,2592.44,431.676
Dorsal motor nucleus of the vagus nerve,DMX,839,left,all,1481,2503.78,485.456,1481,2503.78,485.456
Dorsal motor nucleus of the vagus nerve,DMX,839,right,all,1802,2547.81,499.575,1802,2547.81,499.575
Gigantocellular reticular nucleus,GRN,1048,left,all,16219,2679.13,641.402,16219,2679.13,641.402
Gigantocellular reticular nucleus,GRN,1048,right,all,14739,2619,609.561,14739,2619,609.561
Infracerebellar nucleus,ICB,372,left,all,373,3336.49,735.196,373,3336.49,735.196
Infracerebellar nucleus,ICB,372,right,all,195,3484.92,658.615,195,3484.92,658.615
Inferior olivary complex,IO,83,left,all,73,1296.92,453.849,73,1296.92,453.849
Inferior olivary complex,IO,83,right,all,41,1330.31,461.244,41,1330.31,461.244
Intermediate reticular nucleus,IRN,136,left,all,22470,2445.5,638.603,22470,2445.5,638.603
Intermediate reticular nucleus,IRN,136,right,all,16804,2279.79,567.664,16804,2279.79,567.664
Inferior salivatory nucleus,ISN,106,left,all,62,3305.88,793.597,62,3305.88,793.597
Inferior salivatory nucleus,ISN,106,right,all,25,1806.36,550.96,25,1806.36,550.96
Linear nucleus of the medulla,LIN,203,left,all,479,2007.52,627.973,479,2007.52,627.973
Linear nucleus of the medulla,LIN,203,right,all,307,1938.44,520.381,307,1938.44,520.381
Lateral reticular nucleus,LRN,235,left,all,277,1877.18,594.379,277,1877.18,594.379
Lateral reticular nucleus,LRN,235,right,all,488,1767.11,473.957,488,1767.11,473.957
Lateral reticular nucleus/ magnocellular part,LRNm,955,left,all,277,1877.18,594.379,277,1877.18,594.379
Lateral reticular nucleus/ magnocellular part,LRNm,955,right,all,488,1767.11,473.957,488,1767.11,473.957
Lateral reticular nucleus/ parvicellular part,LRNp,963,left,all,0,0,0,0,0,0
Lateral reticular nucleus/ parvicellular part,LRNp,963,right,all,0,0,0,0,0,0
Magnocellular reticular nucleus,MARN,307,left,all,2116,1785.59,579.621,2116,1785.59,579.621
Magnocellular reticular nucleus,MARN,307,right,all,1579,2021.55,558.484,1579,2021.55,558.484
Medullary reticular nucleus,MDRN,395,left,all,19115,3050.77,564.437,19115,3050.77,564.437
Medullary reticular nucleus,MDRN,395,right,all,11865,2434.53,495.204,11865,2434.53,495.204
Medullary reticular nucleus/ dorsal part,MDRNd,1098,left,all,14944,3029.28,567.479,14944,3029.28,567.479
Medullary reticular nucleus/ dorsal part,MDRNd,1098,right,all,7378,2401.45,498.631,7378,2401.45,498.631
Medullary reticular nucleus/ ventral part,MDRNv,1107,left,all,4171,3127.75,553.54,4171,3127.75,553.54
Medullary reticular nucleus/ ventral part,MDRNv,1107,right,all,4487,2488.93,489.568,4487,2488.93,489.568
Parvicellular reticular nucleus,PARN,852,left,all,17362,2253.69,638.067,17362,2253.69,638.067
Parvicellular reticular nucleus,PARN,852,right,all,12409,2297.55,560.668,12409,2297.55,560.668
Parasolitary nucleus,PAS,859,left,all,158,2035.83,507.392,158,2035.83,507.392
Parasolitary nucleus,PAS,859,right,all,195,2719.02,516.467,195,2719.02,516.467
Paragigantocellular reticular nucleus,PGRN,938,left,all,3353,2042.98,648.066,3353,2042.98,648.066
Paragigantocellular reticular nucleus,PGRN,938,right,all,2512,2059.17,567.389,2512,2059.17,567.389
Paragigantocellular reticular nucleus/ dorsal part,PGRNd,970,left,all,1455,2258.19,637.581,1455,2258.19,637.581
Paragigantocellular reticular nucleus/ dorsal part,PGRNd,970,right,all,1572,2220.4,617.636,1572,2220.4,617.636
Paragigantocellular reticular nucleus/ lateral part,PGRNl,978,left,all,1898,1878,656.103,1898,1878,656.103
Paragigantocellular reticular nucleus/ lateral part,PGRNl,978,right,all,940,1789.53,483.36,940,1789.53,483.36
Perihypoglossal nuclei,PHY,154,left,all,1149,2418.38,616.253,1149,2418.38,616.253
Perihypoglossal nuclei,PHY,154,right,all,1577,2360.11,602.666,1577,2360.11,602.666
Nucleus of Roller,NR,177,left,all,170,2183.54,518.635,170,2183.54,518.635
Nucleus of Roller,NR,177,right,all,177,2132.24,499.418,177,2132.24,499.418
Nucleus prepositus,PRP,169,left,all,979,2459.16,633.204,979,2459.16,633.204
Nucleus prepositus,PRP,169,right,all,1400,2388.92,615.72,1400,2388.92,615.72
Parapyramidal nucleus,PPY,1069,left,all,16,1274.61,494.188,16,1274.61,494.188
Parapyramidal nucleus,PPY,1069,right,all,1,4304.13,430,1,4304.13,430
Vestibular nuclei,VNC,701,left,all,20253,3517.66,750.916,20253,3517.66,750.916
Vestibular nuclei,VNC,701,right,all,16387,3480.15,676.472,16387,3480.15,676.472
Lateral vestibular nucleus,LAV,209,left,all,1296,4508.24,756.579,1296,4508.24,756.579
Lateral vestibular nucleus,LAV,209,right,all,1040,3890.41,703.519,1040,3890.41,703.519
Medial vestibular nucleus,MV,202,left,all,11976,3493.68,757.25,11976,3493.68,757.25
Medial vestibular nucleus,MV,202,right,all,10532,3463.59,692.472,10532,3463.59,692.472
Spinal vestibular nucleus,SPIV,225,left,all,4525,2890.22,706.039,4525,2890.22,706.039
Spinal vestibular nucleus,SPIV,225,right,all,3289,3071.62,599.663,3289,3071.62,599.663
Superior vestibular nucleus,SUV,217,left,all,2456,4267.92,799.721,2456,4267.92,799.721
Superior vestibular nucleus,SUV,217,right,all,1526,4195.35,713.157,1526,4195.35,713.157
Nucleus x,x,765,left,all,440,2389.04,687.607,440,2389.04,687.607
Nucleus x,x,765,right,all,214,2275.56,522.584,214,2275.56,522.584
Hypoglossal nucleus,XII,773,left,all,2782,2988.51,539.621,2782,2988.51,539.621
Hypoglossal nucleus,XII,773,right,all,2847,2495.96,515.956,2847,2495.96,515.956
Nucleus y,y,781,left,all,157,3896.79,803.344,157,3896.79,803.344
Nucleus y,y,781,right,all,83,3338.09,666.229,83,3338.09,666.229
Medulla/ behavioral state related,MY-sat,379,left,all,441,2218.02,562.88,441,2218.02,562.88
Medulla/ behavioral state related,MY-sat,379,right,all,489,2330.61,577.687,489,2330.61,577.687
Nucleus raphe magnus,RM,206,left,all,343,2353.75,568.134,343,2353.75,568.134
Nucleus raphe magnus,RM,206,right,all,376,2485.98,585.125,376,2485.98,585.125
Nucleus raphe pallidus,RPA,230,left,all,2,1116.46,447.5,2,1116.46,447.5
Nucleus raphe pallidus,RPA,230,right,all,1,1208.82,428,1,1208.82,428
Nucleus raphe obscurus,RO,222,left,all,96,1756.02,546.51,96,1756.02,546.51
Nucleus raphe obscurus,RO,222,right,all,112,1819.01,554.054,112,1819.01,554.054
Cerebellum,CB,512,left,all,212016,3145.41,596.816,212016,3145.41,596.816
Cerebellum,CB,512,right,all,158138,2941.88,527.084,158138,2941.88,527.084
Cerebellar cortex,CBX,528,left,all,198903,3117.45,589.795,198903,3117.45,589.795
Cerebellar cortex,CBX,528,right,all,150641,2921.47,522.026,150641,2921.47,522.026
Vermal regions,VERM,645,left,all,79046,2840.89,567.693,79046,2840.89,567.693
Vermal regions,VERM,645,right,all,69323,2640.13,530.932,69323,2640.13,530.932
Lingula (I),LING,912,left,all,295,2089.97,551.431,295,2089.97,551.431
Lingula (I),LING,912,right,all,280,2082.33,541.932,280,2082.33,541.932
Central lobule,CENT,920,left,all,15174,2760.57,574.905,15174,2760.57,574.905
Central lobule,CENT,920,right,all,15226,2532.1,533.82,15226,2532.1,533.82
Lobule II,CENT2,976,left,all,4721,2657.58,587.717,4721,2657.58,587.717
Lobule II,CENT2,976,right,all,4590,2469.61,534.181,4590,2469.61,534.181
Lobule III,CENT3,984,left,all,10453,2807.08,569.119,10453,2807.08,569.119
Lobule III,CENT3,984,right,all,10636,2559.07,533.663,10636,2559.07,533.663
Culmen,CUL,928,left,all,25358,3177.77,621.536,25358,3177.77,621.536
Culmen,CUL,928,right,all,20286,2915.11,567.591,20286,2915.11,567.591
Lobules IV-V,CUL4/ 5,1091,left,all,25358,3177.77,621.536,25358,3177.77,621.536
Lobules IV-V,CUL4/ 5,1091,right,all,20286,2915.11,567.591,20286,2915.11,567.591
Declive (VI),DEC,936,left,all,8413,2873.31,549.466,8413,2873.31,549.466
Declive (VI),DEC,936,right,all,6755,2804.33,513.189,6755,2804.33,513.189
Folium-tuber vermis (VII),FOTU,944,left,all,3719,2936.91,487.585,3719,2936.91,487.585
Folium-tuber vermis (VII),FOTU,944,right,all,3222,2818.16,472.572,3222,2818.16,472.572
Pyramus (VIII),PYR,951,left,all,6450,2974.69,530.387,6450,2974.69,530.387
Pyramus (VIII),PYR,951,right,all,5186,2837.12,511.758,5186,2837.12,511.758
Uvula (IX),UVU,957,left,all,13677,2570.98,525.817,13677,2570.98,525.817
Uvula (IX),UVU,957,right,all,11576,2516.08,516.711,11576,2516.08,516.711
Nodulus (X),NOD,968,left,all,5960,2018.12,533.242,5960,2018.12,533.242
Nodulus (X),NOD,968,right,all,6792,1897.24,498.724,6792,1897.24,498.724
Hemispheric regions,HEM,1073,left,all,119857,3299.84,604.371,119857,3299.84,604.371
Hemispheric regions,HEM,1073,right,all,81318,3161.32,514.433,81318,3161.32,514.433
Simple lobule,SIM,1007,left,all,25792,3437.41,628.105,25792,3437.41,628.105
Simple lobule,SIM,1007,right,all,16391,3135,534.887,16391,3135,534.887
Ansiform lobule,AN,1017,left,all,39428,3576.1,629.274,39428,3576.1,629.274
Ansiform lobule,AN,1017,right,all,25953,3568.65,534.982,25953,3568.65,534.982
Crus 1,ANcr1,1056,left,all,22411,3721.08,652.49,22411,3721.08,652.49
Crus 1,ANcr1,1056,right,all,14316,3607.43,553.096,14316,3607.43,553.096
Crus 2,ANcr2,1064,left,all,17017,3385.15,598.7,17017,3385.15,598.7
Crus 2,ANcr2,1064,right,all,11637,3520.94,512.697,11637,3520.94,512.697
Paramedian lobule,PRM,1025,left,all,16605,3232.28,561.695,16605,3232.28,561.695
Paramedian lobule,PRM,1025,right,all,12446,3245.85,495.478,12446,3245.85,495.478
Copula pyramidis,COPY,1033,left,all,9691,2985.77,572.619,9691,2985.77,572.619
Copula pyramidis,COPY,1033,right,all,8119,3136.88,539.179,8119,3136.88,539.179
Paraflocculus,PFL,1041,left,all,22166,2981.08,577.634,22166,2981.08,577.634
Paraflocculus,PFL,1041,right,all,14834,2583.89,458.37,14834,2583.89,458.37
Flocculus,FL,1049,left,all,6175,2780.14,606.793,6175,2780.14,606.793
Flocculus,FL,1049,right,all,3575,2482.13,513.891,3575,2482.13,513.891
Cerebellar nuclei,CBN,519,left,all,8826,3858.53,762.753,8826,3858.53,762.753
Cerebellar nuclei,CBN,519,right,all,4957,3448.39,651.088,4957,3448.39,651.088
Fastigial nucleus,FN,989,left,all,1484,3658.04,710.969,1484,3658.04,710.969
Fastigial nucleus,FN,989,right,all,1070,3328.74,652.435,1070,3328.74,652.435
Interposed nucleus,IP,91,left,all,4696,3657.94,765.89,4696,3657.94,765.89
Interposed nucleus,IP,91,right,all,2653,3409.6,649.148,2653,3409.6,649.148
Dentate nucleus,DN,846,left,all,2029,4620.72,800.78,2029,4620.72,800.78
Dentate nucleus,DN,846,right,all,832,3923.78,648.166,832,3923.78,648.166
Vestibulocerebellar nucleus,VeCB,589508455,left,all,617,3360.92,738.382,617,3360.92,738.382
Vestibulocerebellar nucleus,VeCB,589508455,right,all,402,3038.96,666.353,402,3038.96,666.353
fiber tracts,fiber tracts,1009,left,all,212425,2658.64,567.499,212425,2658.64,567.499
fiber tracts,fiber tracts,1009,right,all,165719,2551.01,504.946,165719,2551.01,504.946
cranial nerves,cm,967,left,all,36721,2444.51,508.437,36721,2444.51,508.437
cranial nerves,cm,967,right,all,25577,2296.43,456.435,25577,2296.43,456.435
vomeronasal nerve,von,949,left,all,39,4290.89,414.205,39,4290.89,414.205
vomeronasal nerve,von,949,right,all,53,2483.2,363.264,53,2483.2,363.264
olfactory nerve,In,840,left,all,16596,2360.92,453.235,16596,2360.92,453.235
olfactory nerve,In,840,right,all,11570,2259.22,406.966,11570,2259.22,406.966
olfactory nerve layer of main olfactory bulb,onl,1016,left,all,10303,2578.32,429.901,10303,2578.32,429.901
olfactory nerve layer of main olfactory bulb,onl,1016,right,all,6090,2392.41,378.619,6090,2392.41,378.619
lateral olfactory tract/ general,lotg,21,left,all,2224,2000.27,428.026,2224,2000.27,428.026
lateral olfactory tract/ general,lotg,21,right,all,2793,2114.36,416.078,2793,2114.36,416.078
lateral olfactory tract/ body,lot,665,left,all,1321,1988.75,414.346,1321,1988.75,414.346
lateral olfactory tract/ body,lot,665,right,all,2260,2074.33,417.948,2260,2074.33,417.948
dorsal limb,lotd,538,left,all,903,2017.11,448.038,903,2017.11,448.038
dorsal limb,lotd,538,right,all,533,2284.08,408.146,533,2284.08,408.146
anterior commissure/ olfactory limb,aco,900,left,all,4069,2007.56,526.097,4069,2007.56,526.097
anterior commissure/ olfactory limb,aco,900,right,all,2687,2107.9,461.745,2687,2107.9,461.745
optic nerve,IIn,848,left,all,4615,2456.47,582.766,4615,2456.47,582.766
optic nerve,IIn,848,right,all,2259,2379.1,515.345,2259,2379.1,515.345
brachium of the superior colliculus,bsc,916,left,all,1520,2575.26,629.734,1520,2575.26,629.734
brachium of the superior colliculus,bsc,916,right,all,882,2343.13,472.255,882,2343.13,472.255
superior colliculus commissure,csc,336,left,all,186,2386.14,534.769,186,2386.14,534.769
superior colliculus commissure,csc,336,right,all,211,2160.23,530.336,211,2160.23,530.336
optic chiasm,och,117,left,all,0,0,0,0,0,0
optic chiasm,och,117,right,all,0,0,0,0,0,0
optic tract,opt,125,left,all,2909,2398.9,561.294,2909,2398.9,561.294
optic tract,opt,125,right,all,1166,2445.93,545.226,1166,2445.93,545.226
oculomotor nerve,IIIn,832,left,all,905,2992.05,581.951,905,2992.05,581.951
oculomotor nerve,IIIn,832,right,all,895,2222.42,551.199,895,2222.42,551.199
medial longitudinal fascicle,mlf,62,left,all,640,3442.76,596.266,640,3442.76,596.266
medial longitudinal fascicle,mlf,62,right,all,653,2299.41,558.681,653,2299.41,558.681
posterior commissure,pc,158,left,all,241,1867.88,545.378,241,1867.88,545.378
posterior commissure,pc,158,right,all,223,1923.51,532.305,223,1923.51,532.305
trochlear nerve,IVn,911,left,all,50,3678.22,551.9,50,3678.22,551.9
trochlear nerve,IVn,911,right,all,33,3259.61,518.242,33,3259.61,518.242
trigeminal nerve,Vn,901,left,all,2884,1908.86,413.467,2884,1908.86,413.467
trigeminal nerve,Vn,901,right,all,1735,1777.26,341.569,1735,1777.26,341.569
motor root of the trigeminal nerve,moV,93,left,all,14,6915.21,659.857,14,6915.21,659.857
motor root of the trigeminal nerve,moV,93,right,all,12,2304.24,323.083,12,2304.24,323.083
sensory root of the trigeminal nerve,sV,229,left,all,2870,1884.44,412.266,2870,1884.44,412.266
sensory root of the trigeminal nerve,sV,229,right,all,1723,1773.59,341.698,1723,1773.59,341.698
spinal tract of the trigeminal nerve,sptV,794,left,all,2530,1890.49,422.887,2530,1890.49,422.887
spinal tract of the trigeminal nerve,sptV,794,right,all,1592,1789.86,345.823,1592,1789.86,345.823
facial nerve,VIIn,798,left,all,314,2981.23,645.481,314,2981.23,645.481
facial nerve,VIIn,798,right,all,321,2302.84,598.162,321,2302.84,598.162
genu of the facial nerve,gVIIn,1116,left,all,93,4160.5,679.71,93,4160.5,679.71
genu of the facial nerve,gVIIn,1116,right,all,101,2434.91,614.624,101,2434.91,614.624
vestibulocochlear nerve,VIIIn,933,left,all,7630,2837.43,566.822,7630,2837.43,566.822
vestibulocochlear nerve,VIIIn,933,right,all,5402,2563.43,496.232,5402,2563.43,496.232
vestibular nerve,vVIIIn,413,left,all,214,2487.82,532.575,214,2487.82,532.575
vestibular nerve,vVIIIn,413,right,all,202,2442.07,551.495,202,2442.07,551.495
cochlear nerve,cVIIIn,948,left,all,7416,2847.52,567.81,7416,2847.52,567.81
cochlear nerve,cVIIIn,948,right,all,5200,2568.14,494.085,5200,2568.14,494.085
trapezoid body,tb,841,left,all,134,1431.03,422.821,134,1431.03,422.821
trapezoid body,tb,841,right,all,125,1467.51,340.912,125,1467.51,340.912
dorsal acoustic stria,das,506,left,all,82,2993.15,726.817,82,2993.15,726.817
dorsal acoustic stria,das,506,right,all,64,4197.58,725.25,64,4197.58,725.25
lateral lemniscus,ll,658,left,all,5828,3009.22,589.95,5828,3009.22,589.95
lateral lemniscus,ll,658,right,all,3876,2745.96,531.179,3876,2745.96,531.179
inferior colliculus commissure,cic,633,left,all,157,2369.78,475.745,157,2369.78,475.745
inferior colliculus commissure,cic,633,right,all,136,2484.1,459.213,136,2484.1,459.213
brachium of the inferior colliculus,bic,482,left,all,1215,2280.04,478.768,1215,2280.04,478.768
brachium of the inferior colliculus,bic,482,right,all,999,1923.02,359.269,999,1923.02,359.269
vagus nerve,Xn,917,left,all,85,2623.43,530.541,85,2623.43,530.541
vagus nerve,Xn,917,right,all,93,2788.97,551.215,93,2788.97,551.215
solitary tract,ts,237,left,all,85,2623.43,530.541,85,2623.43,530.541
solitary tract,ts,237,right,all,93,2788.97,551.215,93,2788.97,551.215
dorsal roots,drt,792,left,all,3603,2185.3,589.363,3603,2185.3,589.363
dorsal roots,drt,792,right,all,3216,2196.56,545.787,3216,2196.56,545.787
cervicothalamic tract,cett,932,left,all,3603,2185.3,589.363,3603,2185.3,589.363
cervicothalamic tract,cett,932,right,all,3216,2196.56,545.787,3216,2196.56,545.787
dorsal column,dc,514,left,all,0,0,0,0,0,0
dorsal column,dc,514,right,all,55,1697.1,379.073,55,1697.1,379.073
cuneate fascicle,cuf,380,left,all,0,0,0,0,0,0
cuneate fascicle,cuf,380,right,all,55,1697.1,379.073,55,1697.1,379.073
medial lemniscus,ml,697,left,all,3603,2185.3,589.363,3603,2185.3,589.363
medial lemniscus,ml,697,right,all,3161,2205.25,548.688,3161,2205.25,548.688
cerebellum related fiber tracts,cbf,960,left,all,26440,3370.76,640.366,26440,3370.76,640.366
cerebellum related fiber tracts,cbf,960,right,all,19652,3153.72,578.079,19652,3153.72,578.079
cerebellar commissure,cbc,744,left,all,54,1836.59,616.963,54,1836.59,616.963
cerebellar commissure,cbc,744,right,all,77,1728.44,606.714,77,1728.44,606.714
cerebellar peduncles,cbp,752,left,all,5910,3116.61,581.778,5910,3116.61,581.778
cerebellar peduncles,cbp,752,right,all,5085,3182.7,576.971,5085,3182.7,576.971
superior cerebelar peduncles,scp,326,left,all,3712,3686.43,673.501,3712,3686.43,673.501
superior cerebelar peduncles,scp,326,right,all,3622,3318.65,614.51,3622,3318.65,614.51
superior cerebellar peduncle decussation,dscp,812,left,all,128,2463.44,500.445,128,2463.44,500.445
superior cerebellar peduncle decussation,dscp,812,right,all,211,2527.52,479.711,211,2527.52,479.711
uncinate fascicle,uf,850,left,all,296,3242.83,674.483,296,3242.83,674.483
uncinate fascicle,uf,850,right,all,472,2832.12,611.492,472,2832.12,611.492
ventral spinocerebellar tract,sctv,866,left,all,509,3235.85,615.175,509,3235.85,615.175
ventral spinocerebellar tract,sctv,866,right,all,416,2656.71,594.075,416,2656.71,594.075
middle cerebellar peduncle,mcp,78,left,all,1588,2132.56,401.697,1588,2132.56,401.697
middle cerebellar peduncle,mcp,78,right,all,798,2648.51,446.999,798,2648.51,446.999
inferior cerebellar peduncle,icp,1123,left,all,610,2210.87,492.426,610,2210.87,492.426
inferior cerebellar peduncle,icp,1123,right,all,665,3083.24,528.481,665,3083.24,528.481
dorsal spinocerebellar tract,sctd,553,left,all,18,1380.04,433.556,18,1380.04,433.556
dorsal spinocerebellar tract,sctd,553,right,all,10,1734.94,311.2,10,1734.94,311.2
arbor vitae,arb,728,left,all,20476,3448.16,657.338,20476,3448.16,657.338
arbor vitae,arb,728,right,all,14490,3151.13,578.316,14490,3151.13,578.316
supra-callosal cerebral white matter,scwm,484682512,left,all,8023,2222.92,564.999,8023,2222.92,564.999
supra-callosal cerebral white matter,scwm,484682512,right,all,5445,2125.19,460.769,5445,2125.19,460.769
lateral forebrain bundle system,lfbs,983,left,all,85366,2587.97,568.877,85366,2587.97,568.877
lateral forebrain bundle system,lfbs,983,right,all,68581,2526.97,497.696,68581,2526.97,497.696
corpus callosum,cc,776,left,all,52703,2530.6,557.827,52703,2530.6,557.827
corpus callosum,cc,776,right,all,42530,2439.92,488.611,42530,2439.92,488.611
corpus callosum/ anterior forceps,fa,956,left,all,10430,2278.58,546.097,10430,2278.58,546.097
corpus callosum/ anterior forceps,fa,956,right,all,8427,2139.96,457.309,8427,2139.96,457.309
external capsule,ec,579,left,all,6591,2450.68,543.662,6591,2450.68,543.662
external capsule,ec,579,right,all,6163,2268.07,449.261,6163,2268.07,449.261
corpus callosum/ extreme capsule,ee,964,left,all,699,2899.92,534.548,699,2899.92,534.548
corpus callosum/ extreme capsule,ee,964,right,all,529,2339.15,433.102,529,2339.15,433.102
genu of corpus callosum,ccg,1108,left,all,3496,1931.57,540.416,3496,1931.57,540.416
genu of corpus callosum,ccg,1108,right,all,2386,2002.86,476.809,2386,2002.86,476.809
corpus callosum/ posterior forceps,fp,971,left,all,15365,2735.29,566.728,15365,2735.29,566.728
corpus callosum/ posterior forceps,fp,971,right,all,12253,2590.16,486.829,12253,2590.16,486.829
corpus callosum/ body,ccb,484682516,left,all,13920,2147,522.127,13920,2147,522.127
corpus callosum/ body,ccb,484682516,right,all,11271,2135.68,462.039,11271,2135.68,462.039
corpus callosum/ splenium,ccs,986,left,all,8793,3287.97,621.478,8793,3287.97,621.478
corpus callosum/ splenium,ccs,986,right,all,7664,3120,572.459,7664,3120,572.459
corticospinal tract,cst,784,left,all,13266,2310.33,568.331,13266,2310.33,568.331
corticospinal tract,cst,784,right,all,12151,2609.82,537.197,12151,2609.82,537.197
internal capsule,int,6,left,all,9561,2401.96,576.876,9561,2401.96,576.876
internal capsule,int,6,right,all,8480,2748.99,561.282,8480,2748.99,561.282
cerebal peduncle,cpd,924,left,all,3586,2096.2,552.216,3586,2096.2,552.216
cerebal peduncle,cpd,924,right,all,3630,2297.8,483.076,3630,2297.8,483.076
pyramid,py,190,left,all,0,0,0,0,0,0
pyramid,py,190,right,all,2,4095.21,383,2,4095.21,383
pyramidal decussation,pyd,198,left,all,39,1261.57,396.026,39,1261.57,396.026
pyramidal decussation,pyd,198,right,all,19,1292.06,392.105,19,1292.06,392.105
thalamus related,lfbst,896,left,all,19397,2933.72,599.272,19397,2933.72,599.272
thalamus related,lfbst,896,right,all,13900,2720.87,490.965,13900,2720.87,490.965
external medullary lamina of the thalamus,em,1092,left,all,936,3859.29,702.753,936,3859.29,702.753
external medullary lamina of the thalamus,em,1092,right,all,742,3860.26,645.938,742,3860.26,645.938
optic radiation,or,484682520,left,all,14816,2945.79,586.029,14816,2945.79,586.029
optic radiation,or,484682520,right,all,10509,2574.58,458.733,10509,2574.58,458.733
auditory radiation,ar,484682524,left,all,3645,2646.95,626.53,3645,2646.95,626.53
auditory radiation,ar,484682524,right,all,2649,2982.11,575.426,2649,2982.11,575.426
extrapyramidal fiber systems,eps,1000,left,all,5268,2655.38,626.828,5268,2655.38,626.828
extrapyramidal fiber systems,eps,1000,right,all,4121,2422.86,561.988,4121,2422.86,561.988
cerebral nuclei related,epsc,760,left,all,1189,2714.62,741.951,1189,2714.62,741.951
cerebral nuclei related,epsc,760,right,all,594,2455.22,609.229,594,2455.22,609.229
nigrostriatal tract,nst,102,left,all,1189,2714.62,741.951,1189,2714.62,741.951
nigrostriatal tract,nst,102,right,all,594,2455.22,609.229,594,2455.22,609.229
tectospinal pathway,tsp,877,left,all,2624,2854.57,616.586,2624,2854.57,616.586
tectospinal pathway,tsp,877,right,all,2072,2676.08,588.551,2072,2676.08,588.551
direct tectospinal pathway,tspd,1051,left,all,0,0,0,0,0,0
direct tectospinal pathway,tspd,1051,right,all,0,0,0,0,0,0
doral tegmental decussation,dtd,1060,left,all,55,2344.4,554.164,55,2344.4,554.164
doral tegmental decussation,dtd,1060,right,all,39,2401.07,528.615,39,2401.07,528.615
crossed tectospinal pathway,tspc,1043,left,all,2569,2865.5,617.922,2569,2865.5,617.922
crossed tectospinal pathway,tspc,1043,right,all,2033,2681.35,589.7,2033,2681.35,589.7
rubrospinal tract,rust,863,left,all,1455,2247.75,551.221,1455,2247.75,551.221
rubrospinal tract,rust,863,right,all,1455,2049.05,504.876,1455,2049.05,504.876
ventral tegmental decussation,vtd,397,left,all,217,2264.77,588.24,217,2264.77,588.24
ventral tegmental decussation,vtd,397,right,all,272,2155.01,583.217,272,2155.01,583.217
medial forebrain bundle system,mfbs,991,left,all,43522,2609.7,556.913,43522,2609.7,556.913
medial forebrain bundle system,mfbs,991,right,all,36484,2508.03,503.204,36484,2508.03,503.204
cerebrum related,mfbc,768,left,all,38479,2646.28,554.009,38479,2646.28,554.009
cerebrum related,mfbc,768,right,all,32178,2534.77,497.816,32178,2534.77,497.816
amygdalar capsule,amc,884,left,all,1219,2844.17,561.283,1219,2844.17,561.283
amygdalar capsule,amc,884,right,all,997,2274.98,470.549,997,2274.98,470.549
anterior commissure/ temporal limb,act,908,left,all,1192,1908.68,544.409,1192,1908.68,544.409
anterior commissure/ temporal limb,act,908,right,all,970,1826.21,469.251,970,1826.21,469.251
cingulum bundle,cing,940,left,all,10829,2637.54,532.87,10829,2637.54,532.87
cingulum bundle,cing,940,right,all,10141,2829.78,530.079,10141,2829.78,530.079
fornix system,fxs,1099,left,all,23121,2675,563.113,23121,2675,563.113
fornix system,fxs,1099,right,all,18762,2447.45,483.353,18762,2447.45,483.353
alveus,alv,466,left,all,10053,3132.9,612.424,10053,3132.9,612.424
alveus,alv,466,right,all,8457,2567.87,490.759,8457,2567.87,490.759
dorsal fornix,df,530,left,all,90,1903.71,433.389,90,1903.71,433.389
dorsal fornix,df,530,right,all,99,1989.83,440.121,99,1989.83,440.121
fimbria,fi,603,left,all,5197,2429.26,526.668,5197,2429.26,526.668
fimbria,fi,603,right,all,3621,2151.47,445.455,3621,2151.47,445.455
postcommissural fornix,fxpo,737,left,all,1384,1886.25,513.361,1384,1886.25,513.361
postcommissural fornix,fxpo,737,right,all,1074,1888.88,481.48,1074,1888.88,481.48
medial corticohypothalamic tract,mct,428,left,all,66,1594.55,462.152,66,1594.55,462.152
medial corticohypothalamic tract,mct,428,right,all,46,1840.76,466.826,46,1840.76,466.826
columns of the fornix,fx,436,left,all,1318,1900.86,515.926,1318,1900.86,515.926
columns of the fornix,fx,436,right,all,1028,1891.03,482.136,1028,1891.03,482.136
hippocampal commissures,hc,618,left,all,6397,2336.55,527.816,6397,2336.55,527.816
hippocampal commissures,hc,618,right,all,5511,2574.21,498.029,5511,2574.21,498.029
dorsal hippocampal commissure,dhc,443,left,all,6162,2243.33,528.821,6162,2243.33,528.821
dorsal hippocampal commissure,dhc,443,right,all,5222,2465.13,497.335,5222,2465.13,497.335
ventral hippocampal commissure,vhc,449,left,all,235,4780.81,501.481,235,4780.81,501.481
ventral hippocampal commissure,vhc,449,right,all,289,4545.18,510.567,289,4545.18,510.567
stria terminalis,st,301,left,all,2118,2678.68,563.936,2118,2678.68,563.936
stria terminalis,st,301,right,all,1308,2223.44,497.125,1308,2223.44,497.125
commissural branch of stria terminalis,stc,484682528,left,all,260,2353.28,550.815,260,2353.28,550.815
commissural branch of stria terminalis,stc,484682528,right,all,143,1788.27,470.727,143,1788.27,470.727
hypothalamus related,mfsbshy,824,left,all,5043,2330.56,579.069,5043,2330.56,579.069
hypothalamus related,mfsbshy,824,right,all,4306,2308.26,543.461,4306,2308.26,543.461
medial forebrain bundle,mfb,54,left,all,216,2294.07,714.921,216,2294.07,714.921
medial forebrain bundle,mfb,54,right,all,182,2399.99,613.231,182,2399.99,613.231
supraoptic commissures,sup,349,left,all,59,2747.4,455.441,59,2747.4,455.441
supraoptic commissures,sup,349,right,all,65,1991.71,385.462,65,1991.71,385.462
mammillary related,mfbsma,46,left,all,1799,2570.53,603.156,1799,2570.53,603.156
mammillary related,mfbsma,46,right,all,1387,2257.03,556.681,1387,2257.03,556.681
principal mammillary tract,pm,753,left,all,150,2179.96,640.753,150,2179.96,640.753
principal mammillary tract,pm,753,right,all,120,2235.82,605.042,120,2235.82,605.042
mammillothalamic tract,mtt,690,left,all,1227,2720.96,600.469,1227,2720.96,600.469
mammillothalamic tract,mtt,690,right,all,751,2287.34,559.473,751,2287.34,559.473
mammillotegmental tract,mtg,681,left,all,338,2325.55,600.343,338,2325.55,600.343
mammillotegmental tract,mtg,681,right,all,375,2435.6,576.235,375,2435.6,576.235
mammillary peduncle,mp,673,left,all,84,2056.28,586.571,84,2056.28,586.571
mammillary peduncle,mp,673,right,all,141,1638.73,448.645,141,1638.73,448.645
epithalamus related,mfbse,1083,left,all,2969,2179.53,557.048,2969,2179.53,557.048
epithalamus related,mfbse,1083,right,all,2672,2336.31,535.691,2672,2336.31,535.691
stria medullaris,sm,802,left,all,1295,2072.57,494.255,1295,2072.57,494.255
stria medullaris,sm,802,right,all,1078,2035.94,473.34,1078,2035.94,473.34
fasciculus retroflexus,fr,595,left,all,1361,2396.34,634.265,1361,2396.34,634.265
fasciculus retroflexus,fr,595,right,all,1280,2746.05,610.98,1280,2746.05,610.98
habenular commissure,hbc,611,left,all,313,1679.35,481.093,313,1679.35,481.093
habenular commissure,hbc,611,right,all,314,1697.19,442.838,314,1697.19,442.838
ventricular systems,VS,73,left,all,22442,2449.93,488.12,22442,2449.93,488.12
ventricular systems,VS,73,right,all,21531,2081.74,424.993,21531,2081.74,424.993
lateral ventricle,VL,81,left,all,16866,2396,487.978,16866,2396,487.978
lateral ventricle,VL,81,right,all,15313,2081.34,415.722,15313,2081.34,415.722
subependymal zone,SEZ,98,left,all,784,2188.59,409.04,784,2188.59,409.04
subependymal zone,SEZ,98,right,all,500,1858.78,369.044,500,1858.78,369.044
choroid plexus,chpl,108,left,all,5030,1840.43,492.777,5030,1840.43,492.777
choroid plexus,chpl,108,right,all,5751,1895.76,447.016,5751,1895.76,447.016
third ventricle,V3,129,left,all,2996,2852.72,498.732,2996,2852.72,498.732
third ventricle,V3,129,right,all,3147,2384.22,487.876,3147,2384.22,487.876
cerebral aqueduct,AQ,140,left,all,535,2117.54,348.118,535,2117.54,348.118
cerebral aqueduct,AQ,140,right,all,1042,1906.78,357.547,1042,1906.78,357.547
fourth ventricle,V4,145,left,all,2039,2392.5,510.453,2039,2392.5,510.453
fourth ventricle,V4,145,right,all,2024,1705.03,432.045,2024,1705.03,432.045
lateral recess,V4r,153,left,all,1044,3199.96,561.09,1044,3199.96,561.09
lateral recess,V4r,153,right,all,1268,1815.73,425.677,1268,1815.73,425.677
central canal/ spinal cord/medulla,c,164,left,all,6,2071.21,483.167,6,2071.21,483.167
central canal/ spinal cord/medulla,c,164,right,all,5,1864.34,440.2,5,1864.34,440.2
