Region,,,,Experiment,Marker 1,,,Total,,
name,acronym,id,hemisphere,section,count,strength,channel Ex: 488.000000nm Em: 525.000000nm,count,strength,channel Ex: 488.000000nm Em: 525.000000nm
Outside,,0,left,all,189783,383.484,1716.66,189783,383.484,1716.66
Outside,,0,right,all,155401,396.658,1629.46,155401,396.658,1629.46
root,root,997,left,all,2056644,265.792,1463.61,2056644,265.792,1463.61
root,root,997,right,all,1903940,298.395,1422.31,1903940,298.395,1422.31
Basic cell groups and regions,grey,8,left,all,1758053,273.722,1495.71,1758053,273.722,1495.71
Basic cell groups and regions,grey,8,right,all,1603701,312.594,1464.54,1603701,312.594,1464.54
Cerebrum,CH,567,left,all,816147,329.773,1561.21,816147,329.773,1561.21
Cerebrum,CH,567,right,all,789998,401.353,1624.05,789998,401.353,1624.05
Cerebral cortex,CTX,688,left,all,651987,363.125,1635.67,651987,363.125,1635.67
Cerebral cortex,CTX,688,right,all,633617,454.265,1749.23,633617,454.265,1749.23
Cortical plate,CTXpl,695,left,all,638560,366.514,1649.28,638560,366.514,1649.28
Cortical plate,CTXpl,695,right,all,618446,460.64,1771.31,618446,460.64,1771.31
Isocortex,Isocortex,315,left,all,386786,422.466,1819.57,386786,422.466,1819.57
Isocortex,Isocortex,315,right,all,371878,565.197,2038.52,371878,565.197,2038.52
Frontal pole/ cerebral cortex,FRP,184,left,all,3338,358.352,1436.26,3338,358.352,1436.26
Frontal pole/ cerebral cortex,FRP,184,right,all,3342,452.232,1611.28,3342,452.232,1611.28
Frontal pole/ layer 1,FRP1,68,left,all,2084,458.377,1660.54,2084,458.377,1660.54
Frontal pole/ layer 1,FRP1,68,right,all,2454,552.54,1861.09,2454,552.54,1861.09
Frontal pole/ layer 2/3,FRP2/3,667,left,all,423,186.748,1155.81,423,186.748,1155.81
Frontal pole/ layer 2/3,FRP2/3,667,right,all,368,166.896,994.785,368,166.896,994.785
Frontal pole/ layer 5,FRP5,526157192,left,all,747,197.146,1027.9,747,197.146,1027.9
Frontal pole/ layer 5,FRP5,526157192,right,all,439,179.54,872.599,439,179.54,872.599
Frontal pole/ layer 6a,FRP6a,526157196,left,all,84,174.488,915.798,84,174.488,915.798
Frontal pole/ layer 6a,FRP6a,526157196,right,all,81,187.536,847.173,81,187.536,847.173
Frontal pole/ layer 6b,FRP6b,526322264,left,all,0,0,0,0,0,0
Frontal pole/ layer 6b,FRP6b,526322264,right,all,0,0,0,0,0,0
Somatomotor areas,MO,500,left,all,68196,487.487,2012.12,68196,487.487,2012.12
Somatomotor areas,MO,500,right,all,82436,585.918,2174.81,82436,585.918,2174.81
Primary motor area,MOp,985,left,all,34035,430.074,1847.74,34035,430.074,1847.74
Primary motor area,MOp,985,right,all,42103,561.976,2080.82,42103,561.976,2080.82
Primary motor area/ Layer 1,MOp1,320,left,all,10807,906.639,3190.13,10807,906.639,3190.13
Primary motor area/ Layer 1,MOp1,320,right,all,13640,1301.61,3976.55,13640,1301.61,3976.55
Primary motor area/ Layer 2/3,MOp2/3,943,left,all,8365,211.862,1292.38,8365,211.862,1292.38
Primary motor area/ Layer 2/3,MOp2/3,943,right,all,10905,203.665,1228.79,10905,203.665,1228.79
Primary motor area/ Layer 5,MOp5,648,left,all,9272,214.72,1225.97,9272,214.72,1225.97
Primary motor area/ Layer 5,MOp5,648,right,all,11635,212.737,1171.55,11635,212.737,1171.55
Primary motor area/ Layer 6a,MOp6a,844,left,all,4872,196.069,1107.76,4872,196.069,1107.76
Primary motor area/ Layer 6a,MOp6a,844,right,all,5600,205.878,1075.41,5600,205.878,1075.41
Primary motor area/ Layer 6b,MOp6b,882,left,all,719,168.505,1164.32,719,168.505,1164.32
Primary motor area/ Layer 6b,MOp6b,882,right,all,323,178.973,975.963,323,178.973,975.963
Secondary motor area,MOs,993,left,all,34161,544.689,2175.9,34161,544.689,2175.9
Secondary motor area,MOs,993,right,all,40333,610.911,2272.93,40333,610.911,2272.93
Secondary motor area/ layer 1,MOs1,656,left,all,18272,853.622,3126.83,18272,853.622,3126.83
Secondary motor area/ layer 1,MOs1,656,right,all,21013,997.29,3386.91,21013,997.29,3386.91
Secondary motor area/ layer 2/3,MOs2/3,962,left,all,4743,186.857,1155.57,4743,186.857,1155.57
Secondary motor area/ layer 2/3,MOs2/3,962,right,all,6084,184.618,1103.03,6084,184.618,1103.03
Secondary motor area/ layer 5,MOs5,767,left,all,8504,190.485,1061.95,8504,190.485,1061.95
Secondary motor area/ layer 5,MOs5,767,right,all,9999,194.912,1053.25,9999,194.912,1053.25
Secondary motor area/ layer 6a,MOs6a,1021,left,all,2510,191.388,1015.12,2510,191.388,1015.12
Secondary motor area/ layer 6a,MOs6a,1021,right,all,3079,189.151,1009.38,3079,189.151,1009.38
Secondary motor area/ layer 6b,MOs6b,1085,left,all,132,175.837,1042.52,132,175.837,1042.52
Secondary motor area/ layer 6b,MOs6b,1085,right,all,158,185.332,980.038,158,185.332,980.038
Somatosensory areas,SS,453,left,all,151379,417.176,1866.26,151379,417.176,1866.26
Somatosensory areas,SS,453,right,all,125906,581.19,2112.17,125906,581.19,2112.17
Primary somatosensory area,SSp,322,left,all,111656,411.818,1901.76,111656,411.818,1901.76
Primary somatosensory area,SSp,322,right,all,99256,564.79,2124.59,99256,564.79,2124.59
Primary somatosensory area/ nose,SSp-n,353,left,all,18575,391.153,1896.23,18575,391.153,1896.23
Primary somatosensory area/ nose,SSp-n,353,right,all,10585,607.444,2109.81,10585,607.444,2109.81
Primary somatosensory area/ nose/ layer 1,SSp-n1,558,left,all,3826,1067.07,3437.79,3826,1067.07,3437.79
Primary somatosensory area/ nose/ layer 1,SSp-n1,558,right,all,3946,1256.99,3651.97,3946,1256.99,3651.97
Primary somatosensory area/ nose/ layer 2/3,SSp-n2/3,838,left,all,3470,218.269,1521.04,3470,218.269,1521.04
Primary somatosensory area/ nose/ layer 2/3,SSp-n2/3,838,right,all,1191,227.778,1227.42,1191,227.778,1227.42
Primary somatosensory area/ nose/ layer 4,SSp-n4,654,left,all,5814,214.435,1626.5,5814,214.435,1626.5
Primary somatosensory area/ nose/ layer 4,SSp-n4,654,right,all,1939,207.988,1273.49,1939,207.988,1273.49
Primary somatosensory area/ nose/ layer 5,SSp-n5,702,left,all,3181,226.636,1453.85,3181,226.636,1453.85
Primary somatosensory area/ nose/ layer 5,SSp-n5,702,right,all,1849,221.329,1176.45,1849,221.329,1176.45
Primary somatosensory area/ nose/ layer 6a,SSp-n6a,889,left,all,1903,207.132,1199.7,1903,207.132,1199.7
Primary somatosensory area/ nose/ layer 6a,SSp-n6a,889,right,all,1586,233.141,1100.68,1586,233.141,1100.68
Primary somatosensory area/ nose/ layer 6b,SSp-n6b,929,left,all,381,167.605,1121.73,381,167.605,1121.73
Primary somatosensory area/ nose/ layer 6b,SSp-n6b,929,right,all,74,218.013,940.27,74,218.013,940.27
Primary somatosensory area/ barrel field,SSp-bfd,329,left,all,26923,415.653,1877.78,26923,415.653,1877.78
Primary somatosensory area/ barrel field,SSp-bfd,329,right,all,31579,535.26,2145.41,31579,535.26,2145.41
Primary somatosensory area/ barrel field/ layer 1,SSp-bfd1,981,left,all,7786,894.581,3241.95,7786,894.581,3241.95
Primary somatosensory area/ barrel field/ layer 1,SSp-bfd1,981,right,all,9464,1322.37,4123.7,9464,1322.37,4123.7
Primary somatosensory area/ barrel field/ layer 2/3,SSp-bfd2/3,201,left,all,4347,233.607,1353.97,4347,233.607,1353.97
Primary somatosensory area/ barrel field/ layer 2/3,SSp-bfd2/3,201,right,all,4104,203.759,1310.56,4104,203.759,1310.56
Primary somatosensory area/ barrel field/ layer 4,SSp-bfd4,1047,left,all,6309,217.702,1405.89,6309,217.702,1405.89
Primary somatosensory area/ barrel field/ layer 4,SSp-bfd4,1047,right,all,9255,189.156,1369.71,9255,189.156,1369.71
Primary somatosensory area/ barrel field/ layer 5,SSp-bfd5,1070,left,all,4874,224.998,1323.88,4874,224.998,1323.88
Primary somatosensory area/ barrel field/ layer 5,SSp-bfd5,1070,right,all,5350,211.601,1289.63,5350,211.601,1289.63
Primary somatosensory area/ barrel field/ layer 6a,SSp-bfd6a,1038,left,all,2190,217.322,1156.34,2190,217.322,1156.34
Primary somatosensory area/ barrel field/ layer 6a,SSp-bfd6a,1038,right,all,2763,196.359,1122.1,2763,196.359,1122.1
Primary somatosensory area/ barrel field/ layer 6b,SSp-bfd6b,1062,left,all,1417,186.216,1110.31,1417,186.216,1110.31
Primary somatosensory area/ barrel field/ layer 6b,SSp-bfd6b,1062,right,all,643,196.923,1038.86,643,196.923,1038.86
Primary somatosensory area/ lower limb,SSp-ll,337,left,all,5330,357.542,1724.16,5330,357.542,1724.16
Primary somatosensory area/ lower limb,SSp-ll,337,right,all,5886,567.371,2180.24,5886,567.371,2180.24
Primary somatosensory area/ lower limb/ layer 1,SSp-ll1,1030,left,all,2154,588.792,2585.06,2154,588.792,2585.06
Primary somatosensory area/ lower limb/ layer 1,SSp-ll1,1030,right,all,2709,989.457,3465.5,2709,989.457,3465.5
Primary somatosensory area/ lower limb/ layer 2/3,SSp-ll2/3,113,left,all,783,192.602,1176.35,783,192.602,1176.35
Primary somatosensory area/ lower limb/ layer 2/3,SSp-ll2/3,113,right,all,949,215.511,1101.99,949,215.511,1101.99
Primary somatosensory area/ lower limb/ layer 4,SSp-ll4,1094,left,all,471,198.932,1216.82,471,198.932,1216.82
Primary somatosensory area/ lower limb/ layer 4,SSp-ll4,1094,right,all,516,188.575,1119.49,516,188.575,1119.49
Primary somatosensory area/ lower limb/ layer 5,SSp-ll5,1128,left,all,1465,213.494,1145.04,1465,213.494,1145.04
Primary somatosensory area/ lower limb/ layer 5,SSp-ll5,1128,right,all,1313,212.927,1084.69,1313,212.927,1084.69
Primary somatosensory area/ lower limb/ layer 6a,SSp-ll6a,478,left,all,279,188.81,980.194,279,188.81,980.194
Primary somatosensory area/ lower limb/ layer 6a,SSp-ll6a,478,right,all,343,199.794,1001.33,343,199.794,1001.33
Primary somatosensory area/ lower limb/ layer 6b,SSp-ll6b,510,left,all,178,154.427,990.955,178,154.427,990.955
Primary somatosensory area/ lower limb/ layer 6b,SSp-ll6b,510,right,all,56,163.894,959.679,56,163.894,959.679
Primary somatosensory area/ mouth,SSp-m,345,left,all,36674,443.521,1973.74,36674,443.521,1973.74
Primary somatosensory area/ mouth,SSp-m,345,right,all,28027,608.333,2117.2,28027,608.333,2117.2
Primary somatosensory area/ mouth/ layer 1,SSp-m1,878,left,all,7925,1241.15,3684.99,7925,1241.15,3684.99
Primary somatosensory area/ mouth/ layer 1,SSp-m1,878,right,all,8514,1491.3,4044.46,8514,1491.3,4044.46
Primary somatosensory area/ mouth/ layer 2/3,SSp-m2/3,657,left,all,7645,229.951,1535.11,7645,229.951,1535.11
Primary somatosensory area/ mouth/ layer 2/3,SSp-m2/3,657,right,all,4131,213.999,1375.45,4131,213.999,1375.45
Primary somatosensory area/ mouth/ layer 4,SSp-m4,950,left,all,7442,229.586,1668.24,7442,229.586,1668.24
Primary somatosensory area/ mouth/ layer 4,SSp-m4,950,right,all,4805,209.69,1363.74,4805,209.69,1363.74
Primary somatosensory area/ mouth/ layer 5,SSp-m5,974,left,all,6563,230.23,1526.75,6563,230.23,1526.75
Primary somatosensory area/ mouth/ layer 5,SSp-m5,974,right,all,5775,233.634,1283.22,5775,233.634,1283.22
Primary somatosensory area/ mouth/ layer 6a,SSp-m6a,1102,left,all,6003,204.853,1262.2,6003,204.853,1262.2
Primary somatosensory area/ mouth/ layer 6a,SSp-m6a,1102,right,all,4409,234.71,1109.95,4409,234.71,1109.95
Primary somatosensory area/ mouth/ layer 6b,SSp-m6b,2,left,all,1096,202.809,1307.8,1096,202.809,1307.8
Primary somatosensory area/ mouth/ layer 6b,SSp-m6b,2,right,all,393,196.281,928.903,393,196.281,928.903
Primary somatosensory area/ upper limb,SSp-ul,369,left,all,15320,404.363,1920.69,15320,404.363,1920.69
Primary somatosensory area/ upper limb,SSp-ul,369,right,all,14176,518.349,2055.66,14176,518.349,2055.66
Primary somatosensory area/ upper limb/ layer 1,SSp-ul1,450,left,all,3883,987.097,3589.25,3883,987.097,3589.25
Primary somatosensory area/ upper limb/ layer 1,SSp-ul1,450,right,all,4492,1204.21,3916.3,4492,1204.21,3916.3
Primary somatosensory area/ upper limb/ layer 2/3,SSp-ul2/3,854,left,all,3300,209.43,1418.71,3300,209.43,1418.71
Primary somatosensory area/ upper limb/ layer 2/3,SSp-ul2/3,854,right,all,2636,201.37,1241.01,2636,201.37,1241.01
Primary somatosensory area/ upper limb/ layer 4,SSp-ul4,577,left,all,2902,205.132,1460.34,2902,205.132,1460.34
Primary somatosensory area/ upper limb/ layer 4,SSp-ul4,577,right,all,2745,192.524,1268.24,2745,192.524,1268.24
Primary somatosensory area/ upper limb/ layer 5,SSp-ul5,625,left,all,3176,220.023,1344.53,3176,220.023,1344.53
Primary somatosensory area/ upper limb/ layer 5,SSp-ul5,625,right,all,2793,205.77,1165.46,2793,205.77,1165.46
Primary somatosensory area/ upper limb/ layer 6a,SSp-ul6a,945,left,all,1516,186.98,1109.59,1516,186.98,1109.59
Primary somatosensory area/ upper limb/ layer 6a,SSp-ul6a,945,right,all,1345,202.63,1033.16,1345,202.63,1033.16
Primary somatosensory area/ upper limb/ layer 6b,SSp-ul6b,1026,left,all,543,171.792,1134.38,543,171.792,1134.38
Primary somatosensory area/ upper limb/ layer 6b,SSp-ul6b,1026,right,all,165,195.412,919.424,165,195.412,919.424
Primary somatosensory area/ trunk,SSp-tr,361,left,all,3067,345.372,1674.23,3067,345.372,1674.23
Primary somatosensory area/ trunk,SSp-tr,361,right,all,4583,560.169,2216.8,4583,560.169,2216.8
Primary somatosensory area/ trunk/ layer 1,SSp-tr1,1006,left,all,1265,556.788,2449.38,1265,556.788,2449.38
Primary somatosensory area/ trunk/ layer 1,SSp-tr1,1006,right,all,2030,1030.28,3582.54,2030,1030.28,3582.54
Primary somatosensory area/ trunk/ layer 2/3,SSp-tr2/3,670,left,all,394,189.255,1130.64,394,189.255,1130.64
Primary somatosensory area/ trunk/ layer 2/3,SSp-tr2/3,670,right,all,650,188.52,1144.45,650,188.52,1144.45
Primary somatosensory area/ trunk/ layer 4,SSp-tr4,1086,left,all,273,204.906,1197.77,273,204.906,1197.77
Primary somatosensory area/ trunk/ layer 4,SSp-tr4,1086,right,all,446,189.533,1185.69,446,189.533,1185.69
Primary somatosensory area/ trunk/ layer 5,SSp-tr5,1111,left,all,940,198.178,1129.15,940,198.178,1129.15
Primary somatosensory area/ trunk/ layer 5,SSp-tr5,1111,right,all,1117,187.692,1126.69,1117,187.692,1126.69
Primary somatosensory area/ trunk/ layer 6a,SSp-tr6a,9,left,all,168,200.114,1044.03,168,200.114,1044.03
Primary somatosensory area/ trunk/ layer 6a,SSp-tr6a,9,right,all,289,175.434,1051.85,289,175.434,1051.85
Primary somatosensory area/ trunk/ layer 6b,SSp-tr6b,461,left,all,27,166.931,1004.93,27,166.931,1004.93
Primary somatosensory area/ trunk/ layer 6b,SSp-tr6b,461,right,all,51,164.116,1015.96,51,164.116,1015.96
Primary somatosensory area/ unassigned,SSp-un,182305689,left,all,5767,364.174,1808.62,5767,364.174,1808.62
Primary somatosensory area/ unassigned,SSp-un,182305689,right,all,4420,547.833,2109.61,4420,547.833,2109.61
Primary somatosensory area/ unassigned/ layer 1,SSp-un1,182305693,left,all,1300,886.689,3298.84,1300,886.689,3298.84
Primary somatosensory area/ unassigned/ layer 1,SSp-un1,182305693,right,all,1626,1130.73,3692.87,1626,1130.73,3692.87
Primary somatosensory area/ unassigned/ layer 2/3,SSp-un2/3,182305697,left,all,1150,217.64,1399.45,1150,217.64,1399.45
Primary somatosensory area/ unassigned/ layer 2/3,SSp-un2/3,182305697,right,all,659,221.064,1217.07,659,221.064,1217.07
Primary somatosensory area/ unassigned/ layer 4,SSp-un4,182305701,left,all,1435,218.788,1523.04,1435,218.788,1523.04
Primary somatosensory area/ unassigned/ layer 4,SSp-un4,182305701,right,all,834,198.833,1260.2,834,198.833,1260.2
Primary somatosensory area/ unassigned/ layer 5,SSp-un5,182305705,left,all,1182,213.328,1336.63,1182,213.328,1336.63
Primary somatosensory area/ unassigned/ layer 5,SSp-un5,182305705,right,all,873,214.749,1174.07,873,214.749,1174.07
Primary somatosensory area/ unassigned/ layer 6a,SSp-un6a,182305709,left,all,479,197.127,1114.61,479,197.127,1114.61
Primary somatosensory area/ unassigned/ layer 6a,SSp-un6a,182305709,right,all,388,196.377,1041.89,388,196.377,1041.89
Primary somatosensory area/ unassigned/ layer 6b,SSp-un6b,182305713,left,all,221,165.946,1054.72,221,165.946,1054.72
Primary somatosensory area/ unassigned/ layer 6b,SSp-un6b,182305713,right,all,40,191.925,940.075,40,191.925,940.075
Supplemental somatosensory area,SSs,378,left,all,39723,432.236,1766.48,39723,432.236,1766.48
Supplemental somatosensory area,SSs,378,right,all,26650,642.268,2065.88,26650,642.268,2065.88
Supplemental somatosensory area/ layer 1,SSs1,873,left,all,10441,1020.99,3054.15,10441,1020.99,3054.15
Supplemental somatosensory area/ layer 1,SSs1,873,right,all,10035,1364.44,3627.03,10035,1364.44,3627.03
Supplemental somatosensory area/ layer 2/3,SSs2/3,806,left,all,6162,212.803,1393.37,6162,212.803,1393.37
Supplemental somatosensory area/ layer 2/3,SSs2/3,806,right,all,3339,201.704,1190.33,3339,201.704,1190.33
Supplemental somatosensory area/ layer 4,SSs4,1035,left,all,5440,225.119,1423.75,5440,225.119,1423.75
Supplemental somatosensory area/ layer 4,SSs4,1035,right,all,2743,214.987,1223.45,2743,214.987,1223.45
Supplemental somatosensory area/ layer 5,SSs5,1090,left,all,10118,232.815,1313.14,10118,232.815,1313.14
Supplemental somatosensory area/ layer 5,SSs5,1090,right,all,6315,209.379,1123.98,6315,209.379,1123.98
Supplemental somatosensory area/ layer 6a,SSs6a,862,left,all,6564,215.973,1151.91,6564,215.973,1151.91
Supplemental somatosensory area/ layer 6a,SSs6a,862,right,all,3759,199.892,1014.04,3759,199.892,1014.04
Supplemental somatosensory area/ layer 6b,SSs6b,893,left,all,998,200.755,1104.96,998,200.755,1104.96
Supplemental somatosensory area/ layer 6b,SSs6b,893,right,all,459,190.619,911.451,459,190.619,911.451
Gustatory areas,GU,1057,left,all,8119,403.02,1657.39,8119,403.02,1657.39
Gustatory areas,GU,1057,right,all,5385,558.024,1800.43,5385,558.024,1800.43
Gustatory areas/ layer 1,GU1,36,left,all,1944,996.745,3100.01,1944,996.745,3100.01
Gustatory areas/ layer 1,GU1,36,right,all,2117,1100.11,3055.69,2117,1100.11,3055.69
Gustatory areas/ layer 2/3,GU2/3,180,left,all,769,212.874,1340.28,769,212.874,1340.28
Gustatory areas/ layer 2/3,GU2/3,180,right,all,473,204.164,1095.32,473,204.164,1095.32
Gustatory areas/ layer 4,GU4,148,left,all,433,226.646,1310.25,433,226.646,1310.25
Gustatory areas/ layer 4,GU4,148,right,all,191,215.631,1003.57,191,215.631,1003.57
Gustatory areas/ layer 5,GU5,187,left,all,2484,223.758,1207.06,2484,223.758,1207.06
Gustatory areas/ layer 5,GU5,187,right,all,1356,212.621,1007.74,1356,212.621,1007.74
Gustatory areas/ layer 6a,GU6a,638,left,all,2340,207.022,1138.47,2340,207.022,1138.47
Gustatory areas/ layer 6a,GU6a,638,right,all,1158,200.921,926.468,1158,200.921,926.468
Gustatory areas/ layer 6b,GU6b,662,left,all,149,217.195,1138.07,149,217.195,1138.07
Gustatory areas/ layer 6b,GU6b,662,right,all,90,192.151,858.967,90,192.151,858.967
Visceral area,VISC,677,left,all,6699,419.519,1566.99,6699,419.519,1566.99
Visceral area,VISC,677,right,all,6042,465.546,1652.68,6042,465.546,1652.68
Visceral area/ layer 1,VISC1,897,left,all,2490,797.104,2480.59,2490,797.104,2480.59
Visceral area/ layer 1,VISC1,897,right,all,2196,930.532,2849.18,2196,930.532,2849.18
Visceral area/ layer 2/3,VISC2/3,1106,left,all,801,197.962,1059.39,801,197.962,1059.39
Visceral area/ layer 2/3,VISC2/3,1106,right,all,828,192.504,1024.26,828,192.504,1024.26
Visceral area/ layer 4,VISC4,1010,left,all,361,203.199,1101.83,361,203.199,1101.83
Visceral area/ layer 4,VISC4,1010,right,all,253,199.238,1005.65,253,199.238,1005.65
Visceral area/ layer 5,VISC5,1058,left,all,1641,196.682,1027.22,1641,196.682,1027.22
Visceral area/ layer 5,VISC5,1058,right,all,1734,204.166,986.983,1734,204.166,986.983
Visceral area/ layer 6a,VISC6a,857,left,all,1247,192.49,988.307,1247,192.49,988.307
Visceral area/ layer 6a,VISC6a,857,right,all,823,198.982,887.363,823,198.982,887.363
Visceral area/ layer 6b,VISC6b,849,left,all,159,194.052,982.119,159,194.052,982.119
Visceral area/ layer 6b,VISC6b,849,right,all,208,200.936,886.745,208,200.936,886.745
Auditory areas,AUD,247,left,all,20858,532.275,2013.97,20858,532.275,2013.97
Auditory areas,AUD,247,right,all,18140,790.644,2351.69,18140,790.644,2351.69
Dorsal auditory area,AUDd,1011,left,all,5182,464.334,1975.25,5182,464.334,1975.25
Dorsal auditory area,AUDd,1011,right,all,4369,742.007,2409,4369,742.007,2409
Dorsal auditory area/ layer 1,AUDd1,527,left,all,1642,996.599,3271.25,1642,996.599,3271.25
Dorsal auditory area/ layer 1,AUDd1,527,right,all,1783,1533.89,4186.03,1783,1533.89,4186.03
Dorsal auditory area/ layer 2/3,AUDd2/3,600,left,all,916,214.063,1392.76,916,214.063,1392.76
Dorsal auditory area/ layer 2/3,AUDd2/3,600,right,all,592,191.273,1253.38,592,191.273,1253.38
Dorsal auditory area/ layer 4,AUDd4,678,left,all,675,216.61,1452.02,675,216.61,1452.02
Dorsal auditory area/ layer 4,AUDd4,678,right,all,440,199.677,1264.36,440,199.677,1264.36
Dorsal auditory area/ layer 5,AUDd5,252,left,all,1454,220.98,1365.28,1454,220.98,1365.28
Dorsal auditory area/ layer 5,AUDd5,252,right,all,1116,199.997,1170.06,1116,199.997,1170.06
Dorsal auditory area/ layer 6a,AUDd6a,156,left,all,419,219.281,1272.24,419,219.281,1272.24
Dorsal auditory area/ layer 6a,AUDd6a,156,right,all,404,186.893,1049.88,404,186.893,1049.88
Dorsal auditory area/ layer 6b,AUDd6b,243,left,all,76,187.975,1187.84,76,187.975,1187.84
Dorsal auditory area/ layer 6b,AUDd6b,243,right,all,34,208.988,969.824,34,208.988,969.824
Primary auditory area,AUDp,1002,left,all,8134,519.903,2021.42,8134,519.903,2021.42
Primary auditory area,AUDp,1002,right,all,7017,848.037,2440.59,7017,848.037,2440.59
Primary auditory area/ layer 1,AUDp1,735,left,all,2864,1102.35,3326.07,2864,1102.35,3326.07
Primary auditory area/ layer 1,AUDp1,735,right,all,3533,1489.75,3764.98,3533,1489.75,3764.98
Primary auditory area/ layer 2/3,AUDp2/3,251,left,all,1138,208.39,1366,1138,208.39,1366
Primary auditory area/ layer 2/3,AUDp2/3,251,right,all,608,204.679,1174.02,608,204.679,1174.02
Primary auditory area/ layer 4,AUDp4,816,left,all,884,209.56,1441.41,884,209.56,1441.41
Primary auditory area/ layer 4,AUDp4,816,right,all,442,208.923,1196.44,442,208.923,1196.44
Primary auditory area/ layer 5,AUDp5,847,left,all,2501,202.709,1284.32,2501,202.709,1284.32
Primary auditory area/ layer 5,AUDp5,847,right,all,1824,197.373,1091.77,1824,197.373,1091.77
Primary auditory area/ layer 6a,AUDp6a,954,left,all,625,192.486,1187.92,625,192.486,1187.92
Primary auditory area/ layer 6a,AUDp6a,954,right,all,501,181.133,984.188,501,181.133,984.188
Primary auditory area/ layer 6b,AUDp6b,1005,left,all,122,180.896,1091.52,122,180.896,1091.52
Primary auditory area/ layer 6b,AUDp6b,1005,right,all,109,182.021,888.431,109,182.021,888.431
Posterior auditory area,AUDpo,1027,left,all,2294,510.495,2047.78,2294,510.495,2047.78
Posterior auditory area,AUDpo,1027,right,all,1855,813.99,2458.19,1855,813.99,2458.19
Posterior auditory area/ layer 1,AUDpo1,696,left,all,871,1010.6,3374.77,871,1010.6,3374.77
Posterior auditory area/ layer 1,AUDpo1,696,right,all,1058,1270.75,3573.57,1058,1270.75,3573.57
Posterior auditory area/ layer 2/3,AUDpo2/3,643,left,all,379,204.895,1294.6,379,204.895,1294.6
Posterior auditory area/ layer 2/3,AUDpo2/3,643,right,all,97,201.687,1074.61,97,201.687,1074.61
Posterior auditory area/ layer 4,AUDpo4,759,left,all,199,218.517,1306.54,199,218.517,1306.54
Posterior auditory area/ layer 4,AUDpo4,759,right,all,61,209.314,1017.9,61,209.314,1017.9
Posterior auditory area/ layer 5,AUDpo5,791,left,all,667,206.208,1215.06,667,206.208,1215.06
Posterior auditory area/ layer 5,AUDpo5,791,right,all,487,214.185,983.692,487,214.185,983.692
Posterior auditory area/ layer 6a,AUDpo6a,249,left,all,131,184.47,1117.16,131,184.47,1117.16
Posterior auditory area/ layer 6a,AUDpo6a,249,right,all,113,192.527,895.593,113,192.527,895.593
Posterior auditory area/ layer 6b,AUDpo6b,456,left,all,47,170.112,1079.26,47,170.112,1079.26
Posterior auditory area/ layer 6b,AUDpo6b,456,right,all,39,182.172,833.718,39,182.172,833.718
Ventral auditory area,AUDv,1018,left,all,5248,628.058,2025.89,5248,628.058,2025.89
Ventral auditory area,AUDv,1018,right,all,4899,742.974,2132.92,4899,742.974,2132.92
Ventral auditory area/ layer 1,AUDv1,959,left,all,2578,1081.41,2986.66,2578,1081.41,2986.66
Ventral auditory area/ layer 1,AUDv1,959,right,all,2476,1291.6,3264.71,2476,1291.6,3264.71
Ventral auditory area/ layer 2/3,AUDv2/3,755,left,all,456,190.167,1094.02,456,190.167,1094.02
Ventral auditory area/ layer 2/3,AUDv2/3,755,right,all,400,180.392,1050.32,400,180.392,1050.32
Ventral auditory area/ layer 4,AUDv4,990,left,all,290,207.246,1131.8,290,207.246,1131.8
Ventral auditory area/ layer 4,AUDv4,990,right,all,222,192.492,1050.43,222,192.492,1050.43
Ventral auditory area/ layer 5,AUDv5,1023,left,all,1393,191.94,1099.59,1393,191.94,1099.59
Ventral auditory area/ layer 5,AUDv5,1023,right,all,1120,187.31,983.558,1120,187.31,983.558
Ventral auditory area/ layer 6a,AUDv6a,520,left,all,455,176.056,1086.36,455,176.056,1086.36
Ventral auditory area/ layer 6a,AUDv6a,520,right,all,422,175.368,914.555,422,175.368,914.555
Ventral auditory area/ layer 6b,AUDv6b,598,left,all,76,182.466,1041.54,76,182.466,1041.54
Ventral auditory area/ layer 6b,AUDv6b,598,right,all,259,166.622,868.344,259,166.622,868.344
Visual areas,VIS,669,left,all,39638,452.697,1971.26,39638,452.697,1971.26
Visual areas,VIS,669,right,all,41640,710.743,2416.9,41640,710.743,2416.9
Anterolateral visual area,VISal,402,left,all,3203,499.712,2126.33,3203,499.712,2126.33
Anterolateral visual area,VISal,402,right,all,2519,679.386,2423.6,2519,679.386,2423.6
Anterolateral visual area/ layer 1,VISal1,1074,left,all,1240,954.099,3387.3,1240,954.099,3387.3
Anterolateral visual area/ layer 1,VISal1,1074,right,all,1330,1104.18,3675.93,1330,1104.18,3675.93
Anterolateral visual area/ layer 2/3,VISal2/3,905,left,all,485,212.346,1416.19,485,212.346,1416.19
Anterolateral visual area/ layer 2/3,VISal2/3,905,right,all,193,204.692,1107.96,193,204.692,1107.96
Anterolateral visual area/ layer 4,VISal4,1114,left,all,408,220.765,1386.03,408,220.765,1386.03
Anterolateral visual area/ layer 4,VISal4,1114,right,all,173,207.93,1058.16,173,207.93,1058.16
Anterolateral visual area/ layer 5,VISal5,233,left,all,877,213.54,1293.31,877,213.54,1293.31
Anterolateral visual area/ layer 5,VISal5,233,right,all,643,207.462,1018.75,643,207.462,1018.75
Anterolateral visual area/ layer 6a,VISal6a,601,left,all,170,191.967,1167.82,170,191.967,1167.82
Anterolateral visual area/ layer 6a,VISal6a,601,right,all,152,187.318,917.678,152,187.318,917.678
Anterolateral visual area/ layer 6b,VISal6b,649,left,all,23,196.842,1098.3,23,196.842,1098.3
Anterolateral visual area/ layer 6b,VISal6b,649,right,all,28,195.366,879.679,28,195.366,879.679
Anteromedial visual area,VISam,394,left,all,1903,320.884,1685.2,1903,320.884,1685.2
Anteromedial visual area,VISam,394,right,all,2395,588.054,2345.58,2395,588.054,2345.58
Anteromedial visual area/ layer 1,VISam1,281,left,all,810,501.286,2306.88,810,501.286,2306.88
Anteromedial visual area/ layer 1,VISam1,281,right,all,1246,967.847,3487.51,1246,967.847,3487.51
Anteromedial visual area/ layer 2/3,VISam2/3,1066,left,all,170,181.708,1254.44,170,181.708,1254.44
Anteromedial visual area/ layer 2/3,VISam2/3,1066,right,all,357,175.572,1152.43,357,175.572,1152.43
Anteromedial visual area/ layer 4,VISam4,401,left,all,88,189.909,1309.59,88,189.909,1309.59
Anteromedial visual area/ layer 4,VISam4,401,right,all,103,181.38,1169.63,103,181.38,1169.63
Anteromedial visual area/ layer 5,VISam5,433,left,all,627,186.9,1223.75,627,186.9,1223.75
Anteromedial visual area/ layer 5,VISam5,433,right,all,563,176.307,1085.78,563,176.307,1085.78
Anteromedial visual area/ layer 6a,VISam6a,1046,left,all,196,192.174,1167.63,196,192.174,1167.63
Anteromedial visual area/ layer 6a,VISam6a,1046,right,all,109,176.859,1030.16,109,176.859,1030.16
Anteromedial visual area/ layer 6b,VISam6b,441,left,all,12,178.902,1143,12,178.902,1143
Anteromedial visual area/ layer 6b,VISam6b,441,right,all,17,150.188,986,17,150.188,986
Lateral visual area,VISl,409,left,all,3343,474.285,1946.94,3343,474.285,1946.94
Lateral visual area,VISl,409,right,all,3338,883.21,2753.6,3338,883.21,2753.6
Lateral visual area/ layer 1,VISl1,421,left,all,1727,740.993,2723.66,1727,740.993,2723.66
Lateral visual area/ layer 1,VISl1,421,right,all,2167,1265.11,3742.02,2167,1265.11,3742.02
Lateral visual area/ layer 2/3,VISl2/3,973,left,all,351,191.175,1200.81,351,191.175,1200.81
Lateral visual area/ layer 2/3,VISl2/3,973,right,all,214,180.253,1031.18,214,180.253,1031.18
Lateral visual area/ layer 4,VISl4,573,left,all,363,198.71,1148.73,363,198.71,1148.73
Lateral visual area/ layer 4,VISl4,573,right,all,207,163.703,953,207,163.703,953
Lateral visual area/ layer 5,VISl5,613,left,all,750,186.215,1084.65,750,186.215,1084.65
Lateral visual area/ layer 5,VISl5,613,right,all,590,178.702,899.707,590,178.702,899.707
Lateral visual area/ layer 6a,VISl6a,74,left,all,135,174.722,1008.76,135,174.722,1008.76
Lateral visual area/ layer 6a,VISl6a,74,right,all,119,185.085,853.378,119,185.085,853.378
Lateral visual area/ layer 6b,VISl6b,121,left,all,17,197.481,984.529,17,197.481,984.529
Lateral visual area/ layer 6b,VISl6b,121,right,all,41,164.306,786.293,41,164.306,786.293
Primary visual area,VISp,385,left,all,20184,493.711,2127.96,20184,493.711,2127.96
Primary visual area,VISp,385,right,all,20282,692.911,2435.68,20282,692.911,2435.68
Primary visual area/ layer 1,VISp1,593,left,all,10302,780.232,2971.31,10302,780.232,2971.31
Primary visual area/ layer 1,VISp1,593,right,all,12622,1000.12,3267.32,12622,1000.12,3267.32
Primary visual area/ layer 2/3,VISp2/3,821,left,all,3063,198.664,1306.94,3063,198.664,1306.94
Primary visual area/ layer 2/3,VISp2/3,821,right,all,2469,187.692,1119.78,2469,187.692,1119.78
Primary visual area/ layer 4,VISp4,721,left,all,2492,200.649,1299.48,2492,200.649,1299.48
Primary visual area/ layer 4,VISp4,721,right,all,1571,190.804,1116.61,1571,190.804,1116.61
Primary visual area/ layer 5,VISp5,778,left,all,3330,190.415,1208.23,3330,190.415,1208.23
Primary visual area/ layer 5,VISp5,778,right,all,2743,184.564,1027.96,2743,184.564,1027.96
Primary visual area/ layer 6a,VISp6a,33,left,all,827,185.803,1086.02,827,185.803,1086.02
Primary visual area/ layer 6a,VISp6a,33,right,all,775,182.909,942.759,775,182.909,942.759
Primary visual area/ layer 6b,VISp6b,305,left,all,170,181.477,1042.35,170,181.477,1042.35
Primary visual area/ layer 6b,VISp6b,305,right,all,102,185.921,894.265,102,185.921,894.265
Posterolateral visual area,VISpl,425,left,all,2720,278.84,1455.42,2720,278.84,1455.42
Posterolateral visual area,VISpl,425,right,all,3375,515.823,1899.23,3375,515.823,1899.23
Posterolateral visual area/ layer 1,VISpl1,750,left,all,1030,418.213,1853.84,1030,418.213,1853.84
Posterolateral visual area/ layer 1,VISpl1,750,right,all,1433,959.302,2900.91,1433,959.302,2900.91
Posterolateral visual area/ layer 2/3,VISpl2/3,269,left,all,693,198.019,1357.27,693,198.019,1357.27
Posterolateral visual area/ layer 2/3,VISpl2/3,269,right,all,837,193.106,1266.49,837,193.106,1266.49
Posterolateral visual area/ layer 4,VISpl4,869,left,all,62,195.758,1136,62,195.758,1136
Posterolateral visual area/ layer 4,VISpl4,869,right,all,71,187.197,1066.86,71,187.197,1066.86
Posterolateral visual area/ layer 5,VISpl5,902,left,all,698,194.691,1137.01,698,194.691,1137.01
Posterolateral visual area/ layer 5,VISpl5,902,right,all,757,188.991,1117.12,757,188.991,1117.12
Posterolateral visual area/ layer 6a,VISpl6a,377,left,all,217,179.598,1040.06,217,179.598,1040.06
Posterolateral visual area/ layer 6a,VISpl6a,377,right,all,244,175.47,986.607,244,175.47,986.607
Posterolateral visual area/ layer 6b,VISpl6b,393,left,all,20,172.743,947.45,20,172.743,947.45
Posterolateral visual area/ layer 6b,VISpl6b,393,right,all,33,164.285,930.576,33,164.285,930.576
posteromedial visual area,VISpm,533,left,all,2690,337.726,1765.5,2690,337.726,1765.5
posteromedial visual area,VISpm,533,right,all,2829,496.29,2103.54,2829,496.29,2103.54
posteromedial visual area/ layer 1,VISpm1,805,left,all,1306,495.04,2327.71,1306,495.04,2327.71
posteromedial visual area/ layer 1,VISpm1,805,right,all,1830,671.467,2666.9,1830,671.467,2666.9
posteromedial visual area/ layer 2/3,VISpm2/3,41,left,all,362,187.262,1269.18,362,187.262,1269.18
posteromedial visual area/ layer 2/3,VISpm2/3,41,right,all,339,175.273,1107.06,339,175.273,1107.06
posteromedial visual area/ layer 4,VISpm4,501,left,all,188,191.257,1315.19,188,191.257,1315.19
posteromedial visual area/ layer 4,VISpm4,501,right,all,155,170.436,1130.61,155,170.436,1130.61
posteromedial visual area/ layer 5,VISpm5,565,left,all,652,184.178,1217.5,652,184.178,1217.5
posteromedial visual area/ layer 5,VISpm5,565,right,all,397,171.413,1031.82,397,171.413,1031.82
posteromedial visual area/ layer 6a,VISpm6a,257,left,all,157,211.058,1148.29,157,211.058,1148.29
posteromedial visual area/ layer 6a,VISpm6a,257,right,all,96,193.203,1015.22,96,193.203,1015.22
posteromedial visual area/ layer 6b,VISpm6b,469,left,all,25,199.853,1136.88,25,199.853,1136.88
posteromedial visual area/ layer 6b,VISpm6b,469,right,all,12,232.175,1070.92,12,232.175,1070.92
Laterointermediate area,VISli,312782574,left,all,1233,474.963,1938.48,1233,474.963,1938.48
Laterointermediate area,VISli,312782574,right,all,1321,1019.35,2873.36,1321,1019.35,2873.36
Laterointermediate area/ layer 1,VISli1,312782578,left,all,675,718.527,2660.07,675,718.527,2660.07
Laterointermediate area/ layer 1,VISli1,312782578,right,all,857,1474.54,3950.5,857,1474.54,3950.5
Laterointermediate area/ layer 2/3,VISli2/3,312782582,left,all,151,184.893,1140.18,151,184.893,1140.18
Laterointermediate area/ layer 2/3,VISli2/3,312782582,right,all,78,183.428,985.615,78,183.428,985.615
Laterointermediate area/ layer 4,VISli4,312782586,left,all,80,194.814,1086.29,80,194.814,1086.29
Laterointermediate area/ layer 4,VISli4,312782586,right,all,43,179.969,898.953,43,179.969,898.953
Laterointermediate area/ layer 5,VISli5,312782590,left,all,261,173.994,1031.48,261,173.994,1031.48
Laterointermediate area/ layer 5,VISli5,312782590,right,all,264,177.218,867.633,264,177.218,867.633
Laterointermediate area/ layer 6a,VISli6a,312782594,left,all,58,179.556,1010.31,58,179.556,1010.31
Laterointermediate area/ layer 6a,VISli6a,312782594,right,all,72,178.187,831.597,72,178.187,831.597
Laterointermediate area/ layer 6b,VISli6b,312782598,left,all,8,161.655,964.25,8,161.655,964.25
Laterointermediate area/ layer 6b,VISli6b,312782598,right,all,7,173.574,809.143,7,173.574,809.143
Postrhinal area,VISpor,312782628,left,all,4362,442.37,1733.53,4362,442.37,1733.53
Postrhinal area,VISpor,312782628,right,all,5581,892.731,2538.67,5581,892.731,2538.67
Postrhinal area/ layer 1,VISpor1,312782632,left,all,2292,661.993,2303.85,2292,661.993,2303.85
Postrhinal area/ layer 1,VISpor1,312782632,right,all,2818,1581.12,3988.4,2818,1581.12,3988.4
Postrhinal area/ layer 2/3,VISpor2/3,312782636,left,all,1000,222.211,1229.49,1000,222.211,1229.49
Postrhinal area/ layer 2/3,VISpor2/3,312782636,right,all,984,209.752,1233.43,984,209.752,1233.43
Postrhinal area/ layer 4,VISpor4,312782640,left,all,44,178.425,981.432,44,178.425,981.432
Postrhinal area/ layer 4,VISpor4,312782640,right,all,86,170.736,956.93,86,170.736,956.93
Postrhinal area/ layer 5,VISpor5,312782644,left,all,753,181.881,1016.35,753,181.881,1016.35
Postrhinal area/ layer 5,VISpor5,312782644,right,all,974,181.373,991.495,974,181.373,991.495
Postrhinal area/ layer 6a,VISpor6a,312782648,left,all,168,164.051,877.351,168,164.051,877.351
Postrhinal area/ layer 6a,VISpor6a,312782648,right,all,407,170.575,891.506,407,170.575,891.506
Postrhinal area/ layer 6b,VISpor6b,312782652,left,all,105,169.061,913.038,105,169.061,913.038
Postrhinal area/ layer 6b,VISpor6b,312782652,right,all,312,190.918,975.728,312,190.918,975.728
Anterior cingulate area,ACA,31,left,all,8589,199.595,1146.54,8589,199.595,1146.54
Anterior cingulate area,ACA,31,right,all,7019,187.871,1105.79,7019,187.871,1105.79
Anterior cingulate area/ dorsal part,ACAd,39,left,all,4686,205.472,1124.72,4686,205.472,1124.72
Anterior cingulate area/ dorsal part,ACAd,39,right,all,4004,192.759,1080.94,4004,192.759,1080.94
Anterior cingulate area/ dorsal part/ layer 1,ACAd1,935,left,all,1917,238.723,1197.38,1917,238.723,1197.38
Anterior cingulate area/ dorsal part/ layer 1,ACAd1,935,right,all,973,236.966,1179.96,973,236.966,1179.96
Anterior cingulate area/ dorsal part/ layer 2/3,ACAd2/3,211,left,all,577,181.115,1058.63,577,181.115,1058.63
Anterior cingulate area/ dorsal part/ layer 2/3,ACAd2/3,211,right,all,617,172.575,1047.14,617,172.575,1047.14
Anterior cingulate area/ dorsal part/ layer 5,ACAd5,1015,left,all,1623,180.941,1077.92,1623,180.941,1077.92
Anterior cingulate area/ dorsal part/ layer 5,ACAd5,1015,right,all,1802,180.328,1061.17,1802,180.328,1061.17
Anterior cingulate area/ dorsal part/ layer 6a,ACAd6a,919,left,all,528,188.197,1081.26,528,188.197,1081.26
Anterior cingulate area/ dorsal part/ layer 6a,ACAd6a,919,right,all,553,179.273,1014.29,553,179.273,1014.29
Anterior cingulate area/ dorsal part/ layer 6b,ACAd6b,927,left,all,41,187.118,1069.54,41,187.118,1069.54
Anterior cingulate area/ dorsal part/ layer 6b,ACAd6b,927,right,all,59,180.84,1029.97,59,180.84,1029.97
Anterior cingulate area/ ventral part,ACAv,48,left,all,3903,192.539,1172.74,3903,192.539,1172.74
Anterior cingulate area/ ventral part,ACAv,48,right,all,3015,181.379,1138.8,3015,181.379,1138.8
Anterior cingulate area/ ventral part/ layer 1,ACAv1,588,left,all,1425,207.812,1159.48,1425,207.812,1159.48
Anterior cingulate area/ ventral part/ layer 1,ACAv1,588,right,all,491,209.055,1116.24,491,209.055,1116.24
Anterior cingulate area/ ventral part/ layer 2/3,ACAv2/3,296,left,all,393,194.754,1167.73,393,194.754,1167.73
Anterior cingulate area/ ventral part/ layer 2/3,ACAv2/3,296,right,all,371,183.494,1145.99,371,183.494,1145.99
Anterior cingulate area/ ventral part/ layer 5,ACAv5,772,left,all,1308,182.756,1181.8,1308,182.756,1181.8
Anterior cingulate area/ ventral part/ layer 5,ACAv5,772,right,all,1302,175.667,1156.22,1302,175.667,1156.22
Anterior cingulate area/ ventral part/ 6a,ACAv6a,810,left,all,591,183.794,1180.24,591,183.794,1180.24
Anterior cingulate area/ ventral part/ 6a,ACAv6a,810,right,all,573,175.961,1133.17,573,175.961,1133.17
Anterior cingulate area/ ventral part/ 6b,ACAv6b,819,left,all,186,167.43,1197.34,186,167.43,1197.34
Anterior cingulate area/ ventral part/ 6b,ACAv6b,819,right,all,278,167.601,1099.06,278,167.601,1099.06
Prelimbic area,PL,972,left,all,2269,375.233,1514.88,2269,375.233,1514.88
Prelimbic area,PL,972,right,all,2542,331.959,1375.99,2542,331.959,1375.99
Prelimbic area/ layer 1,PL1,171,left,all,1036,613.433,2199.58,1036,613.433,2199.58
Prelimbic area/ layer 1,PL1,171,right,all,1419,455.978,1731.29,1419,455.978,1731.29
Prelimbic area/ layer 2/3,PL2/3,304,left,all,313,183.302,965.636,313,183.302,965.636
Prelimbic area/ layer 2/3,PL2/3,304,right,all,183,173.372,918.749,183,173.372,918.749
Prelimbic area/ layer 5,PL5,363,left,all,613,172.122,904.656,613,172.122,904.656
Prelimbic area/ layer 5,PL5,363,right,all,603,174.308,898.803,603,174.308,898.803
Prelimbic area/ layer 6a,PL6a,84,left,all,275,172.412,975.589,275,172.412,975.589
Prelimbic area/ layer 6a,PL6a,84,right,all,269,180.901,977.625,269,180.901,977.625
Prelimbic area/ layer 6b,PL6b,132,left,all,32,174.637,1044.03,32,174.637,1044.03
Prelimbic area/ layer 6b,PL6b,132,right,all,68,166.31,999.838,68,166.31,999.838
Infralimbic area,ILA,44,left,all,553,175.286,988.318,553,175.286,988.318
Infralimbic area,ILA,44,right,all,1066,194.199,1002,1066,194.199,1002
Infralimbic area/ layer 1,ILA1,707,left,all,41,190.253,986.195,41,190.253,986.195
Infralimbic area/ layer 1,ILA1,707,right,all,424,208.051,1003.08,424,208.051,1003.08
Infralimbic area/ layer 2/3,ILA2/3,556,left,all,48,178.89,944.208,48,178.89,944.208
Infralimbic area/ layer 2/3,ILA2/3,556,right,all,59,183.066,943.661,59,183.066,943.661
Infralimbic area/ layer 5,ILA5,827,left,all,190,179.851,974.705,190,179.851,974.705
Infralimbic area/ layer 5,ILA5,827,right,all,279,196.693,999.62,279,196.693,999.62
Infralimbic area/ layer 6a,ILA6a,1054,left,all,271,168.119,1005.32,271,168.119,1005.32
Infralimbic area/ layer 6a,ILA6a,1054,right,all,264,175.389,1009.26,264,175.389,1009.26
Infralimbic area/ layer 6b,ILA6b,1081,left,all,3,271.39,1049.67,3,271.39,1049.67
Infralimbic area/ layer 6b,ILA6b,1081,right,all,40,170.54,1045.2,40,170.54,1045.2
Orbital area,ORB,714,left,all,5320,193.813,1013.04,5320,193.813,1013.04
Orbital area,ORB,714,right,all,6558,197.827,926.756,6558,197.827,926.756
Orbital area/ lateral part,ORBl,723,left,all,3065,197.345,1072.24,3065,197.345,1072.24
Orbital area/ lateral part,ORBl,723,right,all,3731,199.813,955.117,3731,199.813,955.117
Orbital area/ lateral part/ layer 1,ORBl1,448,left,all,817,217.067,1142.88,817,217.067,1142.88
Orbital area/ lateral part/ layer 1,ORBl1,448,right,all,1230,211.826,955.097,1230,211.826,955.097
Orbital area/ lateral part/ layer 2/3,ORBl2/3,412,left,all,510,189.194,1090.88,510,189.194,1090.88
Orbital area/ lateral part/ layer 2/3,ORBl2/3,412,right,all,525,205.66,952.44,525,205.66,952.44
Orbital area/ lateral part/ layer 5,ORBl5,630,left,all,1458,190.953,1050.58,1458,190.953,1050.58
Orbital area/ lateral part/ layer 5,ORBl5,630,right,all,1502,193.355,967.678,1502,193.355,967.678
Orbital area/ lateral part/ layer 6a,ORBl6a,440,left,all,254,190.078,946.039,254,190.078,946.039
Orbital area/ lateral part/ layer 6a,ORBl6a,440,right,all,401,187.474,912.963,401,187.474,912.963
Orbital area/ lateral part/ layer 6b,ORBl6b,488,left,all,26,166.992,935.269,26,166.992,935.269
Orbital area/ lateral part/ layer 6b,ORBl6b,488,right,all,73,156.033,947.836,73,156.033,947.836
Orbital area/ medial part,ORBm,731,left,all,995,182.224,893.734,995,182.224,893.734
Orbital area/ medial part,ORBm,731,right,all,1372,201.969,899.434,1372,201.969,899.434
Orbital area/ medial part/ layer 1,ORBm1,484,left,all,384,191.017,881.141,384,191.017,881.141
Orbital area/ medial part/ layer 1,ORBm1,484,right,all,856,213.914,920.861,856,213.914,920.861
Orbital area/ medial part/ layer 2/3,ORBm2/3,582,left,all,204,184.481,905.52,204,184.481,905.52
Orbital area/ medial part/ layer 2/3,ORBm2/3,582,right,all,156,186.74,871.038,156,186.74,871.038
Orbital area/ medial part/ layer 5,ORBm5,620,left,all,353,173.689,899.705,353,173.689,899.705
Orbital area/ medial part/ layer 5,ORBm5,620,right,all,274,181.143,854.102,274,181.143,854.102
Orbital area/ medial part/ layer 6a,ORBm6a,910,left,all,54,166.956,899.722,54,166.956,899.722
Orbital area/ medial part/ layer 6a,ORBm6a,910,right,all,81,177.858,879.556,81,177.858,879.556
Orbital area/ medial part/ layer 6b,ORBm6b,527696977,left,all,0,0,0,0,0,0
Orbital area/ medial part/ layer 6b,ORBm6b,527696977,right,all,5,164.131,923.4,5,164.131,923.4
Orbital area/ ventrolateral part,ORBvl,746,left,all,1260,194.371,963.244,1260,194.371,963.244
Orbital area/ ventrolateral part,ORBvl,746,right,all,1455,188.826,879.792,1455,188.826,879.792
Orbital area/ ventrolateral part/ layer 1,ORBvl1,969,left,all,272,205.212,968.103,272,205.212,968.103
Orbital area/ ventrolateral part/ layer 1,ORBvl1,969,right,all,209,205.807,903.837,209,205.807,903.837
Orbital area/ ventrolateral part/ layer 2/3,ORBvl2/3,288,left,all,340,194.719,978.95,340,194.719,978.95
Orbital area/ ventrolateral part/ layer 2/3,ORBvl2/3,288,right,all,521,194.165,890.109,521,194.165,890.109
Orbital area/ ventrolateral part/ layer 5,ORBvl5,1125,left,all,549,189.296,961.373,549,189.296,961.373
Orbital area/ ventrolateral part/ layer 5,ORBvl5,1125,right,all,605,181.547,868.661,605,181.547,868.661
Orbital area/ ventrolateral part/ layer 6a,ORBvl6a,608,left,all,95,192.513,906.074,95,192.513,906.074
Orbital area/ ventrolateral part/ layer 6a,ORBvl6a,608,right,all,118,173.371,849.288,118,173.371,849.288
Orbital area/ ventrolateral part/ layer 6b,ORBvl6b,680,left,all,4,168.082,912.5,4,168.082,912.5
Orbital area/ ventrolateral part/ layer 6b,ORBvl6b,680,right,all,2,137.675,846,2,137.675,846
Agranular insular area,AI,95,left,all,22988,392.718,1543.17,22988,392.718,1543.17
Agranular insular area,AI,95,right,all,23695,464.378,1570.12,23695,464.378,1570.12
Agranular insular area/ dorsal part,AId,104,left,all,11544,390.643,1550.37,11544,390.643,1550.37
Agranular insular area/ dorsal part,AId,104,right,all,12367,445.346,1536.04,12367,445.346,1536.04
Agranular insular area/ dorsal part/ layer 1,AId1,996,left,all,3811,770.026,2541.04,3811,770.026,2541.04
Agranular insular area/ dorsal part/ layer 1,AId1,996,right,all,3926,967.461,2753.44,3926,967.461,2753.44
Agranular insular area/ dorsal part/ layer 2/3,AId2/3,328,left,all,1100,184.846,1091.39,1100,184.846,1091.39
Agranular insular area/ dorsal part/ layer 2/3,AId2/3,328,right,all,1327,186.221,985.7,1327,186.221,985.7
Agranular insular area/ dorsal part/ layer 5,AId5,1101,left,all,4478,211.33,1056.98,4478,211.33,1056.98
Agranular insular area/ dorsal part/ layer 5,AId5,1101,right,all,5169,210.074,976.289,5169,210.074,976.289
Agranular insular area/ dorsal part/ layer 6a,AId6a,783,left,all,2045,197.371,1056.61,2045,197.371,1056.61
Agranular insular area/ dorsal part/ layer 6a,AId6a,783,right,all,1807,194.715,943.707,1807,194.715,943.707
Agranular insular area/ dorsal part/ layer 6b,AId6b,831,left,all,110,197.49,1082.15,110,197.49,1082.15
Agranular insular area/ dorsal part/ layer 6b,AId6b,831,right,all,138,177.58,916.319,138,177.58,916.319
Agranular insular area/ posterior part,AIp,111,left,all,6594,404.834,1578.93,6594,404.834,1578.93
Agranular insular area/ posterior part,AIp,111,right,all,6785,532.024,1694.2,6785,532.024,1694.2
Agranular insular area/ posterior part/ layer 1,AIp1,120,left,all,2627,719.182,2478.63,2627,719.182,2478.63
Agranular insular area/ posterior part/ layer 1,AIp1,120,right,all,3143,910.553,2622.28,3143,910.553,2622.28
Agranular insular area/ posterior part/ layer 2/3,AIp2/3,163,left,all,1900,189.788,982.742,1900,189.788,982.742
Agranular insular area/ posterior part/ layer 2/3,AIp2/3,163,right,all,1674,197.093,899.604,1674,197.093,899.604
Agranular insular area/ posterior part/ layer 5,AIp5,344,left,all,1422,203.374,991.522,1422,203.374,991.522
Agranular insular area/ posterior part/ layer 5,AIp5,344,right,all,1198,215.736,908.746,1198,215.736,908.746
Agranular insular area/ posterior part/ layer 6a,AIp6a,314,left,all,608,201.109,968.038,608,201.109,968.038
Agranular insular area/ posterior part/ layer 6a,AIp6a,314,right,all,688,206.403,849.56,688,206.403,849.56
Agranular insular area/ posterior part/ layer 6b,AIp6b,355,left,all,37,219.228,928.865,37,219.228,928.865
Agranular insular area/ posterior part/ layer 6b,AIp6b,355,right,all,82,213.713,905.146,82,213.713,905.146
Agranular insular area/ ventral part,AIv,119,left,all,4850,381.186,1477.44,4850,381.186,1477.44
Agranular insular area/ ventral part,AIv,119,right,all,4543,415.158,1477.57,4543,415.158,1477.57
Agranular insular area/ ventral part/ layer 1,AIv1,704,left,all,1930,647.507,2141.9,1930,647.507,2141.9
Agranular insular area/ ventral part/ layer 1,AIv1,704,right,all,1853,731.917,2238.61,1853,731.917,2238.61
Agranular insular area/ ventral part/ layer 2/3,AIv2/3,694,left,all,807,193.588,1045.73,807,193.588,1045.73
Agranular insular area/ ventral part/ layer 2/3,AIv2/3,694,right,all,739,190.997,920.368,739,190.997,920.368
Agranular insular area/ ventral part/ layer 5,AIv5,800,left,all,1755,210.082,1037.32,1755,210.082,1037.32
Agranular insular area/ ventral part/ layer 5,AIv5,800,right,all,1617,200.053,974.582,1617,200.053,974.582
Agranular insular area/ ventral part/ layer 6a,AIv6a,675,left,all,348,208.588,1028.18,348,208.588,1028.18
Agranular insular area/ ventral part/ layer 6a,AIv6a,675,right,all,327,195.463,923.018,327,195.463,923.018
Agranular insular area/ ventral part/ layer 6b,AIv6b,699,left,all,10,155.586,948.4,10,155.586,948.4
Agranular insular area/ ventral part/ layer 6b,AIv6b,699,right,all,7,181.332,936.571,7,181.332,936.571
Retrosplenial area,RSP,254,left,all,22549,269.157,1478.09,22549,269.157,1478.09
Retrosplenial area,RSP,254,right,all,21720,286.009,1530.38,21720,286.009,1530.38
Retrosplenial area/ lateral agranular part,RSPagl,894,left,all,4574,278.107,1390.73,4574,278.107,1390.73
Retrosplenial area/ lateral agranular part,RSPagl,894,right,all,4915,378.484,1686.95,4915,378.484,1686.95
Retrosplenial area/ lateral agranular part/ layer 1,RSPagl1,671,left,all,1866,370.688,1648.33,1866,370.688,1648.33
Retrosplenial area/ lateral agranular part/ layer 1,RSPagl1,671,right,all,3076,466.298,1992.5,3076,466.298,1992.5
Retrosplenial area/ lateral agranular part/ layer 2/3,RSPagl2/3,965,left,all,902,282.295,1484.89,902,282.295,1484.89
Retrosplenial area/ lateral agranular part/ layer 2/3,RSPagl2/3,965,right,all,733,317.154,1433.11,733,317.154,1433.11
Retrosplenial area/ lateral agranular part/ layer 5,RSPagl5,774,left,all,1384,179.179,1079.21,1384,179.179,1079.21
Retrosplenial area/ lateral agranular part/ layer 5,RSPagl5,774,right,all,856,173.823,1007.49,856,173.823,1007.49
Retrosplenial area/ lateral agranular part/ layer 6a,RSPagl6a,906,left,all,409,183.204,1072.87,409,183.204,1072.87
Retrosplenial area/ lateral agranular part/ layer 6a,RSPagl6a,906,right,all,240,178.073,996.696,240,178.073,996.696
Retrosplenial area/ lateral agranular part/ layer 6b,RSPagl6b,279,left,all,13,216.432,1046.77,13,216.432,1046.77
Retrosplenial area/ lateral agranular part/ layer 6b,RSPagl6b,279,right,all,10,191.271,1034.7,10,191.271,1034.7
Retrosplenial area/ dorsal part,RSPd,879,left,all,7784,353.457,1725.47,7784,353.457,1725.47
Retrosplenial area/ dorsal part,RSPd,879,right,all,8410,319.028,1653.75,8410,319.028,1653.75
Retrosplenial area/ dorsal part/ layer 1,RSPd1,442,left,all,2838,467.214,2033.27,2838,467.214,2033.27
Retrosplenial area/ dorsal part/ layer 1,RSPd1,442,right,all,3256,407.445,1972.03,3256,407.445,1972.03
Retrosplenial area/ dorsal part/ layer 2/3,RSPd2/3,434,left,all,2285,398.127,1954.61,2285,398.127,1954.61
Retrosplenial area/ dorsal part/ layer 2/3,RSPd2/3,434,right,all,2758,327.287,1690.54,2758,327.287,1690.54
Retrosplenial area/ dorsal part/ layer 4,RSPd4,545,left,all,0,0,0,0,0,0
Retrosplenial area/ dorsal part/ layer 4,RSPd4,545,right,all,0,0,0,0,0,0
Retrosplenial area/ dorsal part/ layer 5,RSPd5,610,left,all,1901,196.786,1215.54,1901,196.786,1215.54
Retrosplenial area/ dorsal part/ layer 5,RSPd5,610,right,all,1921,190.252,1192.85,1921,190.252,1192.85
Retrosplenial area/ dorsal part/ layer 6a,RSPd6a,274,left,all,744,186.752,1164.17,744,186.752,1164.17
Retrosplenial area/ dorsal part/ layer 6a,RSPd6a,274,right,all,456,185.774,1122.27,456,185.774,1122.27
Retrosplenial area/ dorsal part/ layer 6b,RSPd6b,330,left,all,16,162.465,1091.62,16,162.465,1091.62
Retrosplenial area/ dorsal part/ layer 6b,RSPd6b,330,right,all,19,186.327,1125.47,19,186.327,1125.47
Retrosplenial area/ ventral part,RSPv,886,left,all,10191,200.751,1328.35,10191,200.751,1328.35
Retrosplenial area/ ventral part,RSPv,886,right,all,8395,198.79,1315.11,8395,198.79,1315.11
Retrosplenial area/ ventral part/ layer 1,RSPv1,542,left,all,4819,222.247,1308.64,4819,222.247,1308.64
Retrosplenial area/ ventral part/ layer 1,RSPv1,542,right,all,2891,229.746,1292.01,2891,229.746,1292.01
Retrosplenial area/ ventral part/ layer 2/3,RSPv2/3,430,left,all,1310,185.996,1364.09,1310,185.996,1364.09
Retrosplenial area/ ventral part/ layer 2/3,RSPv2/3,430,right,all,1781,182.559,1355.35,1781,182.559,1355.35
Retrosplenial area/ ventral part/ layer 5,RSPv5,687,left,all,3278,179.344,1345.42,3278,179.344,1345.42
Retrosplenial area/ ventral part/ layer 5,RSPv5,687,right,all,3078,182.064,1330.12,3078,182.064,1330.12
Retrosplenial area/ ventral part/ layer 6a,RSPv6a,590,left,all,754,181.404,1315.01,754,181.404,1315.01
Retrosplenial area/ ventral part/ layer 6a,RSPv6a,590,right,all,602,184.522,1232.33,602,184.522,1232.33
Retrosplenial area/ ventral part/ layer 6b,RSPv6b,622,left,all,30,217.491,1404.93,30,217.491,1404.93
Retrosplenial area/ ventral part/ layer 6b,RSPv6b,622,right,all,43,186.814,1285.98,43,186.814,1285.98
Posterior parietal association areas,PTLp,22,left,all,8784,488.57,2231.45,8784,488.57,2231.45
Posterior parietal association areas,PTLp,22,right,all,10059,681.832,2615.06,10059,681.832,2615.06
Anterior area,VISa,312782546,left,all,4249,435.424,2095.4,4249,435.424,2095.4
Anterior area,VISa,312782546,right,all,6048,645.194,2550.41,6048,645.194,2550.41
Anterior area/ layer 1,VISa1,312782550,left,all,1733,784.317,3256.3,1733,784.317,3256.3
Anterior area/ layer 1,VISa1,312782550,right,all,2469,1327.33,4518.88,2469,1327.33,4518.88
Anterior area/ layer 2/3,VISa2/3,312782554,left,all,524,194.34,1335.19,524,194.34,1335.19
Anterior area/ layer 2/3,VISa2/3,312782554,right,all,1244,169.682,1218.76,1244,169.682,1218.76
Anterior area/ layer 4,VISa4,312782558,left,all,399,197.162,1377.59,399,197.162,1377.59
Anterior area/ layer 4,VISa4,312782558,right,all,560,165.657,1235.68,560,165.657,1235.68
Anterior area/ layer 5,VISa5,312782562,left,all,1264,195.125,1283.62,1264,195.125,1283.62
Anterior area/ layer 5,VISa5,312782562,right,all,1377,182.505,1177.51,1377,182.505,1177.51
Anterior area/ layer 6a,VISa6a,312782566,left,all,292,195.517,1187.2,292,195.517,1187.2
Anterior area/ layer 6a,VISa6a,312782566,right,all,348,175.255,1108.02,348,175.255,1108.02
Anterior area/ layer 6b,VISa6b,312782570,left,all,37,180.098,1127.49,37,180.098,1127.49
Anterior area/ layer 6b,VISa6b,312782570,right,all,50,176.189,1052.64,50,176.189,1052.64
Rostrolateral visual area,VISrl,417,left,all,4535,538.365,2358.93,4535,538.365,2358.93
Rostrolateral visual area,VISrl,417,right,all,4011,737.076,2712.54,4011,737.076,2712.54
Rostrolateral area/ layer 1,VISrl1,312782604,left,all,1579,1143.6,4137.44,1579,1143.6,4137.44
Rostrolateral area/ layer 1,VISrl1,312782604,right,all,1985,1292.8,4271.35,1985,1292.8,4271.35
Rostrolateral area/ layer 2/3,VISrl2/3,312782608,left,all,710,221.906,1466.47,710,221.906,1466.47
Rostrolateral area/ layer 2/3,VISrl2/3,312782608,right,all,572,192.567,1242.64,572,192.567,1242.64
Rostrolateral area/ layer 4,VISrl4,312782612,left,all,761,215.201,1434.43,761,215.201,1434.43
Rostrolateral area/ layer 4,VISrl4,312782612,right,all,356,188.109,1186.42,356,188.109,1186.42
Rostrolateral area/ layer 5,VISrl5,312782616,left,all,1191,217.092,1405.94,1191,217.092,1405.94
Rostrolateral area/ layer 5,VISrl5,312782616,right,all,851,197.043,1182.3,851,197.043,1182.3
Rostrolateral area/ layer 6a,VISrl6a,312782620,left,all,240,194.179,1236.75,240,194.179,1236.75
Rostrolateral area/ layer 6a,VISrl6a,312782620,right,all,214,186.041,1072.63,214,186.041,1072.63
Rostrolateral area/ layer 6b,VISrl6b,312782624,left,all,54,171.334,1122.81,54,171.334,1122.81
Rostrolateral area/ layer 6b,VISrl6b,312782624,right,all,33,169.358,985.667,33,169.358,985.667
Temporal association areas,TEa,541,left,all,8582,537.732,1837.41,8582,537.732,1837.41
Temporal association areas,TEa,541,right,all,8604,788.472,2242.25,8604,788.472,2242.25
Temporal association areas/ layer 1,TEa1,97,left,all,4512,851.6,2555.11,4512,851.6,2555.11
Temporal association areas/ layer 1,TEa1,97,right,all,4596,1320.56,3425.93,4596,1320.56,3425.93
Temporal association areas/ layer 2/3,TEa2/3,1127,left,all,753,218.125,1142.79,753,218.125,1142.79
Temporal association areas/ layer 2/3,TEa2/3,1127,right,all,510,173.834,942.01,510,173.834,942.01
Temporal association areas/ layer 4,TEa4,234,left,all,279,188.371,1007.37,279,188.371,1007.37
Temporal association areas/ layer 4,TEa4,234,right,all,305,181.695,884.948,305,181.695,884.948
Temporal association areas/ layer 5,TEa5,289,left,all,2087,187.39,1026.9,2087,187.39,1026.9
Temporal association areas/ layer 5,TEa5,289,right,all,1477,182.27,882.259,1477,182.27,882.259
Temporal association areas/ layer 6a,TEa6a,729,left,all,759,173.939,1007.31,759,173.939,1007.31
Temporal association areas/ layer 6a,TEa6a,729,right,all,1214,172.446,857.195,1214,172.446,857.195
Temporal association areas/ layer 6b,TEa6b,786,left,all,192,169.212,993.51,192,169.212,993.51
Temporal association areas/ layer 6b,TEa6b,786,right,all,502,183.4,901.711,502,183.4,901.711
Perirhinal area,PERI,922,left,all,3722,374.356,1406.99,3722,374.356,1406.99
Perirhinal area,PERI,922,right,all,2905,414.409,1424.45,2905,414.409,1424.45
Perirhinal area/ layer 1,PERI1,540,left,all,1439,596.738,2012.69,1439,596.738,2012.69
Perirhinal area/ layer 1,PERI1,540,right,all,1259,679.191,2112.91,1259,679.191,2112.91
Perirhinal area/ layer 2/3,PERI2/3,888,left,all,1556,234.689,1028.52,1556,234.689,1028.52
Perirhinal area/ layer 2/3,PERI2/3,888,right,all,1043,223.752,921.848,1043,223.752,921.848
Perirhinal area/ layer 5,PERI5,692,left,all,523,250.566,1046.69,523,250.566,1046.69
Perirhinal area/ layer 5,PERI5,692,right,all,433,195.933,847.157,433,195.933,847.157
Perirhinal area/ layer 6a,PERI6a,335,left,all,165,191.692,942.036,165,191.692,942.036
Perirhinal area/ layer 6a,PERI6a,335,right,all,144,179.092,872.812,144,179.092,872.812
Perirhinal area/ layer 6b,PERI6b,368,left,all,39,174.243,956.769,39,174.243,956.769
Perirhinal area/ layer 6b,PERI6b,368,right,all,26,182.817,917.808,26,182.817,917.808
Ectorhinal area,ECT,895,left,all,5203,305.98,1254.92,5203,305.98,1254.92
Ectorhinal area,ECT,895,right,all,4819,355.432,1227.17,4819,355.432,1227.17
Ectorhinal area/Layer 1,ECT1,836,left,all,1275,543.512,1791.06,1275,543.512,1791.06
Ectorhinal area/Layer 1,ECT1,836,right,all,1612,679.879,1926.61,1612,679.879,1926.61
Ectorhinal area/Layer 2/3,ECT2/3,427,left,all,1266,266.46,1167.49,1266,266.46,1167.49
Ectorhinal area/Layer 2/3,ECT2/3,427,right,all,572,198.887,905.937,572,198.887,905.937
Ectorhinal area/Layer 5,ECT5,988,left,all,1507,224.121,1073.55,1507,224.121,1073.55
Ectorhinal area/Layer 5,ECT5,988,right,all,1109,202.005,866.329,1109,202.005,866.329
Ectorhinal area/Layer 6a,ECT6a,977,left,all,970,195.358,994.213,970,195.358,994.213
Ectorhinal area/Layer 6a,ECT6a,977,right,all,1260,183.827,869.865,1260,183.827,869.865
Ectorhinal area/Layer 6b,ECT6b,1045,left,all,185,186.221,1002.52,185,186.221,1002.52
Ectorhinal area/Layer 6b,ECT6b,1045,right,all,266,178.398,876.056,266,178.398,876.056
Olfactory areas,OLF,698,left,all,141852,316.486,1516.9,141852,316.486,1516.9
Olfactory areas,OLF,698,right,all,144893,321.946,1474.68,144893,321.946,1474.68
Main olfactory bulb,MOB,507,left,all,68003,293.882,1532.34,68003,293.882,1532.34
Main olfactory bulb,MOB,507,right,all,78167,301.872,1499.44,78167,301.872,1499.44
Accessory olfactory bulb,AOB,151,left,all,3127,230.524,1052.29,3127,230.524,1052.29
Accessory olfactory bulb,AOB,151,right,all,3298,208.818,885.113,3298,208.818,885.113
Accessory olfactory bulb/ glomerular layer,AOBgl,188,left,all,967,236.574,1027.07,967,236.574,1027.07
Accessory olfactory bulb/ glomerular layer,AOBgl,188,right,all,733,236.004,807.621,733,236.004,807.621
Accessory olfactory bulb/ granular layer,AOBgr,196,left,all,1668,238.335,1092.87,1668,238.335,1092.87
Accessory olfactory bulb/ granular layer,AOBgr,196,right,all,961,216.224,966.003,961,216.224,966.003
Accessory olfactory bulb/ mitral layer,AOBmi,204,left,all,492,192.149,964.309,492,192.149,964.309
Accessory olfactory bulb/ mitral layer,AOBmi,204,right,all,1604,191.958,872.063,1604,191.958,872.063
Anterior olfactory nucleus,AON,159,left,all,4777,186.381,952.39,4777,186.381,952.39
Anterior olfactory nucleus,AON,159,right,all,5987,192.766,910.762,5987,192.766,910.762
Taenia tecta,TT,589,left,all,1767,182.89,980.753,1767,182.89,980.753
Taenia tecta,TT,589,right,all,2955,196.601,992.937,2955,196.601,992.937
Taenia tecta/ dorsal part,TTd,597,left,all,914,183.146,957.821,914,183.146,957.821
Taenia tecta/ dorsal part,TTd,597,right,all,1413,194.473,999.042,1413,194.473,999.042
Taenia tecta/ ventral part,TTv,605,left,all,853,182.615,1005.33,853,182.615,1005.33
Taenia tecta/ ventral part,TTv,605,right,all,1542,198.55,987.342,1542,198.55,987.342
Dorsal peduncular area,DP,814,left,all,783,180.554,1009.25,783,180.554,1009.25
Dorsal peduncular area,DP,814,right,all,985,194.093,1031.95,985,194.093,1031.95
Piriform area,PIR,961,left,all,35041,329.248,1438.68,35041,329.248,1438.68
Piriform area,PIR,961,right,all,29996,299.638,1191.97,29996,299.638,1191.97
Nucleus of the lateral olfactory tract,NLOT,619,left,all,259,183.254,1024.29,259,183.254,1024.29
Nucleus of the lateral olfactory tract,NLOT,619,right,all,102,171.275,941.333,102,171.275,941.333
Nucleus of the lateral olfactory tract/ molecular layer,NLOT1,260,left,all,109,198.472,1103.42,109,198.472,1103.42
Nucleus of the lateral olfactory tract/ molecular layer,NLOT1,260,right,all,0,0,0,0,0,0
Nucleus of the lateral olfactory tract/ pyramidal layer,NLOT2,268,left,all,105,174.097,987.838,105,174.097,987.838
Nucleus of the lateral olfactory tract/ pyramidal layer,NLOT2,268,right,all,32,161.749,998.406,32,161.749,998.406
Nucleus of the lateral olfactory tract/ layer 3,NLOT3,1139,left,all,45,167.763,917.667,45,167.763,917.667
Nucleus of the lateral olfactory tract/ layer 3,NLOT3,1139,right,all,70,175.629,915.243,70,175.629,915.243
Cortical amygdalar area,COA,631,left,all,4780,263.176,1414.27,4780,263.176,1414.27
Cortical amygdalar area,COA,631,right,all,1060,176.512,806.231,1060,176.512,806.231
Cortical amygdalar area/ anterior part,COAa,639,left,all,736,199.786,1255.72,736,199.786,1255.72
Cortical amygdalar area/ anterior part,COAa,639,right,all,2,138.83,913.5,2,138.83,913.5
Cortical amygdalar area/ posterior part,COAp,647,left,all,4044,274.713,1443.13,4044,274.713,1443.13
Cortical amygdalar area/ posterior part,COAp,647,right,all,1058,176.583,806.028,1058,176.583,806.028
Cortical amygdalar area/ posterior part/ lateral zone,COApl,655,left,all,1953,292.245,1619.76,1953,292.245,1619.76
Cortical amygdalar area/ posterior part/ lateral zone,COApl,655,right,all,416,177.932,774.764,416,177.932,774.764
Cortical amygdalar area/ posterior part/ medial zone,COApm,663,left,all,2091,258.337,1278.15,2091,258.337,1278.15
Cortical amygdalar area/ posterior part/ medial zone,COApm,663,right,all,642,175.71,826.287,642,175.71,826.287
Piriform-amygdalar area,PAA,788,left,all,1554,396.569,1839.57,1554,396.569,1839.57
Piriform-amygdalar area,PAA,788,right,all,103,175.047,682.379,103,175.047,682.379
Postpiriform transition area,TR,566,left,all,3393,323.029,1379.69,3393,323.029,1379.69
Postpiriform transition area,TR,566,right,all,3162,221.766,883.68,3162,221.766,883.68
Hippocampal formation,HPF,1089,left,all,109922,234.198,1220.92,109922,234.198,1220.92
Hippocampal formation,HPF,1089,right,all,101675,275.866,1216.72,101675,275.866,1216.72
Hippocampal region,HIP,1080,left,all,48827,199.758,1217.09,48827,199.758,1217.09
Hippocampal region,HIP,1080,right,all,39894,192.715,1061.78,39894,192.715,1061.78
Ammon's horn,CA,375,left,all,37543,200.434,1248.5,37543,200.434,1248.5
Ammon's horn,CA,375,right,all,29868,192.812,1083.7,29868,192.812,1083.7
Field CA1,CA1,382,left,all,19923,203.085,1226.1,19923,203.085,1226.1
Field CA1,CA1,382,right,all,13764,198.365,1073.94,13764,198.365,1073.94
Field CA2,CA2,423,left,all,1543,208.946,1349.07,1543,208.946,1349.07
Field CA2,CA2,423,right,all,1487,195.613,1146.64,1487,195.613,1146.64
Field CA3,CA3,463,left,all,16077,196.331,1266.61,16077,196.331,1266.61
Field CA3,CA3,463,right,all,14617,187.297,1086.48,14617,187.297,1086.48
Dentate gyrus,DG,726,left,all,10421,195.599,1106.23,10421,195.599,1106.23
Dentate gyrus,DG,726,right,all,9189,191.04,986.056,9189,191.04,986.056
Dentate gyrus/ molecular layer,DG-mo,10703,left,all,7020,192.946,1104.86,7020,192.946,1104.86
Dentate gyrus/ molecular layer,DG-mo,10703,right,all,6546,186.073,991.331,6546,186.073,991.331
Dentate gyrus/ polymorph layer,DG-po,10704,left,all,1410,205.347,1108.19,1410,205.347,1108.19
Dentate gyrus/ polymorph layer,DG-po,10704,right,all,1115,213.029,959.715,1115,213.029,959.715
Dentate gyrus/ granule cell layer,DG-sg,632,left,all,1991,198.049,1109.7,1991,198.049,1109.7
Dentate gyrus/ granule cell layer,DG-sg,632,right,all,1528,196.274,982.675,1528,196.274,982.675
Fasciola cinerea,FC,982,left,all,390,206.615,1245.82,390,206.615,1245.82
Fasciola cinerea,FC,982,right,all,288,199.32,1156.69,288,199.32,1156.69
Induseum griseum,IG,19,left,all,473,232.152,1142.65,473,232.152,1142.65
Induseum griseum,IG,19,right,all,549,212.004,1086.79,549,212.004,1086.79
Retrohippocampal region,RHP,822,left,all,60519,262.403,1225.9,60519,262.403,1225.9
Retrohippocampal region,RHP,822,right,all,60866,331.702,1321.71,60866,331.702,1321.71
Entorhinal area,ENT,909,left,all,45847,284.236,1240.89,45847,284.236,1240.89
Entorhinal area,ENT,909,right,all,46701,372.853,1390.52,46701,372.853,1390.52
Entorhinal area/ lateral part,ENTl,918,left,all,25573,313.706,1234.65,25573,313.706,1234.65
Entorhinal area/ lateral part,ENTl,918,right,all,27241,396.473,1404.19,27241,396.473,1404.19
Entorhinal area/ lateral part/ layer 1,ENTl1,1121,left,all,7683,529.995,1854.58,7683,529.995,1854.58
Entorhinal area/ lateral part/ layer 1,ENTl1,1121,right,all,9374,729.316,2281.26,9374,729.316,2281.26
Entorhinal area/ lateral part/ layer 2,ENTl2,20,left,all,7009,229.034,1001.96,7009,229.034,1001.96
Entorhinal area/ lateral part/ layer 2,ENTl2,20,right,all,7856,243.093,1019.92,7856,243.093,1019.92
Entorhinal area/ lateral part/ layer 3,ENTl3,52,left,all,4209,213.145,938.704,4209,213.145,938.704
Entorhinal area/ lateral part/ layer 3,ENTl3,52,right,all,3957,216.89,901.911,3957,216.89,901.911
Entorhinal area/ lateral part/ layer 5,ENTl5,139,left,all,3613,232.687,961.932,3613,232.687,961.932
Entorhinal area/ lateral part/ layer 5,ENTl5,139,right,all,3760,202.982,863.891,3760,202.982,863.891
Entorhinal area/ lateral part/ layer 6a,ENTl6a,28,left,all,3059,198.535,940.107,3059,198.535,940.107
Entorhinal area/ lateral part/ layer 6a,ENTl6a,28,right,all,2294,188.545,888.192,2294,188.545,888.192
Entorhinal area/ medial part/ dorsal zone,ENTm,926,left,all,20274,247.064,1248.76,20274,247.064,1248.76
Entorhinal area/ medial part/ dorsal zone,ENTm,926,right,all,19460,339.789,1371.39,19460,339.789,1371.39
Entorhinal area/ medial part/ dorsal zone/ layer 1,ENTm1,526,left,all,4298,346.72,1504.59,4298,346.72,1504.59
Entorhinal area/ medial part/ dorsal zone/ layer 1,ENTm1,526,right,all,6957,571.039,1854.77,6957,571.039,1854.77
Entorhinal area/ medial part/ dorsal zone/ layer 2,ENTm2,543,left,all,6852,245.048,1309.91,6852,245.048,1309.91
Entorhinal area/ medial part/ dorsal zone/ layer 2,ENTm2,543,right,all,5574,229.281,1206.76,5574,229.281,1206.76
Entorhinal area/ medial part/ dorsal zone/ layer 3,ENTm3,664,left,all,4008,204.478,1132.48,4008,204.478,1132.48
Entorhinal area/ medial part/ dorsal zone/ layer 3,ENTm3,664,right,all,3031,194.278,1050.69,3031,194.278,1050.69
Entorhinal area/ medial part/ dorsal zone/ layer 5,ENTm5,727,left,all,3302,201.354,1055.96,3302,201.354,1055.96
Entorhinal area/ medial part/ dorsal zone/ layer 5,ENTm5,727,right,all,2690,201.655,1005.09,2690,201.655,1005.09
Entorhinal area/ medial part/ dorsal zone/ layer 6,ENTm6,743,left,all,1814,195.854,1019.54,1814,195.854,1019.54
Entorhinal area/ medial part/ dorsal zone/ layer 6,ENTm6,743,right,all,1208,190.612,967.595,1208,190.612,967.595
Parasubiculum,PAR,843,left,all,2940,198.633,1220.03,2940,198.633,1220.03
Parasubiculum,PAR,843,right,all,3265,220.565,1214.38,3265,220.565,1214.38
Postsubiculum,POST,1037,left,all,1286,186.828,1185.08,1286,186.828,1185.08
Postsubiculum,POST,1037,right,all,1127,173.368,1008.49,1127,173.368,1008.49
Presubiculum,PRE,1084,left,all,1861,197.576,1048.65,1861,197.576,1048.65
Presubiculum,PRE,1084,right,all,1876,192.054,1025.64,1876,192.054,1025.64
Subiculum,SUB,502,left,all,5032,193.889,1212.75,5032,193.889,1212.75
Subiculum,SUB,502,right,all,4873,190.474,1105.31,4873,190.474,1105.31
Prosubiculum,ProS,484682470,left,all,2708,195.093,1207.06,2708,195.093,1207.06
Prosubiculum,ProS,484682470,right,all,2130,193.369,1036.18,2130,193.369,1036.18
Hippocampo-amygdalar transition area,HATA,589508447,left,all,266,183.058,916.387,266,183.058,916.387
Hippocampo-amygdalar transition area,HATA,589508447,right,all,290,186.625,893.728,290,186.625,893.728
Area prostriata,APr,484682508,left,all,579,180.342,1073.85,579,180.342,1073.85
Area prostriata,APr,484682508,right,all,604,176.737,1043.41,604,176.737,1043.41
Cortical subplate,CTXsp,703,left,all,13427,201.931,988.305,13427,201.931,988.305
Cortical subplate,CTXsp,703,right,all,15171,194.401,849.273,15171,194.401,849.273
Claustrum,CLA,583,left,all,1297,199.008,1020.06,1297,199.008,1020.06
Claustrum,CLA,583,right,all,1103,189.638,893.188,1103,189.638,893.188
Endopiriform nucleus,EP,942,left,all,5018,207.201,966.091,5018,207.201,966.091
Endopiriform nucleus,EP,942,right,all,5748,202.924,833.895,5748,202.924,833.895
Endopiriform nucleus/ dorsal part,EPd,952,left,all,3637,205.942,981.82,3637,205.942,981.82
Endopiriform nucleus/ dorsal part,EPd,952,right,all,4043,204.307,859.43,4043,204.307,859.43
Endopiriform nucleus/ ventral part,EPv,966,left,all,1381,210.516,924.667,1381,210.516,924.667
Endopiriform nucleus/ ventral part,EPv,966,right,all,1705,199.646,773.344,1705,199.646,773.344
Lateral amygdalar nucleus,LA,131,left,all,816,193.396,1076.48,816,193.396,1076.48
Lateral amygdalar nucleus,LA,131,right,all,991,186.445,900.206,991,186.445,900.206
Basolateral amygdalar nucleus,BLA,295,left,all,3231,199.198,1035.56,3231,199.198,1035.56
Basolateral amygdalar nucleus,BLA,295,right,all,4005,196.836,886.885,4005,196.836,886.885
Basolateral amygdalar nucleus/ anterior part,BLAa,303,left,all,1397,201.503,1045.69,1397,201.503,1045.69
Basolateral amygdalar nucleus/ anterior part,BLAa,303,right,all,1492,203.311,948.824,1492,203.311,948.824
Basolateral amygdalar nucleus/ posterior part,BLAp,311,left,all,1425,197.35,1063.23,1425,197.35,1063.23
Basolateral amygdalar nucleus/ posterior part,BLAp,311,right,all,1762,197.119,886.446,1762,197.119,886.446
Basolateral amygdalar nucleus/ ventral part,BLAv,451,left,all,409,197.763,904.545,409,197.763,904.545
Basolateral amygdalar nucleus/ ventral part,BLAv,451,right,all,751,183.31,764.862,751,183.31,764.862
Basomedial amygdalar nucleus,BMA,319,left,all,1566,198.716,920.948,1566,198.716,920.948
Basomedial amygdalar nucleus,BMA,319,right,all,1874,180.853,810.402,1874,180.853,810.402
Basomedial amygdalar nucleus/ anterior part,BMAa,327,left,all,878,189.373,864.535,878,189.373,864.535
Basomedial amygdalar nucleus/ anterior part,BMAa,327,right,all,881,183.582,819.694,881,183.582,819.694
Basomedial amygdalar nucleus/ posterior part,BMAp,334,left,all,688,210.64,992.94,688,210.64,992.94
Basomedial amygdalar nucleus/ posterior part,BMAp,334,right,all,993,178.431,802.158,993,178.431,802.158
Posterior amygdalar nucleus,PA,780,left,all,868,191.13,938.203,868,191.13,938.203
Posterior amygdalar nucleus,PA,780,right,all,918,173.503,774.972,918,173.503,774.972
Cerebral nuclei,CNU,623,left,all,164160,197.313,1265.49,164160,197.313,1265.49
Cerebral nuclei,CNU,623,right,all,156381,186.965,1116.81,156381,186.965,1116.81
Striatum,STR,477,left,all,147931,198.147,1278.27,147931,198.147,1278.27
Striatum,STR,477,right,all,142163,186.997,1116.77,142163,186.997,1116.77
Striatum dorsal region,STRd,485,left,all,127984,196.962,1303.62,127984,196.962,1303.62
Striatum dorsal region,STRd,485,right,all,127055,186.76,1132.82,127055,186.76,1132.82
Caudoputamen,CP,672,left,all,127984,196.962,1303.62,127984,196.962,1303.62
Caudoputamen,CP,672,right,all,127055,186.76,1132.82,127055,186.76,1132.82
Striatum ventral region,STRv,493,left,all,5971,242.143,1324.45,5971,242.143,1324.45
Striatum ventral region,STRv,493,right,all,3148,194.35,1058.31,3148,194.35,1058.31
Nucleus accumbens,ACB,56,left,all,2651,190.609,1097.29,2651,190.609,1097.29
Nucleus accumbens,ACB,56,right,all,2184,180.91,1024.25,2184,180.91,1024.25
Fundus of striatum,FS,998,left,all,441,209.146,971.567,441,209.146,971.567
Fundus of striatum,FS,998,right,all,228,196.045,800.526,228,196.045,800.526
Olfactory tubercle,OT,754,left,all,2879,294.651,1587.67,2879,294.651,1587.67
Olfactory tubercle,OT,754,right,all,736,233.709,1239.25,736,233.709,1239.25
Lateral septal complex,LSX,275,left,all,3844,181.991,1021.52,3844,181.991,1021.52
Lateral septal complex,LSX,275,right,all,2260,171.154,1048.64,2260,171.154,1048.64
Lateral septal nucleus,LS,242,left,all,2393,191.144,996.041,2393,191.144,996.041
Lateral septal nucleus,LS,242,right,all,1351,179.516,1026.11,1351,179.516,1026.11
Lateral septal nucleus/ caudal (caudodorsal) part,LSc,250,left,all,617,213.805,957.99,617,213.805,957.99
Lateral septal nucleus/ caudal (caudodorsal) part,LSc,250,right,all,145,161.295,913.269,145,161.295,913.269
Lateral septal nucleus/ rostral (rostroventral) part,LSr,258,left,all,1524,181.554,1010.46,1524,181.554,1010.46
Lateral septal nucleus/ rostral (rostroventral) part,LSr,258,right,all,1040,180.064,1047.36,1040,180.064,1047.36
Lateral septal nucleus/ ventral part,LSv,266,left,all,252,193.659,1002.02,252,193.659,1002.02
Lateral septal nucleus/ ventral part,LSv,266,right,all,166,191.996,991.572,166,191.996,991.572
Septofimbrial nucleus,SF,310,left,all,1418,166.528,1062.51,1418,166.528,1062.51
Septofimbrial nucleus,SF,310,right,all,856,156.629,1080.47,856,156.629,1080.47
Septohippocampal nucleus,SH,333,left,all,33,182.692,1107.21,33,182.692,1107.21
Septohippocampal nucleus,SH,333,right,all,53,192.617,1108.72,53,192.617,1108.72
Striatum-like amygdalar nuclei,sAMY,278,left,all,5600,194.026,998.089,5600,194.026,998.089
Striatum-like amygdalar nuclei,sAMY,278,right,all,4882,188.884,887.974,4882,188.884,887.974
Anterior amygdalar area,AAA,23,left,all,878,191.738,1034.84,878,191.738,1034.84
Anterior amygdalar area,AAA,23,right,all,505,190.766,910.18,505,190.766,910.18
Bed nucleus of the accessory olfactory tract,BA,292,left,all,49,183.777,1160.29,49,183.777,1160.29
Bed nucleus of the accessory olfactory tract,BA,292,right,all,0,0,0,0,0,0
Central amygdalar nucleus,CEA,536,left,all,1337,184.194,950.503,1337,184.194,950.503
Central amygdalar nucleus,CEA,536,right,all,1956,192.185,915.286,1956,192.185,915.286
Central amygdalar nucleus/ capsular part,CEAc,544,left,all,225,191.586,955.684,225,191.586,955.684
Central amygdalar nucleus/ capsular part,CEAc,544,right,all,304,179.485,872.951,304,179.485,872.951
Central amygdalar nucleus/ lateral part,CEAl,551,left,all,242,175.932,943.161,242,175.932,943.161
Central amygdalar nucleus/ lateral part,CEAl,551,right,all,279,187.112,919.344,279,187.112,919.344
Central amygdalar nucleus/ medial part,CEAm,559,left,all,870,184.581,951.206,870,184.581,951.206
Central amygdalar nucleus/ medial part,CEAm,559,right,all,1373,196.027,923.835,1373,196.027,923.835
Intercalated amygdalar nucleus,IA,1105,left,all,166,202.09,876.795,166,202.09,876.795
Intercalated amygdalar nucleus,IA,1105,right,all,193,203.587,821.425,193,203.587,821.425
Medial amygdalar nucleus,MEA,403,left,all,3170,198.543,1011.82,3170,198.543,1011.82
Medial amygdalar nucleus,MEA,403,right,all,2228,184.286,864.728,2228,184.286,864.728
Pallidum,PAL,803,left,all,16229,189.704,1149.04,16229,189.704,1149.04
Pallidum,PAL,803,right,all,14218,186.646,1117.19,14218,186.646,1117.19
Pallidum/ dorsal region,PALd,818,left,all,5898,193.126,1257.84,5898,193.126,1257.84
Pallidum/ dorsal region,PALd,818,right,all,6545,185.988,1187.39,6545,185.988,1187.39
Globus pallidus/ external segment,GPe,1022,left,all,4645,193.134,1270.65,4645,193.134,1270.65
Globus pallidus/ external segment,GPe,1022,right,all,5342,186.878,1198.89,5342,186.878,1198.89
Globus pallidus/ internal segment,GPi,1031,left,all,1253,193.097,1210.34,1253,193.097,1210.34
Globus pallidus/ internal segment,GPi,1031,right,all,1203,182.036,1136.33,1203,182.036,1136.33
Pallidum/ ventral region,PALv,835,left,all,5201,194.373,1080.19,5201,194.373,1080.19
Pallidum/ ventral region,PALv,835,right,all,2757,191.872,952.507,2757,191.872,952.507
Substantia innominata,SI,342,left,all,4336,196.68,1074.13,4336,196.68,1074.13
Substantia innominata,SI,342,right,all,2471,193.452,955.912,2471,193.452,955.912
Magnocellular nucleus,MA,298,left,all,865,182.808,1110.54,865,182.808,1110.54
Magnocellular nucleus,MA,298,right,all,286,178.218,923.091,286,178.218,923.091
Pallidum/ medial region,PALm,826,left,all,2667,181.454,1153.5,2667,181.454,1153.5
Pallidum/ medial region,PALm,826,right,all,2924,184.037,1209.63,2924,184.037,1209.63
Medial septal complex,MSC,904,left,all,2430,183.907,1159.58,2430,183.907,1159.58
Medial septal complex,MSC,904,right,all,2663,186.641,1225.33,2663,186.641,1225.33
Medial septal nucleus,MS,564,left,all,1043,187.812,1284.91,1043,187.812,1284.91
Medial septal nucleus,MS,564,right,all,1452,190.871,1360.14,1452,190.871,1360.14
Diagonal band nucleus,NDB,596,left,all,1387,180.97,1065.34,1387,180.97,1065.34
Diagonal band nucleus,NDB,596,right,all,1211,181.569,1063.69,1211,181.569,1063.69
Triangular nucleus of septum,TRS,581,left,all,237,156.309,1091.13,237,156.309,1091.13
Triangular nucleus of septum,TRS,581,right,all,261,157.465,1049.39,261,157.465,1049.39
Pallidum/ caudal region,PALc,809,left,all,1033,182.53,959.795,1033,182.53,959.795
Pallidum/ caudal region,PALc,809,right,all,754,175.869,886.905,754,175.869,886.905
Bed nuclei of the stria terminalis,BST,351,left,all,1030,182.626,959.73,1030,182.626,959.73
Bed nuclei of the stria terminalis,BST,351,right,all,750,176.031,886.509,750,176.031,886.509
Bed nucleus of the anterior commissure,BAC,287,left,all,3,149.863,982,3,149.863,982
Bed nucleus of the anterior commissure,BAC,287,right,all,4,145.494,961,4,145.494,961
Brain stem,BS,343,left,all,328821,194.433,1496.15,328821,194.433,1496.15
Brain stem,BS,343,right,all,262387,182.821,1355.67,262387,182.821,1355.67
Interbrain,IB,1129,left,all,102812,180.862,1535.53,102812,180.862,1535.53
Interbrain,IB,1129,right,all,106090,174.913,1386.54,106090,174.913,1386.54
Thalamus,TH,549,left,all,84424,179.44,1570.64,84424,179.44,1570.64
Thalamus,TH,549,right,all,90742,174.647,1409.59,90742,174.647,1409.59
Thalamus/ sensory-motor cortex related,DORsm,864,left,all,35389,181.271,1673.4,35389,181.271,1673.4
Thalamus/ sensory-motor cortex related,DORsm,864,right,all,40295,176.597,1487.9,40295,176.597,1487.9
Ventral group of the dorsal thalamus,VENT,637,left,all,23930,178.836,1695.97,23930,178.836,1695.97
Ventral group of the dorsal thalamus,VENT,637,right,all,28501,174.367,1519.14,28501,174.367,1519.14
Ventral anterior-lateral complex of the thalamus,VAL,629,left,all,1001,166.669,1346.15,1001,166.669,1346.15
Ventral anterior-lateral complex of the thalamus,VAL,629,right,all,1206,160.813,1284.07,1206,160.813,1284.07
Ventral medial nucleus of the thalamus,VM,685,left,all,599,178.246,1382.38,599,178.246,1382.38
Ventral medial nucleus of the thalamus,VM,685,right,all,635,170.92,1297.55,635,170.92,1297.55
Ventral posterior complex of the thalamus,VP,709,left,all,20000,179.861,1740.26,20000,179.861,1740.26
Ventral posterior complex of the thalamus,VP,709,right,all,24610,175.586,1548.64,24610,175.586,1548.64
Ventral posterolateral nucleus of the thalamus,VPL,718,left,all,6025,182.193,1634.89,6025,182.193,1634.89
Ventral posterolateral nucleus of the thalamus,VPL,718,right,all,7602,174.701,1441.96,7602,174.701,1441.96
Ventral posterolateral nucleus of the thalamus/ parvicellular part,VPLpc,725,left,all,295,161.817,1632.48,295,161.817,1632.48
Ventral posterolateral nucleus of the thalamus/ parvicellular part,VPLpc,725,right,all,376,167.676,1554.55,376,167.676,1554.55
Ventral posteromedial nucleus of the thalamus,VPM,733,left,all,13584,179.288,1791.76,13584,179.288,1791.76
Ventral posteromedial nucleus of the thalamus,VPM,733,right,all,16466,176.228,1599.31,16466,176.228,1599.31
Ventral posteromedial nucleus of the thalamus/ parvicellular part,VPMpc,741,left,all,96,169.936,1398.31,96,169.936,1398.31
Ventral posteromedial nucleus of the thalamus/ parvicellular part,VPMpc,741,right,all,166,170.292,1395.46,166,170.292,1395.46
Posterior triangular thalamic nucleus,PoT,563807435,left,all,2330,175.42,1546.66,2330,175.42,1546.66
Posterior triangular thalamic nucleus,PoT,563807435,right,all,2050,168.779,1371.84,2050,168.779,1371.84
Subparafascicular nucleus,SPF,406,left,all,561,166.606,1450.95,561,166.606,1450.95
Subparafascicular nucleus,SPF,406,right,all,707,157.762,1319.84,707,157.762,1319.84
Subparafascicular nucleus/ magnocellular part,SPFm,414,left,all,14,194.368,1194.07,14,194.368,1194.07
Subparafascicular nucleus/ magnocellular part,SPFm,414,right,all,37,155.798,1247.24,37,155.798,1247.24
Subparafascicular nucleus/ parvicellular part,SPFp,422,left,all,547,165.895,1457.53,547,165.895,1457.53
Subparafascicular nucleus/ parvicellular part,SPFp,422,right,all,670,157.871,1323.85,670,157.871,1323.85
Subparafascicular area,SPA,609,left,all,34,163.766,1133.12,34,163.766,1133.12
Subparafascicular area,SPA,609,right,all,43,152.16,1141.44,43,152.16,1141.44
Peripeduncular nucleus,PP,1044,left,all,238,209.575,1236.43,238,209.575,1236.43
Peripeduncular nucleus,PP,1044,right,all,195,189.724,1003.75,195,189.724,1003.75
Geniculate group/ dorsal thalamus,GENd,1008,left,all,10626,186.951,1645.84,10626,186.951,1645.84
Geniculate group/ dorsal thalamus,GENd,1008,right,all,10849,183.542,1426.87,10849,183.542,1426.87
Medial geniculate complex,MG,475,left,all,4082,184.636,1567.37,4082,184.636,1567.37
Medial geniculate complex,MG,475,right,all,4262,181.935,1339.89,4262,181.935,1339.89
Medial geniculate complex/ dorsal part,MGd,1072,left,all,984,191.226,1418.43,984,191.226,1418.43
Medial geniculate complex/ dorsal part,MGd,1072,right,all,811,189.948,1222.61,811,189.948,1222.61
Medial geniculate complex/ ventral part,MGv,1079,left,all,1777,183.786,1564.26,1777,183.786,1564.26
Medial geniculate complex/ ventral part,MGv,1079,right,all,1792,184.038,1291.83,1792,184.038,1291.83
Medial geniculate complex/ medial part,MGm,1088,left,all,1321,180.87,1682.49,1321,180.87,1682.49
Medial geniculate complex/ medial part,MGm,1088,right,all,1659,175.746,1449.12,1659,175.746,1449.12
Dorsal part of the lateral geniculate complex,LGd,170,left,all,6544,188.396,1694.78,6544,188.396,1694.78
Dorsal part of the lateral geniculate complex,LGd,170,right,all,6587,184.583,1483.16,6587,184.583,1483.16
Dorsal part of the lateral geniculate complex/ shell,LGd-sh,496345664,left,all,1838,200.617,1634.02,1838,200.617,1634.02
Dorsal part of the lateral geniculate complex/ shell,LGd-sh,496345664,right,all,1238,189.885,1404.05,1238,189.885,1404.05
Dorsal part of the lateral geniculate complex/ core,LGd-co,496345668,left,all,3701,184.371,1685.18,3701,184.371,1685.18
Dorsal part of the lateral geniculate complex/ core,LGd-co,496345668,right,all,4437,183.181,1482.57,4437,183.181,1482.57
Dorsal part of the lateral geniculate complex/ ipsilateral zone,LGd-ip,496345672,left,all,1005,180.866,1841.27,1005,180.866,1841.27
Dorsal part of the lateral geniculate complex/ ipsilateral zone,LGd-ip,496345672,right,all,912,184.206,1593.39,912,184.206,1593.39
Thalamus/ polymodal association cortex related,DORpm,856,left,all,44606,178.38,1491.86,44606,178.38,1491.86
Thalamus/ polymodal association cortex related,DORpm,856,right,all,46786,173.312,1346.53,46786,173.312,1346.53
Lateral group of the dorsal thalamus,LAT,138,left,all,14339,175.596,1529,14339,175.596,1529
Lateral group of the dorsal thalamus,LAT,138,right,all,14319,172.039,1402.74,14319,172.039,1402.74
Lateral posterior nucleus of the thalamus,LP,218,left,all,6175,177.831,1529.84,6175,177.831,1529.84
Lateral posterior nucleus of the thalamus,LP,218,right,all,6253,174.457,1407.42,6253,174.457,1407.42
Posterior complex of the thalamus,PO,1020,left,all,4564,170.689,1564.26,4564,170.689,1564.26
Posterior complex of the thalamus,PO,1020,right,all,5107,165.974,1447.59,5107,165.974,1447.59
Posterior limiting nucleus of the thalamus,POL,1029,left,all,1173,172.364,1456.36,1173,172.364,1456.36
Posterior limiting nucleus of the thalamus,POL,1029,right,all,1138,177.711,1302.51,1138,177.711,1302.51
Suprageniculate nucleus,SGN,325,left,all,680,188.66,1504.04,680,188.66,1504.04
Suprageniculate nucleus,SGN,325,right,all,651,196.073,1306.4,651,196.073,1306.4
Ethmoid nucleus of the thalamus,Eth,560581551,left,all,1747,177.597,1492.41,1747,177.597,1492.41
Ethmoid nucleus of the thalamus,Eth,560581551,right,all,1170,166.695,1333.07,1170,166.695,1333.07
Anterior group of the dorsal thalamus,ATN,239,left,all,5590,166.308,1340.12,5590,166.308,1340.12
Anterior group of the dorsal thalamus,ATN,239,right,all,8310,165.66,1301.54,8310,165.66,1301.54
Anteroventral nucleus of thalamus,AV,255,left,all,1502,163.594,1224.34,1502,163.594,1224.34
Anteroventral nucleus of thalamus,AV,255,right,all,1474,161.947,1155.89,1474,161.947,1155.89
Anteromedial nucleus,AM,127,left,all,424,149.404,1114.93,424,149.404,1114.93
Anteromedial nucleus,AM,127,right,all,437,157.241,1076.11,437,157.241,1076.11
Anteromedial nucleus/ dorsal part,AMd,1096,left,all,177,150.926,1125.03,177,150.926,1125.03
Anteromedial nucleus/ dorsal part,AMd,1096,right,all,179,156.321,1085.34,179,156.321,1085.34
Anteromedial nucleus/ ventral part,AMv,1104,left,all,247,148.313,1107.7,247,148.313,1107.7
Anteromedial nucleus/ ventral part,AMv,1104,right,all,258,157.879,1069.7,258,157.879,1069.7
Anterodorsal nucleus,AD,64,left,all,594,163.137,1382.33,594,163.137,1382.33
Anterodorsal nucleus,AD,64,right,all,591,156.6,1248.54,591,156.6,1248.54
Interanteromedial nucleus of the thalamus,IAM,1120,left,all,7,143.741,968.143,7,143.741,968.143
Interanteromedial nucleus of the thalamus,IAM,1120,right,all,9,195.708,945.222,9,195.708,945.222
Interanterodorsal nucleus of the thalamus,IAD,1113,left,all,68,153.581,1167.82,68,153.581,1167.82
Interanterodorsal nucleus of the thalamus,IAD,1113,right,all,74,164.502,1171.97,74,164.502,1171.97
Lateral dorsal nucleus of thalamus,LD,155,left,all,2995,171.033,1426.47,2995,171.033,1426.47
Lateral dorsal nucleus of thalamus,LD,155,right,all,5725,168.162,1363.96,5725,168.162,1363.96
Medial group of the dorsal thalamus,MED,444,left,all,1068,167.708,1242.38,1068,167.708,1242.38
Medial group of the dorsal thalamus,MED,444,right,all,1135,172.03,1238.18,1135,172.03,1238.18
Intermediodorsal nucleus of the thalamus,IMD,59,left,all,72,166.177,1132.61,72,166.177,1132.61
Intermediodorsal nucleus of the thalamus,IMD,59,right,all,97,158.963,1122.82,97,158.963,1122.82
Mediodorsal nucleus of thalamus,MD,362,left,all,839,168.021,1275.98,839,168.021,1275.98
Mediodorsal nucleus of thalamus,MD,362,right,all,895,174.369,1265.52,895,174.369,1265.52
Submedial nucleus of the thalamus,SMT,366,left,all,107,164.892,1199.67,107,164.892,1199.67
Submedial nucleus of the thalamus,SMT,366,right,all,108,166.966,1199.3,108,166.966,1199.3
Perireunensis nucleus,PR,1077,left,all,50,170.692,928.14,50,170.692,928.14
Perireunensis nucleus,PR,1077,right,all,35,164.062,978.686,35,164.062,978.686
Midline group of the dorsal thalamus,MTN,571,left,all,494,161.078,971.464,494,161.078,971.464
Midline group of the dorsal thalamus,MTN,571,right,all,560,157.017,955.245,560,157.017,955.245
Paraventricular nucleus of the thalamus,PVT,149,left,all,323,158.788,973.663,323,158.788,973.663
Paraventricular nucleus of the thalamus,PVT,149,right,all,378,156.905,984.831,378,156.905,984.831
Parataenial nucleus,PT,15,left,all,82,162.309,1016.87,82,162.309,1016.87
Parataenial nucleus,PT,15,right,all,68,157.691,916.103,68,157.691,916.103
Nucleus of reuniens,RE,181,left,all,81,169.864,925.877,81,169.864,925.877
Nucleus of reuniens,RE,181,right,all,99,157.062,883.051,99,157.062,883.051
Xiphoid thalamic nucleus,Xi,560581559,left,all,8,151.973,878.875,8,151.973,878.875
Xiphoid thalamic nucleus,Xi,560581559,right,all,15,156.485,863.6,15,156.485,863.6
Intralaminar nuclei of the dorsal thalamus,ILM,51,left,all,1891,168.88,1353.03,1891,168.88,1353.03
Intralaminar nuclei of the dorsal thalamus,ILM,51,right,all,1767,165.44,1277.95,1767,165.44,1277.95
Rhomboid nucleus,RH,189,left,all,22,179.035,1089,22,179.035,1089
Rhomboid nucleus,RH,189,right,all,32,167.444,1059.41,32,167.444,1059.41
Central medial nucleus of the thalamus,CM,599,left,all,88,164.623,1160.09,88,164.623,1160.09
Central medial nucleus of the thalamus,CM,599,right,all,88,173.517,1140.95,88,173.517,1140.95
Paracentral nucleus,PCN,907,left,all,212,152.209,1328.48,212,152.209,1328.48
Paracentral nucleus,PCN,907,right,all,217,159.443,1306.19,217,159.443,1306.19
Central lateral nucleus of the thalamus,CL,575,left,all,492,168.34,1319.4,492,168.34,1319.4
Central lateral nucleus of the thalamus,CL,575,right,all,670,161.462,1298.14,670,161.462,1298.14
Parafascicular nucleus,PF,930,left,all,741,166.866,1443.17,741,166.866,1443.17
Parafascicular nucleus,PF,930,right,all,483,164.032,1358.11,483,164.032,1358.11
Posterior intralaminar thalamic nucleus,PIL,560581563,left,all,336,185.08,1286.81,336,185.08,1286.81
Posterior intralaminar thalamic nucleus,PIL,560581563,right,all,277,179.42,1135.97,277,179.42,1135.97
Reticular nucleus of the thalamus,RT,262,left,all,8016,183.317,1525.67,8016,183.317,1525.67
Reticular nucleus of the thalamus,RT,262,right,all,9015,176.723,1347.67,9015,176.723,1347.67
Geniculate group/ ventral thalamus,GENv,1014,left,all,7805,195.1,1733.63,7805,195.1,1733.63
Geniculate group/ ventral thalamus,GENv,1014,right,all,6145,183.691,1400.23,6145,183.691,1400.23
Intergeniculate leaflet of the lateral geniculate complex,IGL,27,left,all,1163,195.252,1811.12,1163,195.252,1811.12
Intergeniculate leaflet of the lateral geniculate complex,IGL,27,right,all,922,181.978,1408.95,922,181.978,1408.95
Intermediate geniculate nucleus,IntG,563807439,left,all,237,173.513,1773.6,237,173.513,1773.6
Intermediate geniculate nucleus,IntG,563807439,right,all,211,181.047,1478.48,211,181.047,1478.48
Ventral part of the lateral geniculate complex,LGv,178,left,all,6094,196.625,1726.57,6094,196.625,1726.57
Ventral part of the lateral geniculate complex,LGv,178,right,all,4737,184.643,1399.71,4737,184.643,1399.71
Subgeniculate nucleus,SubG,321,left,all,311,181.091,1551.73,311,181.091,1551.73
Subgeniculate nucleus,SubG,321,right,all,275,175.049,1319.96,275,175.049,1319.96
Epithalamus,EPI,958,left,all,5403,173.801,1296.34,5403,173.801,1296.34
Epithalamus,EPI,958,right,all,5535,175.439,1290.87,5535,175.439,1290.87
Medial habenula,MH,483,left,all,3629,177.684,1204.82,3629,177.684,1204.82
Medial habenula,MH,483,right,all,3608,179.676,1189.73,3608,179.676,1189.73
Lateral habenula,LH,186,left,all,1774,165.857,1483.56,1774,165.857,1483.56
Lateral habenula,LH,186,right,all,1927,167.507,1480.25,1927,167.507,1480.25
Hypothalamus,HY,1097,left,all,18388,187.387,1374.34,18388,187.387,1374.34
Hypothalamus,HY,1097,right,all,15348,176.486,1250.26,15348,176.486,1250.26
Periventricular zone,PVZ,157,left,all,465,166.394,1027.38,465,166.394,1027.38
Periventricular zone,PVZ,157,right,all,287,159.828,892.634,287,159.828,892.634
Supraoptic nucleus,SO,390,left,all,9,172.752,829.889,9,172.752,829.889
Supraoptic nucleus,SO,390,right,all,7,136.951,793.714,7,136.951,793.714
Accessory supraoptic group,ASO,332,left,all,0,0,0,0,0,0
Accessory supraoptic group,ASO,332,right,all,1,178.553,705,1,178.553,705
Paraventricular hypothalamic nucleus,PVH,38,left,all,131,158.408,761.634,131,158.408,761.634
Paraventricular hypothalamic nucleus,PVH,38,right,all,117,156.772,757.838,117,156.772,757.838
Periventricular hypothalamic nucleus/ anterior part,PVa,30,left,all,2,158.259,648,2,158.259,648
Periventricular hypothalamic nucleus/ anterior part,PVa,30,right,all,17,154.173,748.118,17,154.173,748.118
Periventricular hypothalamic nucleus/ intermediate part,PVi,118,left,all,36,184.072,804.75,36,184.072,804.75
Periventricular hypothalamic nucleus/ intermediate part,PVi,118,right,all,53,164.648,815.151,53,164.648,815.151
Arcuate hypothalamic nucleus,ARH,223,left,all,287,167.679,1185.44,287,167.679,1185.44
Arcuate hypothalamic nucleus,ARH,223,right,all,92,163.521,1144.97,92,163.521,1144.97
Periventricular region,PVR,141,left,all,1726,184.399,1011.8,1726,184.399,1011.8
Periventricular region,PVR,141,right,all,1370,191.91,983.695,1370,191.91,983.695
Anterodorsal preoptic nucleus,ADP,72,left,all,58,171.17,992.034,58,171.17,992.034
Anterodorsal preoptic nucleus,ADP,72,right,all,74,189.951,1008.42,74,189.951,1008.42
Anteroventral preoptic nucleus,AVP,263,left,all,131,172.725,1013.28,131,172.725,1013.28
Anteroventral preoptic nucleus,AVP,263,right,all,111,171.751,955.748,111,171.751,955.748
Anteroventral periventricular nucleus,AVPV,272,left,all,154,164.008,952.922,154,164.008,952.922
Anteroventral periventricular nucleus,AVPV,272,right,all,147,168.928,939.551,147,168.928,939.551
Dorsomedial nucleus of the hypothalamus,DMH,830,left,all,159,171.915,895.943,159,171.915,895.943
Dorsomedial nucleus of the hypothalamus,DMH,830,right,all,136,182.943,899.882,136,182.943,899.882
Median preoptic nucleus,MEPO,452,left,all,45,169.517,952.089,45,169.517,952.089
Median preoptic nucleus,MEPO,452,right,all,41,170.848,940.341,41,170.848,940.341
Medial preoptic area,MPO,523,left,all,693,181.545,1025.88,693,181.545,1025.88
Medial preoptic area,MPO,523,right,all,471,175.883,983.002,471,175.883,983.002
Vascular organ of the lamina terminalis,OV,763,left,all,3,141.795,861.333,3,141.795,861.333
Vascular organ of the lamina terminalis,OV,763,right,all,11,138.983,785.727,11,138.983,785.727
Posterodorsal preoptic nucleus,PD,914,left,all,18,161.845,885.056,18,161.845,885.056
Posterodorsal preoptic nucleus,PD,914,right,all,13,186.273,836.308,13,186.273,836.308
Parastrial nucleus,PS,1109,left,all,206,204.718,1114.86,206,204.718,1114.86
Parastrial nucleus,PS,1109,right,all,83,201.034,1028.96,83,201.034,1028.96
Periventricular hypothalamic nucleus/ posterior part,PVp,126,left,all,110,174.98,1135.46,110,174.98,1135.46
Periventricular hypothalamic nucleus/ posterior part,PVp,126,right,all,100,173.231,1137.62,100,173.231,1137.62
Periventricular hypothalamic nucleus/ preoptic part,PVpo,133,left,all,53,159.085,786.038,53,159.085,786.038
Periventricular hypothalamic nucleus/ preoptic part,PVpo,133,right,all,28,150.597,760.179,28,150.597,760.179
Subparaventricular zone,SBPV,347,left,all,16,175.846,717.562,16,175.846,717.562
Subparaventricular zone,SBPV,347,right,all,50,171.17,744.4,50,171.17,744.4
Suprachiasmatic nucleus,SCH,286,left,all,6,146.348,858,6,146.348,858
Suprachiasmatic nucleus,SCH,286,right,all,7,151.558,910.714,7,151.558,910.714
Subfornical organ,SFO,338,left,all,63,337.966,1135.62,63,337.966,1135.62
Subfornical organ,SFO,338,right,all,97,395.019,1243.14,97,395.019,1243.14
Ventromedial preoptic nucleus,VMPO,576073699,left,all,4,141.137,980,4,141.137,980
Ventromedial preoptic nucleus,VMPO,576073699,right,all,1,125.627,759,1,125.627,759
Ventrolateral preoptic nucleus,VLPO,689,left,all,7,135.641,896,7,135.641,896
Ventrolateral preoptic nucleus,VLPO,689,right,all,0,0,0,0,0,0
Hypothalamic medial zone,MEZ,467,left,all,1725,163.201,886.263,1725,163.201,886.263
Hypothalamic medial zone,MEZ,467,right,all,1444,168.419,863.302,1444,168.419,863.302
Anterior hypothalamic nucleus,AHN,88,left,all,186,165.451,805.973,186,165.451,805.973
Anterior hypothalamic nucleus,AHN,88,right,all,223,169.241,813.744,223,169.241,813.744
Mammillary body,MBO,331,left,all,660,159.272,899.579,660,159.272,899.579
Mammillary body,MBO,331,right,all,487,164.786,842.832,487,164.786,842.832
Lateral mammillary nucleus,LM,210,left,all,104,160.727,912.067,104,160.727,912.067
Lateral mammillary nucleus,LM,210,right,all,23,157.789,870.957,23,157.789,870.957
Medial mammillary nucleus,MM,491,left,all,192,153.249,881.526,192,153.249,881.526
Medial mammillary nucleus,MM,491,right,all,241,162.726,874.535,241,162.726,874.535
Medial mammillary nucleus/ median part,MMme,732,left,all,30,161.788,830.533,30,161.788,830.533
Medial mammillary nucleus/ median part,MMme,732,right,all,14,230.958,1003.36,14,230.958,1003.36
Medial mammillary nucleus/ lateral part,MMl,606826647,left,all,76,148.65,890.474,76,148.65,890.474
Medial mammillary nucleus/ lateral part,MMl,606826647,right,all,125,161.005,880.384,125,161.005,880.384
Medial mammillary nucleus/ medial part,MMm,606826651,left,all,19,140.933,833.737,19,140.933,833.737
Medial mammillary nucleus/ medial part,MMm,606826651,right,all,27,157.039,872.296,27,157.039,872.296
Medial mammillary nucleus/ posterior part,MMp,606826655,left,all,49,155.709,833.388,49,155.709,833.388
Medial mammillary nucleus/ posterior part,MMp,606826655,right,all,60,152.244,764.05,60,152.244,764.05
Medial mammillary nucleus/ dorsal part,MMd,606826659,left,all,18,164.74,1110.22,18,164.74,1110.22
Medial mammillary nucleus/ dorsal part,MMd,606826659,right,all,15,165.544,1151.53,15,165.544,1151.53
Supramammillary nucleus,SUM,525,left,all,113,161.12,964.283,113,161.12,964.283
Supramammillary nucleus,SUM,525,right,all,67,181.97,1015.16,67,181.97,1015.16
Tuberomammillary nucleus,TM,557,left,all,251,162.444,879.084,251,162.444,879.084
Tuberomammillary nucleus,TM,557,right,all,156,161.621,715.692,156,161.621,715.692
Tuberomammillary nucleus/ dorsal part,TMd,1126,left,all,16,153.136,802.812,16,153.136,802.812
Tuberomammillary nucleus/ dorsal part,TMd,1126,right,all,4,141.982,748.75,4,141.982,748.75
Tuberomammillary nucleus/ ventral part,TMv,1,left,all,235,163.078,884.277,235,163.078,884.277
Tuberomammillary nucleus/ ventral part,TMv,1,right,all,152,162.138,714.822,152,162.138,714.822
Medial preoptic nucleus,MPN,515,left,all,143,154.026,798.161,143,154.026,798.161
Medial preoptic nucleus,MPN,515,right,all,135,154.078,775.319,135,154.078,775.319
Dorsal premammillary nucleus,PMd,980,left,all,72,161.931,844.153,72,161.931,844.153
Dorsal premammillary nucleus,PMd,980,right,all,51,153.873,815.804,51,153.873,815.804
Ventral premammillary nucleus,PMv,1004,left,all,99,159.194,851.303,99,159.194,851.303
Ventral premammillary nucleus,PMv,1004,right,all,59,157.1,808.966,59,157.1,808.966
Paraventricular hypothalamic nucleus/ descending division,PVHd,63,left,all,65,162.711,883.831,65,162.711,883.831
Paraventricular hypothalamic nucleus/ descending division,PVHd,63,right,all,95,173.941,909.716,95,173.941,909.716
Ventromedial hypothalamic nucleus,VMH,693,left,all,164,163.645,912.939,164,163.645,912.939
Ventromedial hypothalamic nucleus,VMH,693,right,all,159,190.757,912.704,159,190.757,912.704
Posterior hypothalamic nucleus,PH,946,left,all,336,174.91,948.821,336,174.91,948.821
Posterior hypothalamic nucleus,PH,946,right,all,235,172.056,975.055,235,172.056,975.055
Hypothalamic lateral zone,LZ,290,left,all,12214,193.772,1553.27,12214,193.772,1553.27
Hypothalamic lateral zone,LZ,290,right,all,10500,176.803,1378.92,10500,176.803,1378.92
Lateral hypothalamic area,LHA,194,left,all,1789,184.421,1006.88,1789,184.421,1006.88
Lateral hypothalamic area,LHA,194,right,all,1499,184.387,977.828,1499,184.387,977.828
Lateral preoptic area,LPO,226,left,all,897,183.155,1034.09,897,183.155,1034.09
Lateral preoptic area,LPO,226,right,all,540,179.243,966.741,540,179.243,966.741
Preparasubthalamic nucleus,PST,356,left,all,14,182.028,1102.07,14,182.028,1102.07
Preparasubthalamic nucleus,PST,356,right,all,29,195.199,1051.83,29,195.199,1051.83
Parasubthalamic nucleus,PSTN,364,left,all,141,182.351,1187.57,141,182.351,1187.57
Parasubthalamic nucleus,PSTN,364,right,all,115,198.497,1104.48,115,198.497,1104.48
Perifornical nucleus,PeF,576073704,left,all,140,175.241,921.85,140,175.241,921.85
Perifornical nucleus,PeF,576073704,right,all,174,162.109,927.207,174,162.109,927.207
Retrochiasmatic area,RCH,173,left,all,43,153.802,1152,43,153.802,1152
Retrochiasmatic area,RCH,173,right,all,1,125.811,920,1,125.811,920
Subthalamic nucleus,STN,470,left,all,558,188.847,1507.97,558,188.847,1507.97
Subthalamic nucleus,STN,470,right,all,309,173.573,1357.6,309,173.573,1357.6
Tuberal nucleus,TU,614,left,all,884,174.775,1074.35,884,174.775,1074.35
Tuberal nucleus,TU,614,right,all,217,164.01,814.664,217,164.01,814.664
Zona incerta,ZI,797,left,all,7748,200.469,1818.54,7748,200.469,1818.54
Zona incerta,ZI,797,right,all,7616,175.578,1519.8,7616,175.578,1519.8
Fields of Forel,FF,804,left,all,653,192.909,1708.59,653,192.909,1708.59
Fields of Forel,FF,804,right,all,518,169.289,1538.1,518,169.289,1538.1
Median eminence,ME,10671,left,all,0,0,0,0,0,0
Median eminence,ME,10671,right,all,0,0,0,0,0,0
Midbrain,MB,313,left,all,120369,190.215,1571.13,120369,190.215,1571.13
Midbrain,MB,313,right,all,89991,179.748,1392.34,89991,179.748,1392.34
Midbrain/ sensory related,MBsen,339,left,all,52404,199.618,1837.46,52404,199.618,1837.46
Midbrain/ sensory related,MBsen,339,right,all,34546,186.137,1617.39,34546,186.137,1617.39
Superior colliculus/ sensory related,SCs,302,left,all,2959,187.427,1165.62,2959,187.427,1165.62
Superior colliculus/ sensory related,SCs,302,right,all,1954,183.873,1071.79,1954,183.873,1071.79
Superior colliculus/ optic layer,SCop,851,left,all,839,186.939,1207.42,839,186.939,1207.42
Superior colliculus/ optic layer,SCop,851,right,all,603,175.729,1081.82,603,175.729,1081.82
Superior colliculus/ superficial gray layer,SCsg,842,left,all,1130,190.547,1224.46,1130,190.547,1224.46
Superior colliculus/ superficial gray layer,SCsg,842,right,all,774,191.823,1102.11,774,191.823,1102.11
Superior colliculus/ zonal layer,SCzo,834,left,all,990,184.278,1063.04,990,184.278,1063.04
Superior colliculus/ zonal layer,SCzo,834,right,all,577,181.721,1020.63,577,181.721,1020.63
Inferior colliculus,IC,4,left,all,48395,200.779,1891.43,48395,200.779,1891.43
Inferior colliculus,IC,4,right,all,31795,186.57,1664.04,31795,186.57,1664.04
Inferior colliculus/ central nucleus,ICc,811,left,all,21880,190.892,2071.67,21880,190.892,2071.67
Inferior colliculus/ central nucleus,ICc,811,right,all,16558,177.109,1802.83,16558,177.109,1802.83
Inferior colliculus/ dorsal nucleus,ICd,820,left,all,7009,198.458,1609.4,7009,198.458,1609.4
Inferior colliculus/ dorsal nucleus,ICd,820,right,all,5171,176.043,1488.22,5171,176.043,1488.22
Inferior colliculus/ external nucleus,ICe,828,left,all,19506,212.704,1790.61,19506,212.704,1790.61
Inferior colliculus/ external nucleus,ICe,828,right,all,10066,207.541,1526.05,10066,207.541,1526.05
Nucleus of the brachium of the inferior colliculus,NB,580,left,all,432,176.88,1240.11,432,176.88,1240.11
Nucleus of the brachium of the inferior colliculus,NB,580,right,all,305,176.652,1070.91,305,176.652,1070.91
Nucleus sagulum,SAG,271,left,all,375,174.84,1265.28,375,174.84,1265.28
Nucleus sagulum,SAG,271,right,all,230,170.019,1115,230,170.019,1115
Parabigeminal nucleus,PBG,874,left,all,145,187.988,1122.01,145,187.988,1122.01
Parabigeminal nucleus,PBG,874,right,all,157,173.655,1009.62,157,173.655,1009.62
Midbrain trigeminal nucleus,MEV,460,left,all,57,236.973,1468.63,57,236.973,1468.63
Midbrain trigeminal nucleus,MEV,460,right,all,42,195.53,1346.86,42,195.53,1346.86
Subcommissural organ,SCO,599626923,left,all,41,163.789,1188.9,41,163.789,1188.9
Subcommissural organ,SCO,599626923,right,all,63,167.274,1174.7,63,167.274,1174.7
Midbrain/ motor related,MBmot,323,left,all,44096,181.461,1396.72,44096,181.461,1396.72
Midbrain/ motor related,MBmot,323,right,all,37863,174.56,1294.14,37863,174.56,1294.14
Substantia nigra/ reticular part,SNr,381,left,all,2547,185.57,1174.05,2547,185.57,1174.05
Substantia nigra/ reticular part,SNr,381,right,all,1551,175.913,1004.29,1551,175.913,1004.29
Ventral tegmental area,VTA,749,left,all,158,162.41,1123.65,158,162.41,1123.65
Ventral tegmental area,VTA,749,right,all,144,158.795,1066.76,144,158.795,1066.76
Paranigral nucleus,PN,607344830,left,all,14,154.725,1029.79,14,154.725,1029.79
Paranigral nucleus,PN,607344830,right,all,11,169.221,1089.82,11,169.221,1089.82
Midbrain reticular nucleus/ retrorubral area,RR,246,left,all,95,170.549,1143.84,95,170.549,1143.84
Midbrain reticular nucleus/ retrorubral area,RR,246,right,all,78,164.625,1040.87,78,164.625,1040.87
Midbrain reticular nucleus,MRN,128,left,all,7858,179.202,1374.43,7858,179.202,1374.43
Midbrain reticular nucleus,MRN,128,right,all,7196,175.719,1287.03,7196,175.719,1287.03
Superior colliculus/ motor related,SCm,294,left,all,11622,180.098,1377.96,11622,180.098,1377.96
Superior colliculus/ motor related,SCm,294,right,all,8970,171.707,1241.44,8970,171.707,1241.44
Superior colliculus/ motor related/ deep gray layer,SCdg,26,left,all,2480,183.763,1337.62,2480,183.763,1337.62
Superior colliculus/ motor related/ deep gray layer,SCdg,26,right,all,1836,168.734,1243.39,1836,168.734,1243.39
Superior colliculus/ motor related/ deep white layer,SCdw,42,left,all,836,175.649,1293.43,836,175.649,1293.43
Superior colliculus/ motor related/ deep white layer,SCdw,42,right,all,651,166.686,1223.69,651,166.686,1223.69
Superior colliculus/ motor related/ intermediate white layer,SCiw,17,left,all,4560,178.246,1444.8,4560,178.246,1444.8
Superior colliculus/ motor related/ intermediate white layer,SCiw,17,right,all,3404,173.24,1306.5,3404,173.24,1306.5
Superior colliculus/ motor related/ intermediate gray layer,SCig,10,left,all,3746,180.917,1342.17,3746,180.917,1342.17
Superior colliculus/ motor related/ intermediate gray layer,SCig,10,right,all,3079,172.846,1172.11,3079,172.846,1172.11
Periaqueductal gray,PAG,795,left,all,7302,195.359,1314.76,7302,195.359,1314.76
Periaqueductal gray,PAG,795,right,all,5907,190.092,1262.38,5907,190.092,1262.38
Precommissural nucleus,PRC,50,left,all,139,178.768,1172.92,139,178.768,1172.92
Precommissural nucleus,PRC,50,right,all,247,174.416,1083.22,247,174.416,1083.22
Interstitial nucleus of Cajal,INC,67,left,all,83,160.967,1590,83,160.967,1590
Interstitial nucleus of Cajal,INC,67,right,all,119,164.586,1558.24,119,164.586,1558.24
Nucleus of Darkschewitsch,ND,587,left,all,137,158.057,1466.37,137,158.057,1466.37
Nucleus of Darkschewitsch,ND,587,right,all,116,157.115,1445.81,116,157.115,1445.81
Supraoculomotor periaqueductal gray,Su3,614454277,left,all,89,162.119,1394.04,89,162.119,1394.04
Supraoculomotor periaqueductal gray,Su3,614454277,right,all,90,152.801,1363.53,90,152.801,1363.53
Pretectal region,PRT,1100,left,all,9773,167.827,1571.49,9773,167.827,1571.49
Pretectal region,PRT,1100,right,all,10956,162.76,1397.46,10956,162.76,1397.46
Anterior pretectal nucleus,APN,215,left,all,7997,167.931,1618.31,7997,167.931,1618.31
Anterior pretectal nucleus,APN,215,right,all,8648,163.609,1438.43,8648,163.609,1438.43
Medial pretectal area,MPT,531,left,all,55,160.579,1317.53,55,160.579,1317.53
Medial pretectal area,MPT,531,right,all,90,152.384,1270.97,90,152.384,1270.97
Nucleus of the optic tract,NOT,628,left,all,627,173.053,1342.19,627,173.053,1342.19
Nucleus of the optic tract,NOT,628,right,all,728,160.27,1179.39,728,160.27,1179.39
Nucleus of the posterior commissure,NPC,634,left,all,385,160.111,1315.1,385,160.111,1315.1
Nucleus of the posterior commissure,NPC,634,right,all,516,159.232,1297.58,516,159.232,1297.58
Olivary pretectal nucleus,OP,706,left,all,143,163.111,1344.74,143,163.111,1344.74
Olivary pretectal nucleus,OP,706,right,all,239,158.668,1228.9,239,158.668,1228.9
Posterior pretectal nucleus,PPT,1061,left,all,484,166.107,1416.18,484,166.107,1416.18
Posterior pretectal nucleus,PPT,1061,right,all,627,158.6,1251.86,627,158.6,1251.86
Retroparafascicular nucleus,RPF,549009203,left,all,82,177.224,1444.82,82,177.224,1444.82
Retroparafascicular nucleus,RPF,549009203,right,all,108,170.286,1387.79,108,170.286,1387.79
Cuneiform nucleus,CUN,616,left,all,3173,181.734,1337.11,3173,181.734,1337.11
Cuneiform nucleus,CUN,616,right,all,1384,173.002,1196.32,1384,173.002,1196.32
Red nucleus,RN,214,left,all,1115,235.13,1507.7,1115,235.13,1507.7
Red nucleus,RN,214,right,all,1290,219.418,1450.68,1290,219.418,1450.68
Oculomotor nucleus,III,35,left,all,94,174.474,1525.43,94,174.474,1525.43
Oculomotor nucleus,III,35,right,all,101,157.644,1488.61,101,157.644,1488.61
Medial accesory oculomotor nucleus,MA3,549009211,left,all,6,142.742,1348.17,6,142.742,1348.17
Medial accesory oculomotor nucleus,MA3,549009211,right,all,11,173.563,1328.73,11,173.563,1328.73
Edinger-Westphal nucleus,EW,975,left,all,27,150.582,1175.59,27,150.582,1175.59
Edinger-Westphal nucleus,EW,975,right,all,34,166.045,1176.56,34,166.045,1176.56
Trochlear nucleus,IV,115,left,all,31,154.801,1585.45,31,154.801,1585.45
Trochlear nucleus,IV,115,right,all,18,147.688,1562.83,18,147.688,1562.83
Paratrochlear nucleus,Pa4,606826663,left,all,38,160.977,1475.32,38,160.977,1475.32
Paratrochlear nucleus,Pa4,606826663,right,all,13,186.943,1436.38,13,186.943,1436.38
Ventral tegmental nucleus,VTN,757,left,all,68,181.423,1596.68,68,181.423,1596.68
Ventral tegmental nucleus,VTN,757,right,all,48,180.554,1643.75,48,180.554,1643.75
Anterior tegmental nucleus,AT,231,left,all,26,170.337,1273.69,26,170.337,1273.69
Anterior tegmental nucleus,AT,231,right,all,53,179.77,1275.87,53,179.77,1275.87
Lateral terminal nucleus of the accessory optic tract,LT,66,left,all,88,215.716,1180.36,88,215.716,1180.36
Lateral terminal nucleus of the accessory optic tract,LT,66,right,all,66,203.295,1115.3,66,203.295,1115.3
Dorsal terminal nucleus of the accessory optic tract,DT,75,left,all,32,160.829,1124.06,32,160.829,1124.06
Dorsal terminal nucleus of the accessory optic tract,DT,75,right,all,7,168.296,943.714,7,168.296,943.714
Medial terminal nucleus of the accessory optic tract,MT,58,left,all,29,176.778,1094.86,29,176.778,1094.86
Medial terminal nucleus of the accessory optic tract,MT,58,right,all,25,174.051,1013.56,25,174.051,1013.56
Midbrain/ behavioral state related,MBsta,348,left,all,4014,180.865,1329.91,4014,180.865,1329.91
Midbrain/ behavioral state related,MBsta,348,right,all,2438,183.616,1231.82,2438,183.616,1231.82
Substantia nigra/ compact part,SNc,374,left,all,229,180.718,1237.57,229,180.718,1237.57
Substantia nigra/ compact part,SNc,374,right,all,204,182.627,1099.22,204,182.627,1099.22
Pedunculopontine nucleus,PPN,1052,left,all,2885,176.427,1369.11,2885,176.427,1369.11
Pedunculopontine nucleus,PPN,1052,right,all,1260,179.284,1265.18,1260,179.284,1265.18
Midbrain raphe nuclei,RAmb,165,left,all,900,195.128,1227.74,900,195.128,1227.74
Midbrain raphe nuclei,RAmb,165,right,all,974,189.428,1216.44,974,189.428,1216.44
Interfascicular nucleus raphe,IF,12,left,all,31,178.057,1038.52,31,178.057,1038.52
Interfascicular nucleus raphe,IF,12,right,all,24,204.647,1045.5,24,204.647,1045.5
Interpeduncular nucleus,IPN,100,left,all,210,166.2,977.714,210,166.2,977.714
Interpeduncular nucleus,IPN,100,right,all,236,147.75,932.453,236,147.75,932.453
Interpeduncular nucleus/ rostral,IPR,607344834,left,all,60,176.03,1075.98,60,176.03,1075.98
Interpeduncular nucleus/ rostral,IPR,607344834,right,all,46,151.542,1108.43,46,151.542,1108.43
Interpeduncular nucleus/ caudal,IPC,607344838,left,all,46,164.357,985,46,164.357,985
Interpeduncular nucleus/ caudal,IPC,607344838,right,all,50,144.019,929,50,144.019,929
Interpeduncular nucleus/ apical,IPA,607344842,left,all,8,169.482,1191,8,169.482,1191
Interpeduncular nucleus/ apical,IPA,607344842,right,all,9,158.859,1013.33,9,158.859,1013.33
Interpeduncular nucleus/ lateral,IPL,607344846,left,all,38,148.922,700.447,38,148.922,700.447
Interpeduncular nucleus/ lateral,IPL,607344846,right,all,61,149.449,678.18,61,149.449,678.18
Interpeduncular nucleus/ intermediate,IPI,607344850,left,all,13,144.912,910.231,13,144.912,910.231
Interpeduncular nucleus/ intermediate,IPI,607344850,right,all,28,141.165,937.429,28,141.165,937.429
Interpeduncular nucleus/ dorsomedial,IPDM,607344854,left,all,8,148.158,1124.62,8,148.158,1124.62
Interpeduncular nucleus/ dorsomedial,IPDM,607344854,right,all,2,151.209,937,2,151.209,937
Interpeduncular nucleus/ dorsolateral,IPDL,607344858,left,all,21,160.304,1089.57,21,160.304,1089.57
Interpeduncular nucleus/ dorsolateral,IPDL,607344858,right,all,24,143.353,1123.46,24,143.353,1123.46
Interpeduncular nucleus/ rostrolateral,IPRL,607344862,left,all,12,221.777,1027.58,12,221.777,1027.58
Interpeduncular nucleus/ rostrolateral,IPRL,607344862,right,all,10,158.076,1101.2,10,158.076,1101.2
Rostral linear nucleus raphe,RL,197,left,all,32,170.378,1129.66,32,170.378,1129.66
Rostral linear nucleus raphe,RL,197,right,all,44,170.87,1145.18,44,170.87,1145.18
Central linear nucleus raphe,CLI,591,left,all,27,176.082,1085.74,27,176.082,1085.74
Central linear nucleus raphe,CLI,591,right,all,34,169.341,1067.29,34,169.341,1067.29
Dorsal nucleus raphe,DR,872,left,all,600,208.312,1336.65,600,208.312,1336.65
Dorsal nucleus raphe,DR,872,right,all,636,206.677,1341.17,636,206.677,1341.17
Hindbrain,HB,1065,left,all,105640,212.447,1372.39,105640,212.447,1372.39
Hindbrain,HB,1065,right,all,66306,199.643,1256.52,66306,199.643,1256.52
Pons,P,771,left,all,30543,196.622,1403.46,30543,196.622,1403.46
Pons,P,771,right,all,22351,190.742,1277.46,22351,190.742,1277.46
Pons/ sensory related,P-sen,1132,left,all,12682,205.336,1451.38,12682,205.336,1451.38
Pons/ sensory related,P-sen,1132,right,all,8009,195.448,1227.98,8009,195.448,1227.98
Nucleus of the lateral lemniscus,NLL,612,left,all,3418,181.72,1407.58,3418,181.72,1407.58
Nucleus of the lateral lemniscus,NLL,612,right,all,1995,169.964,1032.73,1995,169.964,1032.73
Principal sensory nucleus of the trigeminal,PSV,7,left,all,3459,208.803,1480.95,3459,208.803,1480.95
Principal sensory nucleus of the trigeminal,PSV,7,right,all,2640,195.161,1271.19,2640,195.161,1271.19
Parabrachial nucleus,PB,867,left,all,4417,217.758,1513.29,4417,217.758,1513.29
Parabrachial nucleus,PB,867,right,all,2421,220.63,1403.77,2421,220.63,1403.77
Koelliker-Fuse subnucleus,KF,123,left,all,795,197.753,1635.27,795,197.753,1635.27
Koelliker-Fuse subnucleus,KF,123,right,all,446,195.405,1511.32,446,195.405,1511.32
Superior olivary complex,SOC,398,left,all,1388,215.321,1288.55,1388,215.321,1288.55
Superior olivary complex,SOC,398,right,all,953,185.62,1070.44,953,185.62,1070.44
Superior olivary complex/ periolivary region,POR,122,left,all,154,207.878,1105.95,154,207.878,1105.95
Superior olivary complex/ periolivary region,POR,122,right,all,46,160.317,870.587,46,160.317,870.587
Superior olivary complex/ medial part,SOCm,105,left,all,462,198.839,1268.78,462,198.839,1268.78
Superior olivary complex/ medial part,SOCm,105,right,all,359,192.995,1086.43,359,192.995,1086.43
Superior olivary complex/ lateral part,SOCl,114,left,all,772,226.67,1336.81,772,226.67,1336.81
Superior olivary complex/ lateral part,SOCl,114,right,all,548,182.912,1076.75,548,182.912,1076.75
Pons/ motor related,P-mot,987,left,all,8189,191.546,1394.11,8189,191.546,1394.11
Pons/ motor related,P-mot,987,right,all,6452,189.615,1344.3,6452,189.615,1344.3
Barrington's nucleus,B,280,left,all,48,208.14,1491.27,48,208.14,1491.27
Barrington's nucleus,B,280,right,all,26,193.13,1383.46,26,193.13,1383.46
Dorsal tegmental nucleus,DTN,880,left,all,313,177.842,1643.79,313,177.842,1643.79
Dorsal tegmental nucleus,DTN,880,right,all,305,173.038,1636.87,305,173.038,1636.87
Posterodorsal tegmental nucleus,PDTg,599626927,left,all,58,167.851,1483.53,58,167.851,1483.53
Posterodorsal tegmental nucleus,PDTg,599626927,right,all,35,162.514,1433.86,35,162.514,1433.86
Pontine central gray,PCG,898,left,all,956,185.523,1541.5,956,185.523,1541.5
Pontine central gray,PCG,898,right,all,857,178.124,1508.78,857,178.124,1508.78
Pontine gray,PG,931,left,all,94,154.597,705.191,94,154.597,705.191
Pontine gray,PG,931,right,all,27,144.442,658.519,27,144.442,658.519
Pontine reticular nucleus/ caudal part,PRNc,1093,left,all,2944,200.811,1361.84,2944,200.811,1361.84
Pontine reticular nucleus/ caudal part,PRNc,1093,right,all,2651,197.886,1306.6,2651,197.886,1306.6
Supragenual nucleus,SG,318,left,all,19,174.42,1416.05,19,174.42,1416.05
Supragenual nucleus,SG,318,right,all,15,161.547,1323.33,15,161.547,1323.33
Supratrigeminal nucleus,SUT,534,left,all,657,191.726,1567.16,657,191.726,1567.16
Supratrigeminal nucleus,SUT,534,right,all,406,202.924,1487.86,406,202.924,1487.86
Tegmental reticular nucleus,TRN,574,left,all,1104,162.725,981.466,1104,162.725,981.466
Tegmental reticular nucleus,TRN,574,right,all,656,157.425,942.312,656,157.425,942.312
Motor nucleus of trigeminal,V,621,left,all,1160,205.547,1607.22,1160,205.547,1607.22
Motor nucleus of trigeminal,V,621,right,all,854,199.771,1462.59,854,199.771,1462.59
Peritrigeminal zone,P5,549009215,left,all,469,191.287,1446.7,469,191.287,1446.7
Peritrigeminal zone,P5,549009215,right,all,405,197.778,1343.16,405,197.778,1343.16
Accessory trigeminal nucleus,Acs5,549009219,left,all,23,169.346,1331.13,23,169.346,1331.13
Accessory trigeminal nucleus,Acs5,549009219,right,all,17,200.467,1289.82,17,200.467,1289.82
Parvicellular motor 5 nucleus,PC5,549009223,left,all,195,198.714,1247.27,195,198.714,1247.27
Parvicellular motor 5 nucleus,PC5,549009223,right,all,116,173.754,1195.84,116,173.754,1195.84
Intertrigeminal nucleus,I5,549009227,left,all,149,203.877,1599.11,149,203.877,1599.11
Intertrigeminal nucleus,I5,549009227,right,all,82,200.198,1435,82,200.198,1435
Pons/ behavioral state related,P-sat,1117,left,all,4051,186.502,1352.88,4051,186.502,1352.88
Pons/ behavioral state related,P-sat,1117,right,all,3444,186.126,1317.05,3444,186.126,1317.05
Superior central nucleus raphe,CS,679,left,all,571,174.189,1291.18,571,174.189,1291.18
Superior central nucleus raphe,CS,679,right,all,574,173.939,1279.15,574,173.939,1279.15
Locus ceruleus,LC,147,left,all,114,210.55,1402.85,114,210.55,1402.85
Locus ceruleus,LC,147,right,all,80,204.647,1337.59,80,204.647,1337.59
Laterodorsal tegmental nucleus,LDT,162,left,all,679,177.51,1541.16,679,177.51,1541.16
Laterodorsal tegmental nucleus,LDT,162,right,all,515,175.391,1481.78,515,175.391,1481.78
Nucleus incertus,NI,604,left,all,71,169.724,1383.85,71,169.724,1383.85
Nucleus incertus,NI,604,right,all,103,175.36,1409.52,103,175.36,1409.52
Pontine reticular nucleus,PRNr,146,left,all,2357,191.016,1295.21,2357,191.016,1295.21
Pontine reticular nucleus,PRNr,146,right,all,1930,191.114,1262.68,1930,191.114,1262.68
Nucleus raphe pontis,RPO,238,left,all,181,191.893,1487.27,181,191.893,1487.27
Nucleus raphe pontis,RPO,238,right,all,178,195.385,1458.65,178,195.385,1458.65
Subceruleus nucleus,SLC,350,left,all,40,187.972,1479.7,40,187.972,1479.7
Subceruleus nucleus,SLC,350,right,all,39,191.4,1394.97,39,191.4,1394.97
Sublaterodorsal nucleus,SLD,358,left,all,38,184.242,1511.55,38,184.242,1511.55
Sublaterodorsal nucleus,SLD,358,right,all,25,213.02,1415.12,25,213.02,1415.12
Medulla,MY,354,left,all,75097,218.884,1359.75,75097,218.884,1359.75
Medulla,MY,354,right,all,43955,204.17,1245.88,43955,204.17,1245.88
Medulla/ sensory related,MY-sen,386,left,all,31832,220.939,1434.72,31832,220.939,1434.72
Medulla/ sensory related,MY-sen,386,right,all,19681,213.973,1307.54,19681,213.973,1307.54
Area postrema,AP,207,left,all,112,177.744,1002.9,112,177.744,1002.9
Area postrema,AP,207,right,all,244,203.716,1146.07,244,203.716,1146.07
Cochlear nuclei,CN,607,left,all,8105,210.94,1570.07,8105,210.94,1570.07
Cochlear nuclei,CN,607,right,all,4798,193.505,1249.61,4798,193.505,1249.61
Dorsal cochlear nucleus,DCO,96,left,all,2231,188.979,1352.39,2231,188.979,1352.39
Dorsal cochlear nucleus,DCO,96,right,all,1118,173.962,1080.63,1118,173.962,1080.63
Ventral cochlear nucleus,VCO,101,left,all,5874,219.28,1652.75,5874,219.28,1652.75
Ventral cochlear nucleus,VCO,101,right,all,3680,199.442,1300.95,3680,199.442,1300.95
Dorsal column nuclei,DCN,720,left,all,1647,217.284,1218.26,1647,217.284,1218.26
Dorsal column nuclei,DCN,720,right,all,888,214.472,1214.32,888,214.472,1214.32
Cuneate nucleus,CU,711,left,all,1354,218.523,1247.74,1354,218.523,1247.74
Cuneate nucleus,CU,711,right,all,513,196.968,1270.25,513,196.968,1270.25
Gracile nucleus,GR,1039,left,all,293,211.554,1082.07,293,211.554,1082.07
Gracile nucleus,GR,1039,right,all,375,238.416,1137.82,375,238.416,1137.82
External cuneate nucleus,ECU,903,left,all,1583,210.107,1374.31,1583,210.107,1374.31
External cuneate nucleus,ECU,903,right,all,816,186.57,1330.07,816,186.57,1330.07
Nucleus of the trapezoid body,NTB,642,left,all,182,187.774,1091.13,182,187.774,1091.13
Nucleus of the trapezoid body,NTB,642,right,all,125,171.675,1006.5,125,171.675,1006.5
Nucleus of the solitary tract,NTS,651,left,all,1491,194.617,1246.84,1491,194.617,1246.84
Nucleus of the solitary tract,NTS,651,right,all,798,186.093,1242.38,798,186.093,1242.38
Spinal nucleus of the trigeminal/ caudal part,SPVC,429,left,all,8944,210.131,1487.32,8944,210.131,1487.32
Spinal nucleus of the trigeminal/ caudal part,SPVC,429,right,all,5700,228.26,1477.12,5700,228.26,1477.12
Spinal nucleus of the trigeminal/ interpolar part,SPVI,437,left,all,6225,255.128,1365.52,6225,255.128,1365.52
Spinal nucleus of the trigeminal/ interpolar part,SPVI,437,right,all,4208,239.671,1272.15,4208,239.671,1272.15
Spinal nucleus of the trigeminal/ oral part,SPVO,445,left,all,2603,227.01,1388.31,2603,227.01,1388.31
Spinal nucleus of the trigeminal/ oral part,SPVO,445,right,all,1481,180.042,1016.98,1481,180.042,1016.98
Paratrigeminal nucleus,Pa5,589508451,left,all,940,244.747,1251.12,940,244.747,1251.12
Paratrigeminal nucleus,Pa5,589508451,right,all,623,231.358,1442.43,623,231.358,1442.43
Medulla/ motor related,MY-mot,370,left,all,30976,206.315,1294.67,30976,206.315,1294.67
Medulla/ motor related,MY-mot,370,right,all,18672,190.957,1199.56,18672,190.957,1199.56
Abducens nucleus,VI,653,left,all,23,227.38,1393.04,23,227.38,1393.04
Abducens nucleus,VI,653,right,all,25,173.056,1308.72,25,173.056,1308.72
Facial motor nucleus,VII,661,left,all,2300,212.4,1262.72,2300,212.4,1262.72
Facial motor nucleus,VII,661,right,all,1616,182.574,1040.64,1616,182.574,1040.64
Accessory facial motor nucleus,ACVII,576,left,all,11,163.603,1390.36,11,163.603,1390.36
Accessory facial motor nucleus,ACVII,576,right,all,7,238.946,1325.43,7,238.946,1325.43
Nucleus ambiguus,AMB,135,left,all,44,163.426,1139.2,44,163.426,1139.2
Nucleus ambiguus,AMB,135,right,all,25,184.171,1043.92,25,184.171,1043.92
Nucleus ambiguus/ dorsal division,AMBd,939,left,all,27,157.195,1180.96,27,157.195,1180.96
Nucleus ambiguus/ dorsal division,AMBd,939,right,all,16,177.961,1052.75,16,177.961,1052.75
Nucleus ambiguus/ ventral division,AMBv,143,left,all,17,173.322,1072.88,17,173.322,1072.88
Nucleus ambiguus/ ventral division,AMBv,143,right,all,9,195.211,1028.22,9,195.211,1028.22
Dorsal motor nucleus of the vagus nerve,DMX,839,left,all,351,195.358,1286.97,351,195.358,1286.97
Dorsal motor nucleus of the vagus nerve,DMX,839,right,all,214,189.934,1312.77,214,189.934,1312.77
Gigantocellular reticular nucleus,GRN,1048,left,all,2471,191.461,1185.29,2471,191.461,1185.29
Gigantocellular reticular nucleus,GRN,1048,right,all,1830,191.603,1125.33,1830,191.603,1125.33
Infracerebellar nucleus,ICB,372,left,all,136,200.167,1521.08,136,200.167,1521.08
Infracerebellar nucleus,ICB,372,right,all,97,217.709,1375.8,97,217.709,1375.8
Inferior olivary complex,IO,83,left,all,513,179.177,942.148,513,179.177,942.148
Inferior olivary complex,IO,83,right,all,335,152.002,827.943,335,152.002,827.943
Intermediate reticular nucleus,IRN,136,left,all,3658,187.692,1274.62,3658,187.692,1274.62
Intermediate reticular nucleus,IRN,136,right,all,2432,183.948,1238.08,2432,183.948,1238.08
Inferior salivatory nucleus,ISN,106,left,all,8,176.478,1395.88,8,176.478,1395.88
Inferior salivatory nucleus,ISN,106,right,all,2,134.97,1182.5,2,134.97,1182.5
Linear nucleus of the medulla,LIN,203,left,all,41,185.089,1071.37,41,185.089,1071.37
Linear nucleus of the medulla,LIN,203,right,all,19,159.089,1035.84,19,159.089,1035.84
Lateral reticular nucleus,LRN,235,left,all,2787,237.654,1146.82,2787,237.654,1146.82
Lateral reticular nucleus,LRN,235,right,all,639,189.643,1003.18,639,189.643,1003.18
Lateral reticular nucleus/ magnocellular part,LRNm,955,left,all,2787,237.654,1146.82,2787,237.654,1146.82
Lateral reticular nucleus/ magnocellular part,LRNm,955,right,all,639,189.643,1003.18,639,189.643,1003.18
Lateral reticular nucleus/ parvicellular part,LRNp,963,left,all,0,0,0,0,0,0
Lateral reticular nucleus/ parvicellular part,LRNp,963,right,all,0,0,0,0,0,0
Magnocellular reticular nucleus,MARN,307,left,all,515,174.839,1005.26,515,174.839,1005.26
Magnocellular reticular nucleus,MARN,307,right,all,385,162.569,980.343,385,162.569,980.343
Medullary reticular nucleus,MDRN,395,left,all,4413,213.096,1279.04,4413,213.096,1279.04
Medullary reticular nucleus,MDRN,395,right,all,3729,204.368,1311.76,3729,204.368,1311.76
Medullary reticular nucleus/ dorsal part,MDRNd,1098,left,all,3196,212.749,1299.71,3196,212.749,1299.71
Medullary reticular nucleus/ dorsal part,MDRNd,1098,right,all,2093,208.141,1337.1,2093,208.141,1337.1
Medullary reticular nucleus/ ventral part,MDRNv,1107,left,all,1217,214.008,1224.75,1217,214.008,1224.75
Medullary reticular nucleus/ ventral part,MDRNv,1107,right,all,1636,199.542,1279.33,1636,199.542,1279.33
Parvicellular reticular nucleus,PARN,852,left,all,3540,194.142,1259.59,3540,194.142,1259.59
Parvicellular reticular nucleus,PARN,852,right,all,1873,190.032,1145.43,1873,190.032,1145.43
Parasolitary nucleus,PAS,859,left,all,37,191.323,1057.24,37,191.323,1057.24
Parasolitary nucleus,PAS,859,right,all,12,169.723,1081.17,12,169.723,1081.17
Paragigantocellular reticular nucleus,PGRN,938,left,all,1285,180.594,999.659,1285,180.594,999.659
Paragigantocellular reticular nucleus,PGRN,938,right,all,981,172.982,937.852,981,172.982,937.852
Paragigantocellular reticular nucleus/ dorsal part,PGRNd,970,left,all,136,215.387,1265.66,136,215.387,1265.66
Paragigantocellular reticular nucleus/ dorsal part,PGRNd,970,right,all,130,197.728,1192.5,130,197.728,1192.5
Paragigantocellular reticular nucleus/ lateral part,PGRNl,978,left,all,1149,176.476,968.174,1149,176.476,968.174
Paragigantocellular reticular nucleus/ lateral part,PGRNl,978,right,all,851,169.202,898.952,851,169.202,898.952
Perihypoglossal nuclei,PHY,154,left,all,213,172.713,1274.19,213,172.713,1274.19
Perihypoglossal nuclei,PHY,154,right,all,145,173.655,1192.72,145,173.655,1192.72
Nucleus of Roller,NR,177,left,all,29,185.336,1150.97,29,185.336,1150.97
Nucleus of Roller,NR,177,right,all,38,186.106,1194.16,38,186.106,1194.16
Nucleus prepositus,PRP,169,left,all,184,170.724,1293.61,184,170.724,1293.61
Nucleus prepositus,PRP,169,right,all,107,169.234,1192.21,107,169.234,1192.21
Parapyramidal nucleus,PPY,1069,left,all,66,192.922,1214.77,66,192.922,1214.77
Parapyramidal nucleus,PPY,1069,right,all,26,166.943,1017.5,26,166.943,1017.5
Vestibular nuclei,VNC,701,left,all,7976,219.24,1514.66,7976,219.24,1514.66
Vestibular nuclei,VNC,701,right,all,3832,197.507,1337.74,3832,197.507,1337.74
Lateral vestibular nucleus,LAV,209,left,all,777,255.601,1549.6,777,255.601,1549.6
Lateral vestibular nucleus,LAV,209,right,all,402,216.932,1291.39,402,216.932,1291.39
Medial vestibular nucleus,MV,202,left,all,3598,195.661,1493.03,3598,195.661,1493.03
Medial vestibular nucleus,MV,202,right,all,1746,191.579,1384.92,1746,191.579,1384.92
Spinal vestibular nucleus,SPIV,225,left,all,2177,224.84,1448.76,2177,224.84,1448.76
Spinal vestibular nucleus,SPIV,225,right,all,791,195.544,1192.03,791,195.544,1192.03
Superior vestibular nucleus,SUV,217,left,all,1424,250.415,1651,1424,250.415,1651
Superior vestibular nucleus,SUV,217,right,all,893,202.092,1395.43,893,202.092,1395.43
Nucleus x,x,765,left,all,172,199.558,1377.2,172,199.558,1377.2
Nucleus x,x,765,right,all,44,174.403,1064.95,44,174.403,1064.95
Hypoglossal nucleus,XII,773,left,all,395,191.863,1210.24,395,191.863,1210.24
Hypoglossal nucleus,XII,773,right,all,397,194.248,1250.43,397,194.248,1250.43
Nucleus y,y,781,left,all,21,200.559,1205.62,21,200.559,1205.62
Nucleus y,y,781,right,all,7,179.553,998.571,7,179.553,998.571
Medulla/ behavioral state related,MY-sat,379,left,all,316,169.427,819.392,316,169.427,819.392
Medulla/ behavioral state related,MY-sat,379,right,all,236,163.044,880.229,236,163.044,880.229
Nucleus raphe magnus,RM,206,left,all,199,176.142,874.121,199,176.142,874.121
Nucleus raphe magnus,RM,206,right,all,158,166.446,918.456,158,166.446,918.456
Nucleus raphe pallidus,RPA,230,left,all,99,157.765,698.899,99,157.765,698.899
Nucleus raphe pallidus,RPA,230,right,all,52,156.001,732.385,52,156.001,732.385
Nucleus raphe obscurus,RO,222,left,all,18,159.317,877.056,18,159.317,877.056
Nucleus raphe obscurus,RO,222,right,all,26,156.456,943.615,26,156.456,943.615
Cerebellum,CB,512,left,all,613085,241.631,1408.29,613085,241.631,1408.29
Cerebellum,CB,512,right,all,551316,247.173,1287.8,551316,247.173,1287.8
Cerebellar cortex,CBX,528,left,all,600903,242.242,1409.03,600903,242.242,1409.03
Cerebellar cortex,CBX,528,right,all,543233,247.856,1290.31,543233,247.856,1290.31
Vermal regions,VERM,645,left,all,226149,220.152,1380.41,226149,220.152,1380.41
Vermal regions,VERM,645,right,all,200631,208.52,1274.63,200631,208.52,1274.63
Lingula (I),LING,912,left,all,29,158.875,1174.52,29,158.875,1174.52
Lingula (I),LING,912,right,all,208,157.938,962.596,208,157.938,962.596
Central lobule,CENT,920,left,all,46078,203.925,1470.42,46078,203.925,1470.42
Central lobule,CENT,920,right,all,41428,196.874,1376.64,41428,196.874,1376.64
Lobule II,CENT2,976,left,all,10930,206.731,1479.76,10930,206.731,1479.76
Lobule II,CENT2,976,right,all,8922,199.062,1414.51,8922,199.062,1414.51
Lobule III,CENT3,984,left,all,35148,203.053,1467.51,35148,203.053,1467.51
Lobule III,CENT3,984,right,all,32506,196.273,1366.25,32506,196.273,1366.25
Culmen,CUL,928,left,all,86674,229.481,1455.16,86674,229.481,1455.16
Culmen,CUL,928,right,all,74707,212.34,1283.32,74707,212.34,1283.32
Lobules IV-V,CUL4/ 5,1091,left,all,86674,229.481,1455.16,86674,229.481,1455.16
Lobules IV-V,CUL4/ 5,1091,right,all,74707,212.34,1283.32,74707,212.34,1283.32
Declive (VI),DEC,936,left,all,40479,230.936,1306.51,40479,230.936,1306.51
Declive (VI),DEC,936,right,all,39556,224.025,1205.52,39556,224.025,1205.52
Folium-tuber vermis (VII),FOTU,944,left,all,16871,243.024,1393.1,16871,243.024,1393.1
Folium-tuber vermis (VII),FOTU,944,right,all,14896,224.111,1301.8,14896,224.111,1301.8
Pyramus (VIII),PYR,951,left,all,19132,213.363,1315.27,19132,213.363,1315.27
Pyramus (VIII),PYR,951,right,all,17445,196.622,1297.54,17445,196.622,1297.54
Uvula (IX),UVU,957,left,all,10597,181.971,1047.37,10597,181.971,1047.37
Uvula (IX),UVU,957,right,all,9091,179.18,1108.87,9091,179.18,1108.87
Nodulus (X),NOD,968,left,all,6289,164.961,892.617,6289,164.961,892.617
Nodulus (X),NOD,968,right,all,3300,158.884,858.061,3300,158.884,858.061
Hemispheric regions,HEM,1073,left,all,374754,255.573,1426.31,374754,255.573,1426.31
Hemispheric regions,HEM,1073,right,all,342602,270.892,1299.49,342602,270.892,1299.49
Simple lobule,SIM,1007,left,all,93644,271.285,1578.55,93644,271.285,1578.55
Simple lobule,SIM,1007,right,all,80304,255.948,1343.67,80304,255.948,1343.67
Ansiform lobule,AN,1017,left,all,144075,266.386,1422.95,144075,266.386,1422.95
Ansiform lobule,AN,1017,right,all,122128,315.494,1378.77,122128,315.494,1378.77
Crus 1,ANcr1,1056,left,all,76388,268.135,1491.13,76388,268.135,1491.13
Crus 1,ANcr1,1056,right,all,63175,287.611,1314.01,63175,287.611,1314.01
Crus 2,ANcr2,1064,left,all,67687,264.412,1346.01,67687,264.412,1346.01
Crus 2,ANcr2,1064,right,all,58953,345.373,1448.17,58953,345.373,1448.17
Paramedian lobule,PRM,1025,left,all,48607,230.218,1261.48,48607,230.218,1261.48
Paramedian lobule,PRM,1025,right,all,48033,252.763,1269.11,48033,252.763,1269.11
Copula pyramidis,COPY,1033,left,all,29287,214.516,1215.55,29287,214.516,1215.55
Copula pyramidis,COPY,1033,right,all,31620,206.268,1158.17,31620,206.268,1158.17
Paraflocculus,PFL,1041,left,all,42281,247.205,1420.47,42281,247.205,1420.47
Paraflocculus,PFL,1041,right,all,42602,266.947,1182.66,42602,266.947,1182.66
Flocculus,FL,1049,left,all,16860,241.314,1465.33,16860,241.314,1465.33
Flocculus,FL,1049,right,all,17915,205.885,1169.73,17915,205.885,1169.73
Cerebellar nuclei,CBN,519,left,all,6880,205.152,1471.2,6880,205.152,1471.2
Cerebellar nuclei,CBN,519,right,all,3521,191.921,1213,3521,191.921,1213
Fastigial nucleus,FN,989,left,all,1363,174.815,1268.29,1363,174.815,1268.29
Fastigial nucleus,FN,989,right,all,1010,170.61,1126.55,1010,170.61,1126.55
Interposed nucleus,IP,91,left,all,3282,215.164,1535.63,3282,215.164,1535.63
Interposed nucleus,IP,91,right,all,1519,197.394,1183.86,1519,197.394,1183.86
Dentate nucleus,DN,846,left,all,1971,208.113,1509.29,1971,208.113,1509.29
Dentate nucleus,DN,846,right,all,830,208.144,1329.69,830,208.144,1329.69
Vestibulocerebellar nucleus,VeCB,589508455,left,all,264,215.207,1433.49,264,215.207,1433.49
Vestibulocerebellar nucleus,VeCB,589508455,right,all,162,190.341,1427.38,162,190.341,1427.38
fiber tracts,fiber tracts,1009,left,all,254867,220.428,1317.31,254867,220.428,1317.31
fiber tracts,fiber tracts,1009,right,all,250245,226.619,1247.75,250245,226.619,1247.75
cranial nerves,cm,967,left,all,54260,312.723,1521.94,54260,312.723,1521.94
cranial nerves,cm,967,right,all,54972,371.974,1684.92,54972,371.974,1684.92
vomeronasal nerve,von,949,left,all,128,256.775,802.562,128,256.775,802.562
vomeronasal nerve,von,949,right,all,16,161.661,785.562,16,161.661,785.562
olfactory nerve,In,840,left,all,32197,370.311,1666.41,32197,370.311,1666.41
olfactory nerve,In,840,right,all,37418,447.852,1945.24,37418,447.852,1945.24
olfactory nerve layer of main olfactory bulb,onl,1016,left,all,24281,388.597,1667,24281,388.597,1667
olfactory nerve layer of main olfactory bulb,onl,1016,right,all,29674,480.959,2067.73,29674,480.959,2067.73
lateral olfactory tract/ general,lotg,21,left,all,7296,325.597,1710.16,7296,325.597,1710.16
lateral olfactory tract/ general,lotg,21,right,all,7156,332.942,1513.05,7156,332.942,1513.05
lateral olfactory tract/ body,lot,665,left,all,6739,336.123,1755.97,6739,336.123,1755.97
lateral olfactory tract/ body,lot,665,right,all,6130,355.436,1594.85,6130,355.436,1594.85
dorsal limb,lotd,538,left,all,557,198.242,1155.99,557,198.242,1155.99
dorsal limb,lotd,538,right,all,1026,198.548,1024.33,1026,198.548,1024.33
anterior commissure/ olfactory limb,aco,900,left,all,620,180.375,1128.37,620,180.375,1128.37
anterior commissure/ olfactory limb,aco,900,right,all,588,175.546,1023.22,588,175.546,1023.22
optic nerve,IIn,848,left,all,3568,203.485,1128.2,3568,203.485,1128.2
optic nerve,IIn,848,right,all,2632,185.119,1000.66,2632,185.119,1000.66
brachium of the superior colliculus,bsc,916,left,all,1274,201.634,1126.23,1274,201.634,1126.23
brachium of the superior colliculus,bsc,916,right,all,909,185.718,988.794,909,185.718,988.794
superior colliculus commissure,csc,336,left,all,29,148.279,1208.79,29,148.279,1208.79
superior colliculus commissure,csc,336,right,all,44,150.432,1232.16,44,150.432,1232.16
optic chiasm,och,117,left,all,9,158.334,1026.67,9,158.334,1026.67
optic chiasm,och,117,right,all,0,0,0,0,0,0
optic tract,opt,125,left,all,2256,205.42,1128.67,2256,205.42,1128.67
optic tract,opt,125,right,all,1679,185.704,1001.02,1679,185.704,1001.02
oculomotor nerve,IIIn,832,left,all,468,167.392,1338.9,468,167.392,1338.9
oculomotor nerve,IIIn,832,right,all,516,166.724,1336.75,516,166.724,1336.75
medial longitudinal fascicle,mlf,62,left,all,145,171.135,1282.08,145,171.135,1282.08
medial longitudinal fascicle,mlf,62,right,all,135,173.375,1362.38,135,173.375,1362.38
posterior commissure,pc,158,left,all,319,165.703,1369.07,319,165.703,1369.07
posterior commissure,pc,158,right,all,378,164.549,1331.35,378,164.549,1331.35
trochlear nerve,IVn,911,left,all,27,244.302,1465.22,27,244.302,1465.22
trochlear nerve,IVn,911,right,all,15,262.017,1397.07,15,262.017,1397.07
trigeminal nerve,Vn,901,left,all,7068,284.644,1458.16,7068,284.644,1458.16
trigeminal nerve,Vn,901,right,all,6732,251.653,1250.01,6732,251.653,1250.01
motor root of the trigeminal nerve,moV,93,left,all,100,167.24,805.4,100,167.24,805.4
motor root of the trigeminal nerve,moV,93,right,all,183,165.417,861.022,183,165.417,861.022
sensory root of the trigeminal nerve,sV,229,left,all,6968,286.329,1467.52,6968,286.329,1467.52
sensory root of the trigeminal nerve,sV,229,right,all,6549,254.063,1260.88,6549,254.063,1260.88
spinal tract of the trigeminal nerve,sptV,794,left,all,6281,288.751,1466.8,6281,288.751,1466.8
spinal tract of the trigeminal nerve,sptV,794,right,all,3451,295.314,1358.16,3451,295.314,1358.16
facial nerve,VIIn,798,left,all,62,204.042,1324.77,62,204.042,1324.77
facial nerve,VIIn,798,right,all,106,178.844,1213.55,106,178.844,1213.55
genu of the facial nerve,gVIIn,1116,left,all,18,186.009,1372.17,18,186.009,1372.17
genu of the facial nerve,gVIIn,1116,right,all,19,190.735,1273.89,19,190.735,1273.89
vestibulocochlear nerve,VIIIn,933,left,all,9594,205.821,1287.01,9594,205.821,1287.01
vestibulocochlear nerve,VIIIn,933,right,all,6062,189.135,1034.26,6062,189.135,1034.26
vestibular nerve,vVIIIn,413,left,all,476,237.109,1524.15,476,237.109,1524.15
vestibular nerve,vVIIIn,413,right,all,255,208.333,1152.95,255,208.333,1152.95
cochlear nerve,cVIIIn,948,left,all,9118,204.188,1274.63,9118,204.188,1274.63
cochlear nerve,cVIIIn,948,right,all,5807,188.292,1029.05,5807,188.292,1029.05
trapezoid body,tb,841,left,all,232,206.295,1188.37,232,206.295,1188.37
trapezoid body,tb,841,right,all,227,211.045,1116.44,227,211.045,1116.44
dorsal acoustic stria,das,506,left,all,44,261.749,1630.5,44,261.749,1630.5
dorsal acoustic stria,das,506,right,all,16,248.503,1293.69,16,248.503,1293.69
lateral lemniscus,ll,658,left,all,6359,196.872,1338.56,6359,196.872,1338.56
lateral lemniscus,ll,658,right,all,3305,177.13,1067.77,3305,177.13,1067.77
inferior colliculus commissure,cic,633,left,all,261,169.133,1391.19,261,169.133,1391.19
inferior colliculus commissure,cic,633,right,all,303,182.949,1399.63,303,182.949,1399.63
brachium of the inferior colliculus,bic,482,left,all,2222,227.883,1079.95,2222,227.883,1079.95
brachium of the inferior colliculus,bic,482,right,all,1956,204.848,893.916,1956,204.848,893.916
vagus nerve,Xn,917,left,all,24,189.257,1240.62,24,189.257,1240.62
vagus nerve,Xn,917,right,all,4,143.591,1224.5,4,143.591,1224.5
solitary tract,ts,237,left,all,24,189.257,1240.62,24,189.257,1240.62
solitary tract,ts,237,right,all,4,143.591,1224.5,4,143.591,1224.5
dorsal roots,drt,792,left,all,1124,176.054,1216.35,1124,176.054,1216.35
dorsal roots,drt,792,right,all,1471,170.249,1129.37,1471,170.249,1129.37
cervicothalamic tract,cett,932,left,all,1124,176.054,1216.35,1124,176.054,1216.35
cervicothalamic tract,cett,932,right,all,1471,170.249,1129.37,1471,170.249,1129.37
dorsal column,dc,514,left,all,97,198.315,1495.9,97,198.315,1495.9
dorsal column,dc,514,right,all,74,199.237,1354.69,74,199.237,1354.69
cuneate fascicle,cuf,380,left,all,97,198.315,1495.9,97,198.315,1495.9
cuneate fascicle,cuf,380,right,all,74,199.237,1354.69,74,199.237,1354.69
medial lemniscus,ml,697,left,all,1027,173.951,1189.95,1027,173.951,1189.95
medial lemniscus,ml,697,right,all,1397,168.713,1117.43,1397,168.713,1117.43
cerebellum related fiber tracts,cbf,960,left,all,62451,207.515,1350.83,62451,207.515,1350.83
cerebellum related fiber tracts,cbf,960,right,all,47912,190.025,1160.13,47912,190.025,1160.13
cerebellar commissure,cbc,744,left,all,301,170.862,1274.69,301,170.862,1274.69
cerebellar commissure,cbc,744,right,all,390,181.913,1250.97,390,181.913,1250.97
cerebellar peduncles,cbp,752,left,all,7970,212.283,1254.46,7970,212.283,1254.46
cerebellar peduncles,cbp,752,right,all,4729,190.11,1059.11,4729,190.11,1059.11
superior cerebelar peduncles,scp,326,left,all,2253,215.511,1424.37,2253,215.511,1424.37
superior cerebelar peduncles,scp,326,right,all,1067,191.869,1344.13,1067,191.869,1344.13
superior cerebellar peduncle decussation,dscp,812,left,all,19,153.549,1184.16,19,153.549,1184.16
superior cerebellar peduncle decussation,dscp,812,right,all,24,182.294,1199.67,24,182.294,1199.67
uncinate fascicle,uf,850,left,all,387,191.215,1381.25,387,191.215,1381.25
uncinate fascicle,uf,850,right,all,226,204.62,1283.18,226,204.62,1283.18
ventral spinocerebellar tract,sctv,866,left,all,737,250.137,1312.05,737,250.137,1312.05
ventral spinocerebellar tract,sctv,866,right,all,109,166.683,1171.2,109,166.683,1171.2
middle cerebellar peduncle,mcp,78,left,all,4119,200.462,1125.9,4119,200.462,1125.9
middle cerebellar peduncle,mcp,78,right,all,2673,191.226,1007.49,2673,191.226,1007.49
inferior cerebellar peduncle,icp,1123,left,all,1598,238.203,1346.31,1598,238.203,1346.31
inferior cerebellar peduncle,icp,1123,right,all,989,185.197,891.092,989,185.197,891.092
dorsal spinocerebellar tract,sctd,553,left,all,447,305.796,1471.27,447,305.796,1471.27
dorsal spinocerebellar tract,sctd,553,right,all,0,0,0,0,0,0
arbor vitae,arb,728,left,all,54180,207.017,1365.43,54180,207.017,1365.43
arbor vitae,arb,728,right,all,42793,190.09,1170.47,42793,190.09,1170.47
supra-callosal cerebral white matter,scwm,484682512,left,all,8875,178.934,1129.05,8875,178.934,1129.05
supra-callosal cerebral white matter,scwm,484682512,right,all,7408,174.986,1004.77,7408,174.986,1004.77
lateral forebrain bundle system,lfbs,983,left,all,91804,186.982,1229.28,91804,186.982,1229.28
lateral forebrain bundle system,lfbs,983,right,all,99225,180.761,1112.05,99225,180.761,1112.05
corpus callosum,cc,776,left,all,45603,185.267,1177.45,45603,185.267,1177.45
corpus callosum,cc,776,right,all,55117,176.744,1068.86,55117,176.744,1068.86
corpus callosum/ anterior forceps,fa,956,left,all,6324,182.969,1073.34,6324,182.969,1073.34
corpus callosum/ anterior forceps,fa,956,right,all,6206,174.207,973.669,6206,174.207,973.669
external capsule,ec,579,left,all,3795,193.445,1101.1,3795,193.445,1101.1
external capsule,ec,579,right,all,3081,183.938,937.621,3081,183.938,937.621
corpus callosum/ extreme capsule,ee,964,left,all,127,186.395,967.22,127,186.395,967.22
corpus callosum/ extreme capsule,ee,964,right,all,175,208.42,823.297,175,208.42,823.297
genu of corpus callosum,ccg,1108,left,all,3877,177.846,1216.65,3877,177.846,1216.65
genu of corpus callosum,ccg,1108,right,all,5223,169.759,1122.91,5223,169.759,1122.91
corpus callosum/ posterior forceps,fp,971,left,all,8618,175.802,1288.79,8618,175.802,1288.79
corpus callosum/ posterior forceps,fp,971,right,all,9179,169.646,1069.77,9179,169.646,1069.77
corpus callosum/ body,ccb,484682516,left,all,20029,192.62,1140.03,20029,192.62,1140.03
corpus callosum/ body,ccb,484682516,right,all,26464,179.657,1044.28,26464,179.657,1044.28
corpus callosum/ splenium,ccs,986,left,all,6628,181.867,1226.17,6628,181.867,1226.17
corpus callosum/ splenium,ccs,986,right,all,7870,181.155,1195.1,7870,181.155,1195.1
corticospinal tract,cst,784,left,all,14090,177.115,1218.65,14090,177.115,1218.65
corticospinal tract,cst,784,right,all,14134,175.168,1130.06,14134,175.168,1130.06
internal capsule,int,6,left,all,11187,177.777,1297.35,11187,177.777,1297.35
internal capsule,int,6,right,all,11265,177.171,1212.72,11265,177.171,1212.72
cerebal peduncle,cpd,924,left,all,2699,175.282,918.314,2699,175.282,918.314
cerebal peduncle,cpd,924,right,all,2745,167.972,803.762,2745,167.972,803.762
pyramid,py,190,left,all,30,185.366,777.633,30,185.366,777.633
pyramid,py,190,right,all,19,162.115,795.579,19,162.115,795.579
pyramidal decussation,pyd,198,left,all,52,168.854,832.385,52,168.854,832.385
pyramidal decussation,pyd,198,right,all,25,150.697,803.6,25,150.697,803.6
thalamus related,lfbst,896,left,all,32111,193.746,1307.56,32111,193.746,1307.56
thalamus related,lfbst,896,right,all,29974,190.785,1182.97,29974,190.785,1182.97
external medullary lamina of the thalamus,em,1092,left,all,781,189.619,1620.15,781,189.619,1620.15
external medullary lamina of the thalamus,em,1092,right,all,954,179.081,1432.19,954,179.081,1432.19
optic radiation,or,484682520,left,all,26823,196.114,1269.87,26823,196.114,1269.87
optic radiation,or,484682520,right,all,23990,193.445,1165.45,23990,193.445,1165.45
auditory radiation,ar,484682524,left,all,4507,180.373,1477.67,4507,180.373,1477.67
auditory radiation,ar,484682524,right,all,5030,180.319,1219.23,5030,180.319,1219.23
extrapyramidal fiber systems,eps,1000,left,all,1698,213.92,1258.48,1698,213.92,1258.48
extrapyramidal fiber systems,eps,1000,right,all,901,174.865,1158.55,901,174.865,1158.55
cerebral nuclei related,epsc,760,left,all,234,189.458,1513.85,234,189.458,1513.85
cerebral nuclei related,epsc,760,right,all,189,161.805,1298.17,189,161.805,1298.17
nigrostriatal tract,nst,102,left,all,234,189.458,1513.85,234,189.458,1513.85
nigrostriatal tract,nst,102,right,all,189,161.805,1298.17,189,161.805,1298.17
tectospinal pathway,tsp,877,left,all,240,178.776,1269.31,240,178.776,1269.31
tectospinal pathway,tsp,877,right,all,304,176.252,1228.89,304,176.252,1228.89
direct tectospinal pathway,tspd,1051,left,all,0,0,0,0,0,0
direct tectospinal pathway,tspd,1051,right,all,0,0,0,0,0,0
doral tegmental decussation,dtd,1060,left,all,1,229.332,1312,1,229.332,1312
doral tegmental decussation,dtd,1060,right,all,4,143.534,1239.75,4,143.534,1239.75
crossed tectospinal pathway,tspc,1043,left,all,239,178.564,1269.13,239,178.564,1269.13
crossed tectospinal pathway,tspc,1043,right,all,300,176.688,1228.75,300,176.688,1228.75
rubrospinal tract,rust,863,left,all,1224,225.488,1207.54,1224,225.488,1207.54
rubrospinal tract,rust,863,right,all,408,179.882,1041.47,408,179.882,1041.47
ventral tegmental decussation,vtd,397,left,all,16,205.487,1108.06,16,205.487,1108.06
ventral tegmental decussation,vtd,397,right,all,13,196.791,1074.23,13,196.791,1074.23
medial forebrain bundle system,mfbs,991,left,all,28870,200.261,1216.09,28870,200.261,1216.09
medial forebrain bundle system,mfbs,991,right,all,33728,196.362,1135.88,33728,196.362,1135.88
cerebrum related,mfbc,768,left,all,26652,202.692,1212.45,26652,202.692,1212.45
cerebrum related,mfbc,768,right,all,31591,197.998,1128.59,31591,197.998,1128.59
amygdalar capsule,amc,884,left,all,193,197.749,989.912,193,197.749,989.912
amygdalar capsule,amc,884,right,all,123,173.383,852.805,123,173.383,852.805
anterior commissure/ temporal limb,act,908,left,all,161,195.445,1004.14,161,195.445,1004.14
anterior commissure/ temporal limb,act,908,right,all,151,177.902,944.146,151,177.902,944.146
cingulum bundle,cing,940,left,all,2299,166.768,1119.21,2299,166.768,1119.21
cingulum bundle,cing,940,right,all,3871,164.851,1079.47,3871,164.851,1079.47
fornix system,fxs,1099,left,all,23194,206.881,1228.42,23194,206.881,1228.42
fornix system,fxs,1099,right,all,26302,203.209,1140.06,26302,203.209,1140.06
alveus,alv,466,left,all,7369,191.665,1267.49,7369,191.665,1267.49
alveus,alv,466,right,all,8888,188.27,1113.44,8888,188.27,1113.44
dorsal fornix,df,530,left,all,57,159.854,1120.16,57,159.854,1120.16
dorsal fornix,df,530,right,all,93,153.215,1062.08,93,153.215,1062.08
fimbria,fi,603,left,all,13926,217.453,1214.24,13926,217.453,1214.24
fimbria,fi,603,right,all,14916,216.762,1161.52,14916,216.762,1161.52
postcommissural fornix,fxpo,737,left,all,208,176.863,975.976,208,176.863,975.976
postcommissural fornix,fxpo,737,right,all,187,159.77,963.882,187,159.77,963.882
medial corticohypothalamic tract,mct,428,left,all,2,135.817,944.5,2,135.817,944.5
medial corticohypothalamic tract,mct,428,right,all,4,149.868,866.75,4,149.868,866.75
columns of the fornix,fx,436,left,all,206,177.262,976.282,206,177.262,976.282
columns of the fornix,fx,436,right,all,183,159.987,966.005,183,159.987,966.005
hippocampal commissures,hc,618,left,all,1634,190.861,1208.99,1634,190.861,1208.99
hippocampal commissures,hc,618,right,all,2218,177.69,1120.59,2218,177.69,1120.59
dorsal hippocampal commissure,dhc,443,left,all,1618,191.155,1211.64,1618,191.155,1211.64
dorsal hippocampal commissure,dhc,443,right,all,2196,177.925,1121.9,2196,177.925,1121.9
ventral hippocampal commissure,vhc,449,left,all,16,161.142,941.125,16,161.142,941.125
ventral hippocampal commissure,vhc,449,right,all,22,154.272,989.5,22,154.272,989.5
stria terminalis,st,301,left,all,805,187.234,1113.73,805,187.234,1113.73
stria terminalis,st,301,right,all,1144,195.652,1085.01,1144,195.652,1085.01
commissural branch of stria terminalis,stc,484682528,left,all,50,192.39,966.34,50,192.39,966.34
commissural branch of stria terminalis,stc,484682528,right,all,50,189.388,913.24,50,189.388,913.24
hypothalamus related,mfsbshy,824,left,all,2218,171.057,1259.77,2218,171.057,1259.77
hypothalamus related,mfsbshy,824,right,all,2137,172.178,1243.65,2137,172.178,1243.65
medial forebrain bundle,mfb,54,left,all,21,162.973,1044.57,21,162.973,1044.57
medial forebrain bundle,mfb,54,right,all,19,172.95,1033.58,19,172.95,1033.58
supraoptic commissures,sup,349,left,all,90,184.363,1220.48,90,184.363,1220.48
supraoptic commissures,sup,349,right,all,10,152.924,1102.2,10,152.924,1102.2
mammillary related,mfbsma,46,left,all,81,168.299,1082.95,81,168.299,1082.95
mammillary related,mfbsma,46,right,all,71,164.893,1088.41,71,164.893,1088.41
principal mammillary tract,pm,753,left,all,8,166.935,1026.38,8,166.935,1026.38
principal mammillary tract,pm,753,right,all,5,156.815,1042.2,5,156.815,1042.2
mammillothalamic tract,mtt,690,left,all,26,181.88,1094.73,26,181.88,1094.73
mammillothalamic tract,mtt,690,right,all,37,175.488,1096.35,37,175.488,1096.35
mammillotegmental tract,mtg,681,left,all,31,164.905,1176.9,31,164.905,1176.9
mammillotegmental tract,mtg,681,right,all,19,150.616,1159.42,19,150.616,1159.42
mammillary peduncle,mp,673,left,all,16,153.487,910.062,16,153.487,910.062
mammillary peduncle,mp,673,right,all,10,156.854,947.2,10,156.854,947.2
epithalamus related,mfbse,1083,left,all,2026,170.661,1270.82,2026,170.661,1270.82
epithalamus related,mfbse,1083,right,all,2037,172.519,1251.71,2037,172.519,1251.71
stria medullaris,sm,802,left,all,1169,167.161,1162.34,1169,167.161,1162.34
stria medullaris,sm,802,right,all,1240,167.722,1166.48,1240,167.722,1166.48
fasciculus retroflexus,fr,595,left,all,351,157.995,1469.16,351,157.995,1469.16
fasciculus retroflexus,fr,595,right,all,220,160.8,1397.97,220,160.8,1397.97
habenular commissure,hbc,611,left,all,506,187.532,1383.85,506,187.532,1383.85
habenular commissure,hbc,611,right,all,577,187.297,1379.11,577,187.297,1379.11
ventricular systems,VS,73,left,all,27658,210.938,1060.51,27658,210.938,1060.51
ventricular systems,VS,73,right,all,33096,202.733,958.94,33096,202.733,958.94
lateral ventricle,VL,81,left,all,22579,216.183,1059.65,22579,216.183,1059.65
lateral ventricle,VL,81,right,all,25012,209.66,960.794,25012,209.66,960.794
subependymal zone,SEZ,98,left,all,670,162.666,824.022,670,162.666,824.022
subependymal zone,SEZ,98,right,all,786,172.938,857.108,786,172.938,857.108
choroid plexus,chpl,108,left,all,7808,222.125,1084.79,7808,222.125,1084.79
choroid plexus,chpl,108,right,all,8171,201.305,945.78,8171,201.305,945.78
third ventricle,V3,129,left,all,1636,173.524,852.405,1636,173.524,852.405
third ventricle,V3,129,right,all,2274,177.257,876.743,2274,177.257,876.743
cerebral aqueduct,AQ,140,left,all,1458,189.232,992.067,1458,189.232,992.067
cerebral aqueduct,AQ,140,right,all,2002,185.972,988.914,2002,185.972,988.914
fourth ventricle,V4,145,left,all,1984,198.083,1292.16,1984,198.083,1292.16
fourth ventricle,V4,145,right,all,3807,181.262,980.012,3807,181.262,980.012
lateral recess,V4r,153,left,all,1306,205.336,1277.23,1306,205.336,1277.23
lateral recess,V4r,153,right,all,3271,182.285,918.225,3271,182.285,918.225
central canal/ spinal cord/medulla,c,164,left,all,1,143.218,1116,1,143.218,1116
central canal/ spinal cord/medulla,c,164,right,all,1,190.242,1261,1,190.242,1261
